perm_idx,trial_idx,apogee,max_velocity,flight_time
0,0,2596.3267338304345,252.35422445533467,192.0000000000094
