Mach,Alpha,CD Power-Off,CD Power-On,CL,CP
0.01,0.0,0.6450708199060082,0.6450708199060082,0.0,197.44888378920604
0.02,0.0,0.649064178522334,0.649064178522334,0.0,197.44888378920604
0.03,0.0,0.6389994969494394,0.6389994969494394,0.0,197.44888378920604
0.04,0.0,0.6289491851908833,0.6289491851908833,0.0,197.44888378920604
0.05,0.0,0.620129537708152,0.620129537708152,0.0,197.44888378920604
0.06,0.0,0.6124898136228375,0.6124898136228375,0.0,197.44888378920604
0.07,0.0,0.605828937152382,0.605828937152382,0.0,197.44888378920604
0.08,0.0,0.5999620415039398,0.5999620415039398,0.0,197.44888378920604
0.09,0.0,0.5947415251071427,0.5947415251071427,0.0,197.44888378920604
0.1,0.0,0.5900541043521138,0.5900541043521138,0.0,197.44888378920604
0.11,0.0,0.5898820934779515,0.5898820934779515,0.0,197.44888378920604
0.12,0.0,0.5897920802524569,0.5897920802524569,0.0,197.44888378920604
0.13,0.0,0.5897022472428788,0.5897022472428788,0.0,197.44888378920604
0.14,0.0,0.5896125938086286,0.5896125938086286,0.0,197.44888378920604
0.15,0.0,0.589523119312267,0.589523119312267,0.0,197.44888378920604
0.16,0.0,0.5894338231194892,0.5894338231194892,0.0,197.44888378920604
0.17,0.0,0.5893447045991027,0.5893447045991027,0.0,197.44888378920604
0.18,0.0,0.5892557631230046,0.5892557631230046,0.0,197.44888378920604
0.19,0.0,0.5891669980661762,0.5891669980661762,0.0,197.44888378920604
0.2,0.0,0.5890784088066506,0.5890784088066506,0.0,197.44888378920604
0.21,0.0,0.5889899947255028,0.5889899947255028,0.0,197.44888378920604
0.22,0.0,0.5889017552068305,0.5889017552068305,0.0,197.44888378920604
0.23,0.0,0.5888136896377343,0.5888136896377343,0.0,197.44888378920604
0.24,0.0,0.5887257974083012,0.5887257974083012,0.0,197.44888378920604
0.25,0.0,0.5886380779115871,0.5886380779115871,0.0,197.44888378920604
0.26,0.0,0.5888425876042536,0.5888425876042536,0.0,197.44888378920604
0.27,0.0,0.589047268824586,0.589047268824586,0.0,197.44888378920604
0.28,0.0,0.5892521209744411,0.5892521209744411,0.0,197.44888378920604
0.29,0.0,0.5894571434585733,0.5894571434585733,0.0,197.44888378920604
0.3,0.0,0.5896623356846211,0.5896623356846211,0.0,197.44888378920604
0.31,0.0,0.5898676740629397,0.5898676740629397,0.0,197.44888378920604
0.32,0.0,0.5900732083492342,0.5900732083492342,0.0,197.44888378920604
0.33,0.0,0.5902789062754173,0.5902789062754173,0.0,197.44888378920604
0.34,0.0,0.5904847716025473,0.5904847716025473,0.0,197.44888378920604
0.35,0.0,0.5906908037524162,0.5906908037524162,0.0,197.44888378920604
0.36,0.0,0.5908970021496021,0.5908970021496021,0.0,197.44888378920604
0.37,0.0,0.5911033432212977,0.5911033432212977,0.0,197.44888378920604
0.38,0.0,0.5913098723978879,0.5913098723978879,0.0,197.44888378920604
0.39,0.0,0.5915165661120464,0.5915165661120464,0.0,197.44888378920604
0.4,0.0,0.5917234237993154,0.5917234237993154,0.0,197.44888378920604
0.41,0.0,0.5919304448979333,0.5919304448979333,0.0,197.44888378920604
0.42,0.0,0.5921376058486756,0.5921376058486756,0.0,197.44888378920604
0.43,0.0,0.5923449520954356,0.5923449520954356,0.0,197.44888378920604
0.44,0.0,0.5925524644263739,0.5925524644263739,0.0,197.44888378920604
0.45,0.0,0.5927601336062505,0.5927601336062505,0.0,197.44888378920604
0.46,0.0,0.5929679634286376,0.5929679634286376,0.0,197.44888378920604
0.47,0.0,0.5931759533476487,0.5931759533476487,0.0,197.44888378920604
0.48,0.0,0.5933840798198444,0.5933840798198444,0.0,197.44888378920604
0.49,0.0,0.5935923883048051,0.5935923883048051,0.0,197.44888378920604
0.5,0.0,0.5938008552642278,0.5938008552642278,0.0,197.44888378920604
0.51,0.0,0.5940094801625052,0.5940094801625052,0.0,197.44888378920604
0.52,0.0,0.5942182668086247,0.5942182668086247,0.0,197.44888378920604
0.53,0.0,0.5944272016458396,0.5944272016458396,0.0,197.44888378920604
0.54,0.0,0.5946362785141972,0.5946362785141972,0.0,197.44888378920604
0.55,0.0,0.5948455255201741,0.5948455255201741,0.0,197.44888378920604
0.56,0.0,0.5950549365087782,0.5950549365087782,0.0,197.44888378920604
0.57,0.0,0.5952644979331876,0.5952644979331876,0.0,197.44888378920604
0.58,0.0,0.5954741906171264,0.5954741906171264,0.0,197.44888378920604
0.59,0.0,0.5956840600451292,0.5956840600451292,0.0,197.44888378920604
0.6,0.0,0.5958940827037054,0.5958940827037054,0.0,197.44888378920604
0.61,0.0,0.5966327477017138,0.5966327477017138,0.0,197.44888378920604
0.62,0.0,0.597352572048862,0.597352572048862,0.0,197.44888378920604
0.63,0.0,0.598072571101058,0.598072571101058,0.0,197.44888378920604
0.64,0.0,0.5987926983541916,0.5987926983541916,0.0,197.44888378920604
0.65,0.0,0.5995129763069379,0.5995129763069379,0.0,197.44888378920604
0.66,0.0,0.6002334318023728,0.6002334318023728,0.0,197.44888378920604
0.67,0.0,0.6009540326594074,0.6009540326594074,0.0,197.44888378920604
0.68,0.0,0.6016747597254483,0.6016747597254483,0.0,197.44888378920604
0.69,0.0,0.6023956585085742,0.6023956585085742,0.0,197.44888378920604
0.7,0.0,0.6031166825185563,0.6031166825185563,0.0,197.44888378920604
0.71,0.0,0.6038378816100833,0.6038378816100833,0.0,197.44888378920604
0.72,0.0,0.6045592006133199,0.6045592006133199,0.0,197.44888378920604
0.73,0.0,0.6052806850453922,0.6052806850453922,0.0,197.44888378920604
0.74,0.0,0.6060022971091826,0.6060022971091826,0.0,197.44888378920604
0.75,0.0,0.6067240593261105,0.6067240593261105,0.0,197.44888378920604
0.76,0.0,0.6074460085358212,0.6074460085358212,0.0,197.44888378920604
0.77,0.0,0.6081680566054505,0.6081680566054505,0.0,197.44888378920604
0.78,0.0,0.6088902720632817,0.6088902720632817,0.0,197.44888378920604
0.79,0.0,0.6096126084390295,0.6096126084390295,0.0,197.44888378920604
0.8,0.0,0.6103350882649984,0.6103350882649984,0.0,197.44888378920604
0.81,0.0,0.6110577340756372,0.6110577340756372,0.0,197.44888378920604
0.82,0.0,0.6117804994070791,0.6117804994070791,0.0,197.44888378920604
0.83,0.0,0.6125034297981646,0.6125034297981646,0.0,197.44888378920604
0.84,0.0,0.6132264787892447,0.6132264787892447,0.0,197.44888378920604
0.85,0.0,0.6139496919233574,0.6139496919233574,0.0,197.44888378920604
0.86,0.0,0.6146730227450277,0.6146730227450277,0.0,197.44888378920604
0.87,0.0,0.6153965211435022,0.6153965211435022,0.0,197.44888378920604
0.88,0.0,0.6161201549834535,0.6161201549834535,0.0,197.44888378920604
0.89,0.0,0.6168439051577878,0.6168439051577878,0.0,197.44888378920604
0.9,0.0,0.6175678172198221,0.6175678172198221,0.0,197.44888378920604
0.91,0.0,0.6217672783769166,0.6217672783769166,0.0,197.5532183720805
0.92,0.0,0.6343656618482011,0.6343656618482011,0.0,197.65755295495546
0.93,0.0,0.6502592288465205,0.6502592288465205,0.0,197.7618875378304
0.94,0.0,0.6631487876362319,0.6631487876362319,0.0,197.8662221207054
0.95,0.0,0.6760383464259432,0.6760383464259432,0.0,197.97055670358034
0.96,0.0,0.6889279052156545,0.6889279052156545,0.0,198.0748912864553
0.97,0.0,0.7018174640053667,0.7018174640053667,0.0,198.17922586933028
0.98,0.0,0.714707022795078,0.714707022795078,0.0,198.28356045220522
0.99,0.0,0.7275965815847895,0.7275965815847895,0.0,198.38789503508016
1.0,0.0,0.7404861403745016,0.7404861403745016,0.0,198.49222961795516
1.01,0.0,0.7533756991642131,0.7533756991642131,0.0,198.5965642008301
1.02,0.0,0.7662652579539243,0.7662652579539243,0.0,198.70089878370507
1.03,0.0,0.7791548167436357,0.7791548167436357,0.0,198.80523336658004
1.04,0.0,0.792044375533348,0.792044375533348,0.0,198.90956794945498
1.05,0.0,0.8049339343230594,0.8049339343230594,0.0,199.01390253232972
1.06,0.0,0.8028830050142461,0.8028830050142461,0.0,199.25144751051954
1.07,0.0,0.8008570498281258,0.8008570498281258,0.0,199.47044550541202
1.08,0.0,0.7988553460131267,0.7988553460131267,0.0,199.67482406271463
1.09,0.0,0.7968772133038806,0.7968772133038806,0.0,199.86734338895582
1.1,0.0,0.7949219938526645,0.7949219938526645,0.0,200.04998015675514
1.11,0.0,0.7929890521667635,0.7929890521667635,0.0,200.22432592107575
1.12,0.0,0.791077745051403,0.791077745051403,0.0,200.39135590997944
1.13,0.0,0.789187501557965,0.789187501557965,0.0,200.55210401467943
1.14,0.0,0.7873177429371165,0.7873177429371165,0.0,200.70732908046296
1.15,0.0,0.7854678925966112,0.7854678925966112,0.0,200.857563337627
1.16,0.0,0.7827458253103087,0.7827458253103087,0.0,201.00343334714918
1.17,0.0,0.7800137194192782,0.7800137194192782,0.0,201.1452318767924
1.18,0.0,0.7773037446189336,0.7773037446189336,0.0,201.16454095530227
1.19,0.0,0.7745093298635675,0.7745093298635675,0.0,201.07422792037278
1.2,0.0,0.7714595447440603,0.7714595447440603,0.0,200.98549206716112
1.21,0.0,0.768433894002687,0.768433894002687,0.0,200.89816226909426
1.22,0.0,0.7654320197349576,0.7654320197349576,0.0,200.81216646033357
1.23,0.0,0.7624661079825279,0.7624661079825279,0.0,200.7274021882102
1.24,0.0,0.7595338223036887,0.7595338223036887,0.0,200.64370026151934
1.25,0.0,0.7566311200376946,0.7566311200376946,0.0,200.56103492351403
1.26,0.0,0.7537562869790198,0.7537562869790198,0.0,200.47938075746492
1.27,0.0,0.7509083364991331,0.7509083364991331,0.0,200.3985521101316
1.28,0.0,0.7480864201609123,0.7480864201609123,0.0,200.31860199111117
1.29,0.0,0.7452898504587927,0.7452898504587927,0.0,200.2393919234441
1.3,0.0,0.7425178112265254,0.7425178112265254,0.0,200.16094528648892
1.31,0.0,0.739770081094185,0.739770081094185,0.0,200.0831417049199
1.32,0.0,0.7370458278295599,0.7370458278295599,0.0,200.00599718778358
1.33,0.0,0.7343448084341058,0.7343448084341058,0.0,199.9294769997635
1.34,0.0,0.7316663925358149,0.7316663925358149,0.0,199.85351923499485
1.35,0.0,0.7290103677966315,0.7290103677966315,0.0,199.77807376481647
1.36,0.0,0.7263761366092335,0.7263761366092335,0.0,199.70311729611169
1.37,0.0,0.7237634436564546,0.7237634436564546,0.0,199.6286341069742
1.38,0.0,0.7211719240640236,0.7211719240640236,0.0,199.55466514613678
1.39,0.0,0.7186012419753576,0.7186012419753576,0.0,199.48105903793552
1.4,0.0,0.7160509794325298,0.7160509794325298,0.0,199.407896875917
1.41,0.0,0.7135208154847694,0.7135208154847694,0.0,199.33506161771928
1.42,0.0,0.7110104354683296,0.7110104354683296,0.0,199.2626296565127
1.43,0.0,0.7085196704182338,0.7085196704182338,0.0,199.1905289476148
1.44,0.0,0.7060481265821174,0.7060481265821174,0.0,199.07236408448279
1.45,0.0,0.7035955250153071,0.7035955250153071,0.0,198.93703672846888
1.46,0.0,0.7011616012398252,0.7011616012398252,0.0,198.80242070236278
1.47,0.0,0.6987460049550842,0.6987460049550842,0.0,198.66844420810642
1.48,0.0,0.6963486697909739,0.6963486697909739,0.0,198.5351120444736
1.49,0.0,0.693969173094299,0.693969173094299,0.0,198.40231129459127
1.5,0.0,0.6916072757446035,0.6916072757446035,0.0,198.27009350617774
1.51,0.0,0.6892628319928146,0.6892628319928146,0.0,198.13846599467362
1.52,0.0,0.6869355493192499,0.6869355493192499,0.0,198.00734097352824
1.53,0.0,0.6846252783085967,0.6846252783085967,0.0,197.87672532335876
1.54,0.0,0.6823316325378972,0.6823316325378972,0.0,197.74656412064962
1.55,0.0,0.6800545984772226,0.6800545984772226,0.0,197.61684941131676
1.56,0.0,0.67779377539894,0.67779377539894,0.0,197.48761410607264
1.57,0.0,0.6755491652967786,0.6755491652967786,0.0,197.35881065518817
1.58,0.0,0.6733203928107045,0.6733203928107045,0.0,197.23040067980094
1.59,0.0,0.6711073651592271,0.6711073651592271,0.0,197.10235379177658
1.6,0.0,0.6689098120759805,0.6689098120759805,0.0,196.97469930996806
1.61,0.0,0.6667276557515811,0.6667276557515811,0.0,196.84743541474543
1.62,0.0,0.6645606207787327,0.6645606207787327,0.0,196.72052581275116
1.63,0.0,0.6624086441013705,0.6624086441013705,0.0,196.59389457975502
1.64,0.0,0.6602713749659617,0.6602713749659617,0.0,196.46763423437358
1.65,0.0,0.6581488448763241,0.6581488448763241,0.0,196.3416792302784
1.66,0.0,0.6560408075494509,0.6560408075494509,0.0,196.21602395302855
1.67,0.0,0.6539470188740636,0.6539470188740636,0.0,196.090673871031
1.68,0.0,0.6518675368707928,0.6518675368707928,0.0,195.9655934652749
1.69,0.0,0.6498020116529413,0.6498020116529413,0.0,195.8407617270935
1.7,0.0,0.647750405389669,0.647750405389669,0.0,195.71618279079638
1.71,0.0,0.6457125022692156,0.6457125022692156,0.0,195.5919010398126
1.72,0.0,0.643688148463757,0.643688148463757,0.0,195.4677635690893
1.73,0.0,0.6416773420948152,0.6416773420948152,0.0,195.3439459466365
1.74,0.0,0.6396798431991133,0.6396798431991133,0.0,195.220305197599
1.75,0.0,0.6376956436956774,0.6376956436956774,0.0,195.09687082497604
1.76,0.0,0.6357244273526937,0.6357244273526937,0.0,194.97367247855067
1.77,0.0,0.6337661697558118,0.6337661697558118,0.0,194.85070048168373
1.78,0.0,0.6318207682760121,0.6318207682760121,0.0,194.72784779926442
1.79,0.0,0.6298881120383,0.6298881120383,0.0,194.60521904101577
1.8,0.0,0.6279680118905626,0.6279680118905626,0.0,194.48277817109087
1.81,0.0,0.6260604403730902,0.6260604403730902,0.0,194.36045123660668
1.82,0.0,0.6241653316878731,0.6241653316878731,0.0,194.23830916306832
1.83,0.0,0.6222824616684279,0.6222824616684279,0.0,194.1163324936308
1.84,0.0,0.6203287739711081,0.6203287739711081,0.0,193.99589527729603
1.85,0.0,0.6181490100085274,0.6181490100085274,0.0,193.87776013145705
1.86,0.0,0.6159785161953587,0.6159785161953587,0.0,193.75695373895687
1.87,0.0,0.6138171665963224,0.6138171665963224,0.0,193.6336658104149
1.88,0.0,0.6116648371390916,0.6116648371390916,0.0,193.50784374357804
1.89,0.0,0.6095213755871819,0.6095213755871819,0.0,193.37958361484857
1.9,0.0,0.607386673945255,0.607386673945255,0.0,193.2489823147856
1.91,0.0,0.6052605252577754,0.6052605252577754,0.0,193.11594921315205
1.92,0.0,0.6031428848130937,0.6031428848130937,0.0,192.98066166570155
1.93,0.0,0.6010335512427969,0.6010335512427969,0.0,192.843143780869
1.94,0.0,0.5989324246534787,0.5989324246534787,0.0,192.70346497223684
1.95,0.0,0.5968394766088884,0.5968394766088884,0.0,192.56166789117887
1.96,0.0,0.594754411786912,0.594754411786912,0.0,192.41780412976897
1.97,0.0,0.5926773361928717,0.5926773361928717,0.0,192.27190742409024
1.98,0.0,0.5906080282308095,0.5906080282308095,0.0,192.12409697027422
1.99,0.0,0.5885463070054276,0.5885463070054276,0.0,191.97434768005215
2.0,0.0,0.586492175519153,0.586492175519153,0.0,191.8227650922641
2.01,0.0,0.5846786459418405,0.5846786459418405,0.0,191.66937395526503
2.02,0.0,0.5828637812290806,0.5828637812290806,0.0,191.5142674301507
2.03,0.0,0.5810598118314771,0.5810598118314771,0.0,191.3574616069969
2.04,0.0,0.5792665198609587,0.5792665198609587,0.0,191.1990082893277
2.05,0.0,0.5774837691635046,0.5774837691635046,0.0,191.03896181694282
2.06,0.0,0.5757114287183948,0.5757114287183948,0.0,190.87730172912612
2.07,0.0,0.5739494894952598,0.5739494894952598,0.0,190.71418415204187
2.08,0.0,0.572197625358464,0.572197625358464,0.0,190.5496575464517
2.09,0.0,0.5704559124881438,0.5704559124881438,0.0,190.38368824283089
2.1,0.0,0.5687240516325757,0.5687240516325757,0.0,190.21634732480388
2.11,0.0,0.567001924215014,0.567001924215014,0.0,190.04763615239904
2.12,0.0,0.5652896346242968,0.5652896346242968,0.0,189.87772594831227
2.13,0.0,0.5635868805427222,0.5635868805427222,0.0,189.70646776795712
2.14,0.0,0.5618935414739424,0.5618935414739424,0.0,189.53414261767423
2.15,0.0,0.5602095382477079,0.5602095382477079,0.0,189.3605774291818
2.16,0.0,0.5585348747230687,0.5585348747230687,0.0,189.18587831291484
2.17,0.0,0.5568692572296279,0.5568692572296279,0.0,189.01007711106035
2.18,0.0,0.5552127836222371,0.5552127836222371,0.0,188.83320223179683
2.19,0.0,0.5535652832336215,0.5535652832336215,0.0,188.65538586075007
2.2,0.0,0.5519265580694527,0.5519265580694527,0.0,188.47657420727495
2.21,0.0,0.5502966210588367,0.5502966210588367,0.0,188.29675257065142
2.22,0.0,0.5486754072490593,0.5486754072490593,0.0,188.11605778123337
2.23,0.0,0.547062723720084,0.547062723720084,0.0,187.93445130938812
2.24,0.0,0.5454585887124619,0.5454585887124619,0.0,187.75199471599183
2.25,0.0,0.5438628523736272,0.5438628523736272,0.0,187.5686746504729
2.26,0.0,0.5422754055216167,0.5422754055216167,0.0,187.38458577338295
2.27,0.0,0.5406962007812384,0.5406962007812384,0.0,187.19967232065773
2.28,0.0,0.5391252528892192,0.5391252528892192,0.0,187.0140947447834
2.29,0.0,0.5375623071070345,0.5375623071070345,0.0,186.82777958818585
2.3,0.0,0.536007389214816,0.536007389214816,0.0,186.64073059650534
2.31,0.0,0.5344604284331712,0.5344604284331712,0.0,186.45304723914256
2.32,0.0,0.5329213629138728,0.5329213629138728,0.0,186.2647491217825
2.33,0.0,0.5313900333981019,0.5313900333981019,0.0,186.07578647055112
2.34,0.0,0.529866380970508,0.529866380970508,0.0,185.88624819445573
2.35,0.0,0.5283504284612964,0.5283504284612964,0.0,185.69611975879982
2.36,0.0,0.5268421382864983,0.5268421382864983,0.0,185.50550467556155
2.37,0.0,0.5253412345460964,0.5253412345460964,0.0,185.3143019783923
2.38,0.0,0.5238477743136392,0.5238477743136392,0.0,185.12263297289746
2.39,0.0,0.522361791433067,0.522361791433067,0.0,184.93044438634539
2.4,0.0,0.5208830346964767,0.5208830346964767,0.0,184.7378023063165
2.41,0.0,0.5194115510046429,0.5194115510046429,0.0,184.54468239919612
2.42,0.0,0.5179472893928759,0.5179472893928759,0.0,184.35116304471632
2.43,0.0,0.5164901089929301,0.5164901089929301,0.0,184.15724089394692
2.44,0.0,0.5150400303188768,0.5150400303188768,0.0,183.96287648180711
2.45,0.0,0.513597023937797,0.513597023937797,0.0,183.76820781423197
2.46,0.0,0.5121608511028345,0.5121608511028345,0.0,183.57316381993408
2.47,0.0,0.5107316343498772,0.5107316343498772,0.0,183.3777322803531
2.48,0.0,0.5093092568251213,0.5093092568251213,0.0,183.18199585927937
2.49,0.0,0.5078936510405654,0.5078936510405654,0.0,182.9860090786123
2.5,0.0,0.5064847719332297,0.5064847719332297,0.0,182.78965963358644
2.51,0.0,0.5050825937601678,0.5050825937601678,0.0,182.59302509765192
2.52,0.0,0.5036869513212674,0.5036869513212674,0.0,182.39616848356656
2.53,0.0,0.5022979105260902,0.5022979105260902,0.0,182.1990548571367
2.54,0.0,0.5009154277632571,0.5009154277632571,0.0,182.0016601954273
2.55,0.0,0.4995393687272561,0.4995393687272561,0.0,181.80409894847438
2.56,0.0,0.4981696713120718,0.4981696713120718,0.0,181.60625130234538
2.57,0.0,0.49680642268080266,0.49680642268080266,0.0,181.40827919937811
2.58,0.0,0.4954494604233633,0.4954494604233633,0.0,181.21011106461023
2.59,0.0,0.49409874365202794,0.49409874365202794,0.0,181.01177227568996
2.6,0.0,0.492754150178174,0.492754150178174,0.0,180.81321848272523
2.61,0.0,0.49141582985003773,0.49141582985003773,0.0,180.61455037350217
2.62,0.0,0.49008364175566127,0.49008364175566127,0.0,180.41576712871742
2.63,0.0,0.4887574553308921,0.4887574553308921,0.0,180.2168652959751
2.64,0.0,0.48743733140892676,0.48743733140892676,0.0,180.017810561276
2.65,0.0,0.4861231395231351,0.4861231395231351,0.0,179.81858964609444
2.66,0.0,0.4848148205774419,0.4848148205774419,0.0,179.61936701175506
2.67,0.0,0.48351246626917876,0.48351246626917876,0.0,179.41999972265765
2.68,0.0,0.4822159270001506,0.4822159270001506,0.0,179.2206028330379
2.69,0.0,0.48092526498753646,0.48092526498753646,0.0,179.02108525663135
2.7,0.0,0.47964025115689063,0.47964025115689063,0.0,178.82151112929307
2.71,0.0,0.4783609482002588,0.4783609482002588,0.0,178.6219435664717
2.72,0.0,0.47708731801941406,0.47708731801941406,0.0,178.42232582192634
2.73,0.0,0.4758193337268581,0.4758193337268581,0.0,178.2226145995028
2.74,0.0,0.4745568666667123,0.4745568666667123,0.0,178.02292796434224
2.75,0.0,0.4732999708426969,0.4732999708426969,0.0,177.82321379800834
2.76,0.0,0.4720485189680759,0.4720485189680759,0.0,177.62343856278227
2.77,0.0,0.4708025744216238,0.4708025744216238,0.0,177.42371863425564
2.78,0.0,0.469561910275069,0.469561910275069,0.0,177.22400405196967
2.79,0.0,0.46832669024130597,0.46832669024130597,0.0,177.02431020108784
2.8,0.0,0.46709678818242956,0.46709678818242956,0.0,176.82460057063827
2.81,0.0,0.46587216764236455,0.46587216764236455,0.0,176.62493036430115
2.82,0.0,0.46465280277189863,0.46465280277189863,0.0,176.42530995953186
2.83,0.0,0.4634386478500512,0.4634386478500512,0.0,176.2256849617525
2.84,0.0,0.46222958727755786,0.46222958727755786,0.0,176.02614503356793
2.85,0.0,0.46102568512512077,0.46102568512512077,0.0,175.82665417212974
2.86,0.0,0.4598268064716412,0.4598268064716412,0.0,175.6271789935393
2.87,0.0,0.458632975169527,0.458632975169527,0.0,175.4278378229648
2.88,0.0,0.45744415606787375,0.45744415606787375,0.0,175.22853532996413
2.89,0.0,0.45626028454031076,0.45626028454031076,0.0,175.02933506487432
2.9,0.0,0.45508132517760247,0.45508132517760247,0.0,174.8301569120429
2.91,0.0,0.453907263092021,0.453907263092021,0.0,174.6311097106931
2.92,0.0,0.4527380130520739,0.4527380130520739,0.0,174.43213543034193
2.93,0.0,0.4515735703316041,0.4515735703316041,0.0,174.23325434420877
2.94,0.0,0.4504138906889905,0.4504138906889905,0.0,174.03451937196706
2.95,0.0,0.4492589186982375,0.4492589186982375,0.0,173.8358921535253
2.96,0.0,0.44810864065624456,0.44810864065624456,0.0,173.6373773007647
2.97,0.0,0.4469630008622134,0.4469630008622134,0.0,173.43889942923857
2.98,0.0,0.44582196572079097,0.44582196572079097,0.0,173.240609546038
2.99,0.0,0.4446855000626546,0.4446855000626546,0.0,173.0424401246824
3.0,0.0,0.4435535603770976,0.4435535603770976,0.0,172.84435644363694
3.01,0.0,0.4425578164841196,0.4425578164841196,0.0,172.64648405884404
3.02,0.0,0.4415902909160069,0.4415902909160069,0.0,172.44868574037662
3.03,0.0,0.44062609189709806,0.44062609189709806,0.0,172.2510723915376
3.04,0.0,0.4396651980240535,0.4396651980240535,0.0,172.05359336490903
3.05,0.0,0.4387076265809492,0.4387076265809492,0.0,171.8562854030968
3.06,0.0,0.4377533354805647,0.4377533354805647,0.0,171.65906608843707
3.07,0.0,0.43680235286015195,0.43680235286015195,0.0,171.46210137325528
3.08,0.0,0.4358546559461167,0.4358546559461167,0.0,171.26525684820083
3.09,0.0,0.4349102521967188,0.4349102521967188,0.0,171.06853014486066
3.1,0.0,0.4339691189205412,0.4339691189205412,0.0,170.87198056905837
3.11,0.0,0.433031262911386,0.433031262911386,0.0,170.67567532367673
3.12,0.0,0.4320966715529459,0.4320966715529459,0.0,170.47948155267198
3.13,0.0,0.43116535134993694,0.43116535134993694,0.0,170.28353194674202
3.14,0.0,0.43023727938861106,0.43023727938861106,0.0,170.08768385265452
3.15,0.0,0.4293124615329629,0.4293124615329629,0.0,169.8920598414167
3.16,0.0,0.4283908642304778,0.4283908642304778,0.0,169.69658193664677
3.17,0.0,0.4274725144880839,0.4274725144880839,0.0,169.50136720391836
3.18,0.0,0.4265573977580701,0.4265573977580701,0.0,169.30630215097875
3.19,0.0,0.4256455000644386,0.4256455000644386,0.0,169.11142363299183
3.2,0.0,0.4247368172924119,0.4247368172924119,0.0,168.91681757853158
3.21,0.0,0.4238313551896566,0.4238313551896566,0.0,168.72231191087937
3.22,0.0,0.42292906936747615,0.42292906936747615,0.0,168.52806845763124
3.23,0.0,0.4220299949655646,0.4220299949655646,0.0,168.334066411131
3.24,0.0,0.4211340976676342,0.4211340976676342,0.0,168.14021940230998
3.25,0.0,0.42024138235159464,0.42024138235159464,0.0,167.94655023473337
3.26,0.0,0.4193518344327844,0.4193518344327844,0.0,167.75314724667882
3.27,0.0,0.4184654582048649,0.4184654582048649,0.0,167.559984501278
3.28,0.0,0.41758223915210474,0.41758223915210474,0.0,167.3669591811587
3.29,0.0,0.4167021613210262,0.4167021613210262,0.0,167.17420499697783
3.3,0.0,0.4158252392916049,0.4158252392916049,0.0,166.98165943555094
3.31,0.0,0.41495144815684926,0.41495144815684926,0.0,166.7893865175123
3.32,0.0,0.4140807712853481,0.4140807712853481,0.0,166.59728392130515
3.33,0.0,0.41321321352255835,0.41321321352255835,0.0,166.40541979417623
3.34,0.0,0.41234877863852404,0.41234877863852404,0.0,166.21379778842766
3.35,0.0,0.4114874306028165,0.4114874306028165,0.0,166.02237736426878
3.36,0.0,0.41062918326699693,0.41062918326699693,0.0,165.83123766599772
3.37,0.0,0.40977402005936653,0.40977402005936653,0.0,165.64030103799064
3.38,0.0,0.40892193491006806,0.40892193491006806,0.0,165.44960895256287
3.39,0.0,0.40807291102205034,0.40807291102205034,0.0,165.25916467512855
3.4,0.0,0.4072269520948678,0.4072269520948678,0.0,165.0689140778957
3.41,0.0,0.4063840511115144,0.4063840511115144,0.0,164.8789668535506
3.42,0.0,0.40554418124959984,0.40554418124959984,0.0,164.68927750780827
3.43,0.0,0.4047073458731179,0.4047073458731179,0.0,164.49982201379407
3.44,0.0,0.4038735473520501,0.4038735473520501,0.0,164.31058860982552
3.45,0.0,0.40304273854786193,0.40304273854786193,0.0,164.12154163081397
3.46,0.0,0.4022149527962491,0.4022149527962491,0.0,163.93282712078408
3.47,0.0,0.4013901721646481,0.4013901721646481,0.0,163.74439268814422
3.48,0.0,0.40056836920473904,0.40056836920473904,0.0,163.55610448154113
3.49,0.0,0.3997495466515918,0.3997495466515918,0.0,163.3681254070285
3.5,0.0,0.39893368656942924,0.39893368656942924,0.0,163.1804263437806
3.51,0.0,0.3981208012121086,0.3981208012121086,0.0,162.99295185320412
3.52,0.0,0.39731086273682326,0.39731086273682326,0.0,162.80576553975368
3.53,0.0,0.3965038632054479,0.3965038632054479,0.0,162.61876035525756
3.54,0.0,0.39569979458580146,0.39569979458580146,0.0,162.43212732928185
3.55,0.0,0.3948986484793495,0.3948986484793495,0.0,162.24565572382699
3.56,0.0,0.39410041694674713,0.39410041694674713,0.0,162.05948516781208
3.57,0.0,0.3933050816814638,0.3933050816814638,0.0,161.886223782008
3.58,0.0,0.39251265401938823,0.39251265401938823,0.0,161.71989977914737
3.59,0.0,0.391723095482331,0.391723095482331,0.0,161.55388513658698
3.6,0.0,0.3909364177712063,0.3909364177712063,0.0,161.38815609725336
3.61,0.0,0.3901525919675253,0.3901525919675253,0.0,161.2228085374042
3.62,0.0,0.3893716290752661,0.3893716290752661,0.0,161.0577808603265
3.63,0.0,0.38859350080421734,0.38859350080421734,0.0,160.89303415253585
3.64,0.0,0.38781821799256333,0.38781821799256333,0.0,160.72866442102733
3.65,0.0,0.38704574140441916,0.38704574140441916,0.0,160.56455988429494
3.66,0.0,0.38627607224323807,0.38627607224323807,0.0,160.40080554970885
3.67,0.0,0.38550922137383753,0.38550922137383753,0.0,160.23737186959576
3.68,0.0,0.384745159331156,0.384745159331156,0.0,160.0742535446188
3.69,0.0,0.383983877083897,0.383983877083897,0.0,159.91146286010775
3.7,0.0,0.3832253650200518,0.3832253650200518,0.0,159.74902088119745
3.71,0.0,0.3824695937089526,0.3824695937089526,0.0,159.58689887611297
3.72,0.0,0.38171660389516904,0.38171660389516904,0.0,159.4251208349214
3.73,0.0,0.38096631550879867,0.38096631550879867,0.0,159.26361930027036
3.74,0.0,0.38021877939946574,0.38021877939946574,0.0,159.10244909479476
3.75,0.0,0.37947395560743946,0.37947395560743946,0.0,158.94166345031718
3.76,0.0,0.378731834110976,0.378731834110976,0.0,158.78117038844292
3.77,0.0,0.3779924053079091,0.3779924053079091,0.0,158.62100829746254
3.78,0.0,0.3772556595250575,0.3772556595250575,0.0,158.4611769324867
3.79,0.0,0.37652158606900316,0.37652158606900316,0.0,158.3016748354434
3.8,0.0,0.3757901756166962,0.3757901756166962,0.0,158.14251622549665
3.81,0.0,0.3750614173571113,0.3750614173571113,0.0,157.9836732347416
3.82,0.0,0.374335291835478,0.374335291835478,0.0,157.82518959857853
3.83,0.0,0.37361179812719536,0.37361179812719536,0.0,157.66703561277794
3.84,0.0,0.3728909264190379,0.3728909264190379,0.0,157.50915642354082
3.85,0.0,0.3721726561400133,0.3721726561400133,0.0,157.35166196132764
3.86,0.0,0.37145697712387826,0.37145697712387826,0.0,157.1944804352011
3.87,0.0,0.3707438784614759,0.3707438784614759,0.0,157.0376375713428
3.88,0.0,0.37003336010213284,0.37003336010213284,0.0,156.88115629733318
3.89,0.0,0.3693253910320448,0.3693253910320448,0.0,156.72497017388545
3.9,0.0,0.36861998086427117,0.36861998086427117,0.0,156.56911915405942
3.91,0.0,0.36791709893220276,0.36791709893220276,0.0,156.41360213196867
3.92,0.0,0.3672167445176862,0.3672167445176862,0.0,156.25842233607884
3.93,0.0,0.3665189068519335,0.3665189068519335,0.0,156.10358451527046
3.94,0.0,0.36582357489780487,0.36582357489780487,0.0,155.94909040161016
3.95,0.0,0.3651307280089538,0.3651307280089538,0.0,155.79489629829203
3.96,0.0,0.36444036505380817,0.36444036505380817,0.0,155.64105779495333
3.97,0.0,0.36375246528858346,0.36375246528858346,0.0,155.48751627760663
3.98,0.0,0.3630670174907396,0.3630670174907396,0.0,155.33437888734375
3.99,0.0,0.3623840208225825,0.3623840208225825,0.0,155.18154592129713
4.0,0.0,0.3617034537622789,0.3617034537622789,0.0,155.0290052879381
4.01,0.0,0.3610253055955834,0.3610253055955834,0.0,154.8768742215714
4.02,0.0,0.36034956513746835,0.36034956513746835,0.0,154.72503949853146
4.03,0.0,0.3596762107442137,0.3596762107442137,0.0,154.57353007045353
4.04,0.0,0.3590052513613872,0.3590052513613872,0.0,154.42235046563326
4.05,0.0,0.35833666588966073,0.35833666588966073,0.0,154.27152825123255
4.06,0.0,0.3576704425704588,0.3576704425704588,0.0,154.1210354486236
4.07,0.0,0.35700656022691757,0.35700656022691757,0.0,153.9708820340539
4.08,0.0,0.3563450074367791,0.3563450074367791,0.0,153.82101840051286
4.09,0.0,0.3556857927403667,0.3556857927403667,0.0,153.67154948160035
4.1,0.0,0.3550288744404939,0.3550288744404939,0.0,153.5223943033732
4.11,0.0,0.35437427120782294,0.35437427120782294,0.0,153.37354826470298
4.12,0.0,0.3537219514748372,0.3537219514748372,0.0,153.22507942501252
4.13,0.0,0.35307191344179945,0.35307191344179945,0.0,153.07689985861361
4.14,0.0,0.3524241256727028,0.3524241256727028,0.0,152.92910927592672
4.15,0.0,0.35177860630294766,0.35177860630294766,0.0,152.78160501387325
4.16,0.0,0.3511353040236647,0.3511353040236647,0.0,152.6344630238353
4.17,0.0,0.35049423632387755,0.35049423632387755,0.0,152.48761138518495
4.18,0.0,0.34985539221938766,0.34985539221938766,0.0,152.34113393613703
4.19,0.0,0.3492187395291259,0.3492187395291259,0.0,152.19498896736533
4.2,0.0,0.34858428643172606,0.34858428643172606,0.0,152.0491615485572
4.21,0.0,0.3479520010766373,0.3479520010766373,0.0,151.9036853828411
4.22,0.0,0.34732188158479194,0.34732188158479194,0.0,151.75852554260416
4.23,0.0,0.3466939160492319,0.3466939160492319,0.0,151.61370094662098
4.24,0.0,0.3460681025356925,0.3460681025356925,0.0,151.4691828371844
4.25,0.0,0.34544440945543176,0.34544440945543176,0.0,151.32504273178662
4.26,0.0,0.34482282407519216,0.34482282407519216,0.0,151.18123034247245
4.27,0.0,0.34420334475652137,0.34420334475652137,0.0,151.03773217121784
4.28,0.0,0.34358595946197845,0.34358595946197845,0.0,150.89457348225224
4.29,0.0,0.3429706461297949,0.3429706461297949,0.0,150.75171301745254
4.3,0.0,0.34235741267441683,0.34235741267441683,0.0,150.60922417248057
4.31,0.0,0.34174621662572635,0.34174621662572635,0.0,150.46706329455307
4.32,0.0,0.3411370765766948,0.3411370765766948,0.0,150.32521827065378
4.33,0.0,0.3405299496528109,0.3405299496528109,0.0,150.18369363157333
4.34,0.0,0.33992483439621485,0.33992483439621485,0.0,150.04252020858942
4.35,0.0,0.3393217378967506,0.3393217378967506,0.0,149.90168932441068
4.36,0.0,0.33872061794269054,0.33872061794269054,0.0,149.7611878891054
4.37,0.0,0.33812149300404,0.33812149300404,0.0,149.6210022483577
4.38,0.0,0.33752432012072614,0.33752432012072614,0.0,149.48109635423674
4.39,0.0,0.33692910736976395,0.33692910736976395,0.0,149.3415702557777
4.4,0.0,0.3363358321110774,0.3363358321110774,0.0,149.20238504436634
4.41,0.0,0.33574448272581736,0.33574448272581736,0.0,149.0635188068561
4.42,0.0,0.33515503619390563,0.33515503619390563,0.0,148.92497923027895
4.43,0.0,0.334567510173168,0.334567510173168,0.0,148.78674021689724
4.44,0.0,0.3339818726439777,0.3339818726439777,0.0,148.64885699786203
4.45,0.0,0.33339810122622554,0.33339810122622554,0.0,148.51126543777434
4.46,0.0,0.33281619318782674,0.33281619318782674,0.0,148.3740551249912
4.47,0.0,0.3322361364567998,0.3322361364567998,0.0,148.2371027981186
4.48,0.0,0.331657928606869,0.331657928606869,0.0,148.1005486410042
4.49,0.0,0.33108154686577057,0.33108154686577057,0.0,147.96427604998237
4.5,0.0,0.33050696878323077,0.33050696878323077,0.0,147.8283239460539
4.51,0.0,0.3299341922235751,0.3299341922235751,0.0,147.69274413892688
4.52,0.0,0.3293632043779999,0.3293632043779999,0.0,147.55744395733416
4.53,0.0,0.32879399308150026,0.32879399308150026,0.0,147.42247637665685
4.54,0.0,0.32822654550283986,0.32822654550283986,0.0,147.2878454855846
4.55,0.0,0.327660849449291,0.327660849449291,0.0,147.153509352081
4.56,0.0,0.3270968820687145,0.3270968820687145,0.0,147.0195299306772
4.57,0.0,0.3265346508228534,0.3265346508228534,0.0,146.8858621691923
4.58,0.0,0.3259741134802785,0.3259741134802785,0.0,146.75249055881707
4.59,0.0,0.32541528716016155,0.32541528716016155,0.0,146.61948791867658
4.6,0.0,0.3248581496071666,0.3248581496071666,0.0,146.48678870628964
4.61,0.0,0.32430267792306555,0.32430267792306555,0.0,146.35438537638436
4.62,0.0,0.32374885951789795,0.32374885951789795,0.0,146.2223151509228
4.63,0.0,0.32319670179237914,0.32319670179237914,0.0,146.09057041689923
4.64,0.0,0.3226461724475856,0.3226461724475856,0.0,145.95911839130792
4.65,0.0,0.32209725855444316,0.32209725855444316,0.0,145.82803817242558
4.66,0.0,0.3215499674877507,0.3215499674877507,0.0,145.6972721798918
4.67,0.0,0.3210042666142541,0.3210042666142541,0.0,145.566791052445
4.68,0.0,0.320460153596824,0.320460153596824,0.0,145.43666200629596
4.69,0.0,0.3199176054805822,0.3199176054805822,0.0,145.30680745528255
4.7,0.0,0.3193766196101211,0.3193766196101211,0.0,145.1772774033412
4.71,0.0,0.3188371733232069,0.3188371733232069,0.0,145.04810468932172
4.72,0.0,0.31829926395113106,0.31829926395113106,0.0,144.919205403232
4.73,0.0,0.31776286881893673,0.31776286881893673,0.0,144.7906395306453
4.74,0.0,0.3172279855415579,0.3172279855415579,0.0,144.6624247937204
4.75,0.0,0.3166945911340164,0.3166945911340164,0.0,144.53446983097044
4.76,0.0,0.316162682611177,0.316162682611177,0.0,144.406859174456
4.77,0.0,0.31563224786373634,0.31563224786373634,0.0,144.2795415333348
4.78,0.0,0.31510325389525456,0.31510325389525456,0.0,144.15254385556798
4.79,0.0,0.31457571799925244,0.31457571799925244,0.0,144.02586325858374
4.8,0.0,0.31404959746485095,0.31404959746485095,0.0,143.8995115897794
4.81,0.0,0.3135248995771234,0.3135248995771234,0.0,143.77343887994857
4.82,0.0,0.31300161161724604,0.31300161161724604,0.0,143.64772659662012
4.83,0.0,0.3124797108628113,0.3124797108628113,0.0,143.52229657930263
4.84,0.0,0.31195918458801464,0.31195918458801464,0.0,143.39712463031293
4.85,0.0,0.3114400300639292,0.3114400300639292,0.0,143.27232001725147
4.86,0.0,0.31092222455870333,0.31092222455870333,0.0,143.14783918444095
4.87,0.0,0.310405765337798,0.310405765337798,0.0,143.02367143903822
4.88,0.0,0.30989062966420294,0.30989062966420294,0.0,142.8997683210546
4.89,0.0,0.3093768045214761,0.3093768045214761,0.0,142.7761940014036
4.9,0.0,0.30886428772384605,0.30886428772384605,0.0,142.65295309815744
4.91,0.0,0.30835305624983095,0.30835305624983095,0.0,142.5299665954042
4.92,0.0,0.30784310708100127,0.30784310708100127,0.0,142.40731057932186
4.93,0.0,0.3073344177471608,0.3073344177471608,0.0,142.28497755227656
4.94,0.0,0.306826975772213,0.306826975772213,0.0,142.1629289440161
4.95,0.0,0.30632077786388,0.30632077786388,0.0,142.04123059044002
4.96,0.0,0.30581579154532484,0.30581579154532484,0.0,141.91979938034692
4.97,0.0,0.30531204379867916,0.30531204379867916,0.0,141.79863563306458
4.98,0.0,0.30480947241050543,0.30480947241050543,0.0,141.6778729260718
4.99,0.0,0.304308104095318,0.304308104095318,0.0,141.5573361238381
5.0,0.0,0.30380789637020666,0.30380789637020666,0.0,141.4371083600959
5.01,0.0,0.30333440352004204,0.30333440352004204,0.0,141.31718462142757
5.02,0.0,0.3028433911649423,0.3028433911649423,0.0,141.1976234768687
5.03,0.0,0.30235364783667756,0.30235364783667756,0.0,141.07830295594775
5.04,0.0,0.30186515030284156,0.30186515030284156,0.0,140.9593166045721
5.05,0.0,0.3013778842963898,0.3013778842963898,0.0,140.84060650155672
5.06,0.0,0.30089185608580515,0.30089185608580515,0.0,140.72219127275415
5.07,0.0,0.30040701246436186,0.30040701246436186,0.0,140.60411483724786
5.08,0.0,0.29992337920370776,0.29992337920370776,0.0,140.4862892719659
5.09,0.0,0.29944092285955975,0.29944092285955975,0.0,140.3688005965408
5.1,0.0,0.29895962948648364,0.29895962948648364,0.0,140.25157987151303
5.11,0.0,0.29847949565986914,0.29847949565986914,0.0,140.1346695490604
5.12,0.0,0.29800049771000653,0.29800049771000653,0.0,140.01806913229905
5.13,0.0,0.29752262197815055,0.29752262197815055,0.0,139.90174952219928
5.14,0.0,0.2970458745667437,0.2970458745667437,0.0,139.7857345850753
5.15,0.0,0.29657021184206644,0.29657021184206644,0.0,139.67001734198698
5.16,0.0,0.2960956306770758,0.2960956306770758,0.0,139.55458612183259
5.17,0.0,0.2956221269604963,0.2956221269604963,0.0,139.4394707515701
5.18,0.0,0.29514968709177725,0.29514968709177725,0.0,139.32459464050652
5.19,0.0,0.2946782879711396,0.2946782879711396,0.0,139.21006499227292
5.2,0.0,0.2942079152827415,0.2942079152827415,0.0,139.09581933422334
5.21,0.0,0.2937385561909998,0.2937385561909998,0.0,138.98184645598243
5.22,0.0,0.2932702166501901,0.2932702166501901,0.0,138.8681925540953
5.23,0.0,0.29280286311545073,0.29280286311545073,0.0,138.75481595280445
5.24,0.0,0.2923364822931249,0.2923364822931249,0.0,138.64174423520203
5.25,0.0,0.29187106065788854,0.29187106065788854,0.0,138.52893472532162
5.26,0.0,0.2914066044575684,0.2914066044575684,0.0,138.4164009313031
5.27,0.0,0.2909430704293673,0.2909430704293673,0.0,138.30422139156843
5.28,0.0,0.29048046484548845,0.29048046484548845,0.0,138.19228096701056
5.29,0.0,0.2900187744638307,0.2900187744638307,0.0,138.08063083614928
5.3,0.0,0.289557965581022,0.289557965581022,0.0,137.969296100035
5.31,0.0,0.2890980547421905,0.2890980547421905,0.0,137.85824267126372
5.32,0.0,0.2886390089689566,0.2886390089689566,0.0,137.74744426544018
5.33,0.0,0.2881808241285174,0.2881808241285174,0.0,137.63693183135365
5.34,0.0,0.28772348726424957,0.28772348726424957,0.0,137.52673762231137
5.35,0.0,0.28726696496382526,0.28726696496382526,0.0,137.4168561792279
5.36,0.0,0.2868112635972749,0.2868112635972749,0.0,137.30720851875031
5.37,0.0,0.28635636977767515,0.28635636977767515,0.0,137.19786394179096
5.38,0.0,0.2859022603566597,0.2859022603566597,0.0,137.08877672998292
5.39,0.0,0.2854489317409713,0.2854489317409713,0.0,136.98001807496817
5.4,0.0,0.2849963808032289,0.2849963808032289,0.0,136.87150971057022
5.41,0.0,0.2845445639746132,0.2845445639746132,0.0,136.7632869730423
5.42,0.0,0.2840934779249331,0.2840934779249331,0.0,136.65531556075268
5.43,0.0,0.2836431195582804,0.2836431195582804,0.0,136.54767104990972
5.44,0.0,0.28319348556461704,0.28319348556461704,0.0,136.44028925775146
5.45,0.0,0.28274454220275086,0.28274454220275086,0.0,136.33321762126968
5.46,0.0,0.28229628663124423,0.28229628663124423,0.0,136.2264095342349
5.47,0.0,0.28184869535455437,0.28184869535455437,0.0,136.11984768140127
5.48,0.0,0.2814017553293312,0.2814017553293312,0.0,136.01361768268998
5.49,0.0,0.2809554730844085,0.2809554730844085,0.0,135.9076191533408
5.5,0.0,0.28050981538035,0.28050981538035,0.0,135.80191028192928
5.51,0.0,0.2800647892053611,0.2800647892053611,0.0,135.6964871814321
5.52,0.0,0.27962036112472993,0.27962036112472993,0.0,135.5913137184325
5.53,0.0,0.2791765179329971,0.2791765179329971,0.0,135.48644669264402
5.54,0.0,0.27873326664990233,0.27873326664990233,0.0,135.38185863564635
5.55,0.0,0.2782905738771104,0.2782905738771104,0.0,135.2775111049909
5.56,0.0,0.2778484364430584,0.2778484364430584,0.0,135.17347968224936
5.57,0.0,0.2774068411874766,0.2774068411874766,0.0,135.06967636455187
5.58,0.0,0.2769657851720853,0.2769657851720853,0.0,134.966202073229
5.59,0.0,0.2765252250468425,0.2765252250468425,0.0,134.86294939537305
5.6,0.0,0.27608517789444403,0.27608517789444403,0.0,134.7599947552996
5.61,0.0,0.27564561018051886,0.27564561018051886,0.0,134.6573037993372
5.62,0.0,0.2752065292186286,0.2752065292186286,0.0,134.55489934285544
5.63,0.0,0.27476791170679415,0.27476791170679415,0.0,134.45274071604092
5.64,0.0,0.2743297245634037,0.2743297245634037,0.0,134.35083120109982
5.65,0.0,0.2738919949234241,0.2738919949234241,0.0,134.24924747286695
5.66,0.0,0.2734546693160991,0.2734546693160991,0.0,134.14789442244316
5.67,0.0,0.2730177751033548,0.2730177751033548,0.0,134.04680378150042
5.68,0.0,0.2725812690428723,0.2725812690428723,0.0,133.94604700105208
5.69,0.0,0.2721451583112372,0.2721451583112372,0.0,133.84548646250522
5.7,0.0,0.2717093994882002,0.2717093994882002,0.0,133.74521872113337
5.71,0.0,0.2712740199742525,0.2712740199742525,0.0,133.6452113435209
5.72,0.0,0.27083898657444805,0.27083898657444805,0.0,133.5455041022089
5.73,0.0,0.2704042763073116,0.2704042763073116,0.0,133.44603014635413
5.74,0.0,0.26996989620243866,0.26996989620243866,0.0,133.346814136344
5.75,0.0,0.26953582330039677,0.26953582330039677,0.0,133.2478348332673
5.76,0.0,0.2691020448501574,0.2691020448501574,0.0,133.14915127879792
5.77,0.0,0.26866853751886816,0.26866853751886816,0.0,133.05073636357625
5.78,0.0,0.26823531877410217,0.26823531877410217,0.0,132.9525847239111
5.79,0.0,0.2678023555029993,0.2678023555029993,0.0,132.85469383395886
5.8,0.0,0.2673696248009716,0.2673696248009716,0.0,132.75704182657725
5.81,0.0,0.26693714377435296,0.26693714377435296,0.0,132.6596820023079
5.82,0.0,0.2665048697335295,0.2665048697335295,0.0,132.56258928712134
5.83,0.0,0.2660727994195187,0.2660727994195187,0.0,132.46571993063048
5.84,0.0,0.26564094035692787,0.26564094035692787,0.0,132.36913871011396
5.85,0.0,0.26520923931114027,0.26520923931114027,0.0,132.27279829752797
5.86,0.0,0.26477772382567655,0.26477772382567655,0.0,132.17672425762737
5.87,0.0,0.2643463608799892,0.2643463608799892,0.0,132.08092007438248
5.88,0.0,0.2639151476561351,0.2639151476561351,0.0,131.9853361875773
5.89,0.0,0.26348405134688274,0.26348405134688274,0.0,131.89003724991355
5.9,0.0,0.2630530891557137,0.2630530891557137,0.0,131.79498904146726
5.91,0.0,0.26262222829675946,0.26262222829675946,0.0,131.70021078113314
5.92,0.0,0.2621914559948287,0.2621914559948287,0.0,131.6056679612638
5.93,0.0,0.26176075967123275,0.26176075967123275,0.0,131.51137339964112
5.94,0.0,0.261330146199607,0.261330146199607,0.0,131.41735043132584
5.95,0.0,0.26089957302307437,0.26089957302307437,0.0,131.32358479430613
5.96,0.0,0.26046904759277295,0.26046904759277295,0.0,131.23007485629523
5.97,0.0,0.26003856681784154,0.26003856681784154,0.0,131.1367842354831
5.98,0.0,0.2596080881710526,0.2596080881710526,0.0,131.04377635980674
5.99,0.0,0.2591776291331565,0.2591776291331565,0.0,130.95099069932434
6.0,0.0,0.25874714664850157,0.25874714664850157,0.0,130.85848690496562
6.01,0.0,0.2583478084264653,0.2583478084264653,0.0,130.76623583456373
6.02,0.0,0.2579844214387949,0.2579844214387949,0.0,130.67421130622174
6.03,0.0,0.2576217833571071,0.2576217833571071,0.0,130.58246279070315
6.04,0.0,0.2572599011722556,0.2572599011722556,0.0,130.49092833125013
6.05,0.0,0.25689876260378836,0.25689876260378836,0.0,130.3996649142292
6.06,0.0,0.25653835466560443,0.25653835466560443,0.0,130.30864616508475
6.07,0.0,0.25617869509536345,0.25617869509536345,0.0,130.21788257050565
6.08,0.0,0.2558197709298733,0.2558197709298733,0.0,130.12735013580232
6.09,0.0,0.2554615799248186,0.2554615799248186,0.0,130.0370894746997
6.1,0.0,0.2551041291397787,0.2551041291397787,0.0,129.94703990038215
6.11,0.0,0.2547473963483764,0.2547473963483764,0.0,129.85724267999643
6.12,0.0,0.25439138863282146,0.25439138863282146,0.0,129.7677277759538
6.13,0.0,0.2540361136109613,0.2540361136109613,0.0,129.67841121228764
6.14,0.0,0.25368154873532395,0.25368154873532395,0.0,129.58934182034415
6.15,0.0,0.2533277014684653,0.2533277014684653,0.0,129.50055454285476
6.16,0.0,0.25297457945483276,0.25297457945483276,0.0,129.41197361348355
6.17,0.0,0.25262215983260244,0.25262215983260244,0.0,129.32364265545297
6.18,0.0,0.2522704602667092,0.2522704602667092,0.0,129.2355547299287
6.19,0.0,0.2519194580893508,0.2519194580893508,0.0,129.14773106296596
6.2,0.0,0.25156916115372185,0.25156916115372185,0.0,129.06010945643726
6.21,0.0,0.2512195668111898,0.2512195668111898,0.0,128.9727531022168
6.22,0.0,0.25087067259369217,0.25087067259369217,0.0,128.88562726855326
6.23,0.0,0.250522475875013,0.250522475875013,0.0,128.7987625149377
6.24,0.0,0.2501749745430917,0.2501749745430917,0.0,128.71211693633103
6.25,0.0,0.24982815582380472,0.24982815582380472,0.0,128.6257010836565
6.26,0.0,0.24948203745601563,0.24948203745601563,0.0,128.53953306825295
6.27,0.0,0.24913659702031152,0.24913659702031152,0.0,128.45360584103503
6.28,0.0,0.2487918421069224,0.2487918421069224,0.0,128.3679050587998
6.29,0.0,0.24844777031568296,0.24844777031568296,0.0,128.28244610961167
6.3,0.0,0.24810436925600965,0.24810436925600965,0.0,128.19722487952365
6.31,0.0,0.24776164638325843,0.24776164638325843,0.0,128.11223494771806
6.32,0.0,0.24741960965365178,0.24741960965365178,0.0,128.02748718445298
6.33,0.0,0.24707822637847004,0.24707822637847004,0.0,127.94296619055726
6.34,0.0,0.24673752453075193,0.24673752453075193,0.0,127.85871197904405
6.35,0.0,0.24639748144276546,0.24639748144276546,0.0,127.77463015122373
6.36,0.0,0.24605810494328656,0.24605810494328656,0.0,127.69081277509547
6.37,0.0,0.2457193925474427,0.2457193925474427,0.0,127.60723332002891
6.38,0.0,0.2453813322615906,0.2453813322615906,0.0,127.5238863862553
6.39,0.0,0.2450439314595331,0.2450439314595331,0.0,127.44075767139553
6.4,0.0,0.24470717816413234,0.24470717816413234,0.0,127.35787682880112
6.41,0.0,0.24437107976974576,0.24437107976974576,0.0,127.27521140490676
6.42,0.0,0.24403563415772211,0.24403563415772211,0.0,127.19278641680667
6.43,0.0,0.24370082890174238,0.24370082890174238,0.0,127.11056863387249
6.44,0.0,0.24336667205734924,0.24336667205734924,0.0,127.02859536265345
6.45,0.0,0.24303316105956477,0.24303316105956477,0.0,126.94684780153257
6.46,0.0,0.24270028398011598,0.24270028398011598,0.0,126.86533689341539
6.47,0.0,0.24236803827413908,0.24236803827413908,0.0,126.7840655784163
6.48,0.0,0.24203643171958394,0.24203643171958394,0.0,126.70300147322038
6.49,0.0,0.24170546241224758,0.24170546241224758,0.0,126.62215473069315
6.5,0.0,0.24137511783716073,0.24137511783716073,0.0,126.54153933185978
6.51,0.0,0.24104539610603548,0.24104539610603548,0.0,126.4611691421598
6.52,0.0,0.2407163047236565,0.2407163047236565,0.0,126.3810251111917
6.53,0.0,0.2403878415125267,0.2403878415125267,0.0,126.30106144913908
6.54,0.0,0.24005999460802177,0.24005999460802177,0.0,126.22136238161005
6.55,0.0,0.2397327615442752,0.2397327615442752,0.0,126.14188813924343
6.56,0.0,0.2394061503212236,0.2394061503212236,0.0,126.06261479850392
6.57,0.0,0.239080148795026,0.239080148795026,0.0,125.98356856743098
6.58,0.0,0.23875476483053606,0.23875476483053606,0.0,125.90476832958637
6.59,0.0,0.23842998615159858,0.23842998615159858,0.0,125.82615339374027
6.6,0.0,0.23810581079097257,0.23810581079097257,0.0,125.74778049155003
6.61,0.0,0.23778224663940942,0.23778224663940942,0.0,125.66961009819438
6.62,0.0,0.23745928159622887,0.23745928159622887,0.0,125.59169682278802
6.63,0.0,0.23713691342145463,0.23713691342145463,0.0,125.51396216566738
6.64,0.0,0.23681515032757983,0.23681515032757983,0.0,125.43648559165192
6.65,0.0,0.23649397979729717,0.23649397979729717,0.0,125.35919522235866
6.66,0.0,0.23617341020602856,0.23617341020602856,0.0,125.28214828447408
6.67,0.0,0.23585341920205485,0.23585341920205485,0.0,125.20528734840455
6.68,0.0,0.23553402502795034,0.23553402502795034,0.0,125.1286921476623
6.69,0.0,0.2352152152053885,0.2352152152053885,0.0,125.05226205184928
6.7,0.0,0.23489699813784073,0.23489699813784073,0.0,124.97608782072244
6.71,0.0,0.23457936151049263,0.23457936151049263,0.0,124.90010412155769
6.72,0.0,0.23426230345174565,0.23426230345174565,0.0,124.82436090507208
6.73,0.0,0.23394582195308955,0.23394582195308955,0.0,124.74880512263343
6.74,0.0,0.2336299148712618,0.2336299148712618,0.0,124.67346770910197
6.75,0.0,0.23331459035791138,0.23331459035791138,0.0,124.59836400390552
6.76,0.0,0.2329998364290028,0.2329998364290028,0.0,124.52345625296185
6.77,0.0,0.2326856511085962,0.2326856511085962,0.0,124.44876356150024
6.78,0.0,0.2323720322875981,0.2323720322875981,0.0,124.37430195228639
6.79,0.0,0.2320589781482448,0.2320589781482448,0.0,124.30003617165306
6.8,0.0,0.2317464867386971,0.2317464867386971,0.0,124.22600403332967
6.81,0.0,0.23143456597513662,0.23143456597513662,0.0,124.15215553420498
6.82,0.0,0.23112320406243092,0.23112320406243092,0.0,124.07851868545481
6.83,0.0,0.2308123990725639,0.2308123990725639,0.0,124.0051067027729
6.84,0.0,0.23050214894669505,0.23050214894669505,0.0,123.93191246961204
6.85,0.0,0.23019245191206333,0.23019245191206333,0.0,123.85890973501536
6.86,0.0,0.22988330606419363,0.22988330606419363,0.0,123.78610843999068
6.87,0.0,0.2295747093689295,0.2295747093689295,0.0,123.71352478201433
6.88,0.0,0.2292666600756215,0.2292666600756215,0.0,123.64117019323689
6.89,0.0,0.22895916630305935,0.22895916630305935,0.0,123.56900548291473
6.9,0.0,0.22865220604147732,0.22865220604147732,0.0,123.49704953681798
6.91,0.0,0.22834578756207843,0.22834578756207843,0.0,123.42528838306245
6.92,0.0,0.2280399190066402,0.2280399190066402,0.0,123.50739665781771
6.93,0.0,0.2277345883894967,0.2277345883894967,0.0,123.43903143632431
6.94,0.0,0.22742978400344477,0.22742978400344477,0.0,123.37099535491934
6.95,0.0,0.22712552401297745,0.22712552401297745,0.0,123.30323892500597
6.96,0.0,0.22682178645623885,0.22682178645623885,0.0,123.2357767161762
6.97,0.0,0.2265185896473631,0.2265185896473631,0.0,123.16860222957858
6.98,0.0,0.2262159117732862,0.2262159117732862,0.0,123.10171758111292
6.99,0.0,0.22591376089567608,0.22591376089567608,0.0,123.03512951218596
7.0,0.0,0.2256273953626279,0.2256273953626279,0.0,122.9688251280894
7.01,0.0,0.2253732232652105,0.2253732232652105,0.0,122.90280152020838
7.02,0.0,0.22511981292599326,0.22511981292599326,0.0,122.83708882252179
7.03,0.0,0.224867152568708,0.224867152568708,0.0,122.77163468869412
7.04,0.0,0.22461525029359383,0.22461525029359383,0.0,122.70646708716993
7.05,0.0,0.2243640944704445,0.2243640944704445,0.0,122.64158408130754
7.06,0.0,0.22411368334471748,0.22411368334471748,0.0,122.57697119931288
7.07,0.0,0.22386401503941886,0.22386401503941886,0.0,122.5126506989083
7.08,0.0,0.22361507794474517,0.22361507794474517,0.0,122.44859206757307
7.09,0.0,0.223366880198715,0.223366880198715,0.0,122.38481242156048
7.1,0.0,0.22311942020500616,0.22311942020500616,0.0,122.32130270854232
7.11,0.0,0.22287267624467935,0.22287267624467935,0.0,122.25805292685585
7.12,0.0,0.22262667647809137,0.22262667647809137,0.0,122.19509004992554
7.13,0.0,0.22238138932887175,0.22238138932887175,0.0,122.13238588580255
7.14,0.0,0.22213683297208334,0.22213683297208334,0.0,122.06994284331903
7.15,0.0,0.22189298584455583,0.22189298584455583,0.0,122.00776884064909
7.16,0.0,0.22164985626228584,0.22164985626228584,0.0,121.94584842986944
7.17,0.0,0.22140745242215357,0.22140745242215357,0.0,121.88419757543575
7.18,0.0,0.22116574278058546,0.22116574278058546,0.0,121.82277346974537
7.19,0.0,0.22092473554889108,0.22092473554889108,0.0,121.76163594073894
7.2,0.0,0.22068444919642521,0.22068444919642521,0.0,121.70075929400655
7.21,0.0,0.2204448520733307,0.2204448520733307,0.0,121.64013154261033
7.22,0.0,0.22020595241230614,0.22020595241230614,0.0,121.5797577927333
7.23,0.0,0.21996775870189403,0.21996775870189403,0.0,121.51960905957442
7.24,0.0,0.21973025918889685,0.21973025918889685,0.0,121.45973295498477
7.25,0.0,0.2194934323744941,0.2194934323744941,0.0,121.40011345507445
7.26,0.0,0.21925730651950837,0.21925730651950837,0.0,121.34073613192616
7.27,0.0,0.2190218701376665,0.2190218701376665,0.0,121.28161047912617
7.28,0.0,0.21878711162577402,0.21878711162577402,0.0,121.22270157872455
7.29,0.0,0.21855301926540688,0.21855301926540688,0.0,121.1640490510388
7.3,0.0,0.21831962146749812,0.21831962146749812,0.0,121.10564216356526
7.31,0.0,0.21808688677054033,0.21808688677054033,0.0,121.04746170874229
7.32,0.0,0.21785482359741154,0.21785482359741154,0.0,120.9895301986639
7.33,0.0,0.21762343025697178,0.21762343025697178,0.0,120.93183625328982
7.34,0.0,0.21739270530605273,0.21739270530605273,0.0,120.8743886544586
7.35,0.0,0.21716263718676737,0.21716263718676737,0.0,120.81715031515232
7.36,0.0,0.21693323422815391,0.21693323422815391,0.0,120.760169353646
7.37,0.0,0.21670449488601665,0.21670449488601665,0.0,120.70341211404265
7.38,0.0,0.21647640774124433,0.21647640774124433,0.0,120.64686520136974
7.39,0.0,0.216248971142774,0.216248971142774,0.0,120.59056288843449
7.4,0.0,0.2160221938015064,0.2160221938015064,0.0,120.53451617753211
7.41,0.0,0.21579605384293177,0.21579605384293177,0.0,120.47864125152853
7.42,0.0,0.2155705599900431,0.2155705599900431,0.0,120.42303337320683
7.43,0.0,0.21534571073510747,0.21534571073510747,0.0,120.36761740910671
7.44,0.0,0.21512149445968354,0.21512149445968354,0.0,120.31245016279337
7.45,0.0,0.21489792978579997,0.21489792978579997,0.0,120.25749152240702
7.46,0.0,0.21467499510787896,0.21467499510787896,0.0,120.20276116617924
7.47,0.0,0.21445268905944823,0.21445268905944823,0.0,120.14825658018997
7.48,0.0,0.21423101004769313,0.21423101004769313,0.0,120.09395231776512
7.49,0.0,0.21400996671757697,0.21400996671757697,0.0,120.0398740784247
7.5,0.0,0.21378954748891327,0.21378954748891327,0.0,119.98598997134518
7.51,0.0,0.21356975101798542,0.21356975101798542,0.0,119.93235392915511
7.52,0.0,0.21335057573713534,0.21335057573713534,0.0,119.8788960615282
7.53,0.0,0.2131320203138939,0.2131320203138939,0.0,119.82569463794027
7.54,0.0,0.21291408319301927,0.21291408319301927,0.0,119.77265231692843
7.55,0.0,0.21269675305316502,0.21269675305316502,0.0,119.71986033918418
7.56,0.0,0.2124800283514146,0.2124800283514146,0.0,119.66723251657871
7.57,0.0,0.21226391777746048,0.21226391777746048,0.0,119.61485299215057
7.58,0.0,0.2120484199130809,0.2120484199130809,0.0,119.56266055619061
7.59,0.0,0.2118335231214524,0.2118335231214524,0.0,119.51066644919192
7.6,0.0,0.21161922633330815,0.21161922633330815,0.0,119.45890025636221
7.61,0.0,0.21140552792358394,0.21140552792358394,0.0,119.40733583969516
7.62,0.0,0.2111924264978656,0.2111924264978656,0.0,119.3559459957879
7.63,0.0,0.21097993077838056,0.21097993077838056,0.0,119.30476016521379
7.64,0.0,0.21076800927042635,0.21076800927042635,0.0,119.25380018715948
7.65,0.0,0.2105566907069087,0.2105566907069087,0.0,119.20300025352385
7.66,0.0,0.21034596360491176,0.21034596360491176,0.0,119.1524103557682
7.67,0.0,0.2101358165980845,0.2101358165980845,0.0,119.10204399111988
7.68,0.0,0.2099262485446646,0.2099262485446646,0.0,119.05183211381731
7.69,0.0,0.20971726775990546,0.20971726775990546,0.0,119.00183141817011
7.7,0.0,0.20950885311275785,0.20950885311275785,0.0,118.9520412478272
7.71,0.0,0.20930102325803626,0.20930102325803626,0.0,118.902420299975
7.72,0.0,0.20909376674760016,0.20909376674760016,0.0,118.85298579109633
7.73,0.0,0.208887092356075,0.208887092356075,0.0,118.80376824601005
7.74,0.0,0.20868098864672935,0.20868098864672935,0.0,118.75471415370527
7.75,0.0,0.20847544429685527,0.20847544429685527,0.0,118.70587433542026
7.76,0.0,0.20827046809634192,0.20827046809634192,0.0,118.6571885498916
7.77,0.0,0.20806605862537134,0.20806605862537134,0.0,118.6086979799709
7.78,0.0,0.20786220468389488,0.20786220468389488,0.0,118.56038866679567
7.79,0.0,0.20765891486323315,0.20765891486323315,0.0,118.51225609077717
7.8,0.0,0.20745618797333845,0.20745618797333845,0.0,118.46433512194972
7.81,0.0,0.20725401261656737,0.20725401261656737,0.0,118.41658242025471
7.82,0.0,0.20705237761276618,0.20705237761276618,0.0,118.36900639065034
7.83,0.0,0.20685131157526432,0.20685131157526432,0.0,118.32160203332488
7.84,0.0,0.20665078333370956,0.20665078333370956,0.0,118.274398220747
7.85,0.0,0.2064508115122909,0.2064508115122909,0.0,118.2273644890087
7.86,0.0,0.20625137484588554,0.20625137484588554,0.0,118.18049521252921
7.87,0.0,0.20605249217869837,0.20605249217869837,0.0,118.13380533897806
7.88,0.0,0.2058541521510337,0.2058541521510337,0.0,118.08729094950571
7.89,0.0,0.20565634361667356,0.20565634361667356,0.0,118.04097451367556
7.9,0.0,0.20545907522655096,0.20545907522655096,0.0,117.99480796342391
7.91,0.0,0.20526232584396534,0.20526232584396534,0.0,117.94881680361962
7.92,0.0,0.20506612413039155,0.20506612413039155,0.0,117.90298542326747
7.93,0.0,0.20487045895854886,0.20487045895854886,0.0,117.85733608957274
7.94,0.0,0.2046753088979894,0.2046753088979894,0.0,117.81186692408728
7.95,0.0,0.20448070303575955,0.20448070303575955,0.0,117.76656633347572
7.96,0.0,0.20428660995149858,0.20428660995149858,0.0,117.72140837784298
7.97,0.0,0.20409303843496626,0.20409303843496626,0.0,117.67643579458175
7.98,0.0,0.20389999728077518,0.20389999728077518,0.0,117.63162631514481
7.99,0.0,0.20370746549048516,0.20370746549048516,0.0,117.5869672847889
8.0,0.0,0.20351546156442182,0.20351546156442182,0.0,117.54248217645433
8.01,0.0,0.20332396451350965,0.20332396451350965,0.0,117.49815883379812
8.02,0.0,0.20313298305051372,0.20313298305051372,0.0,117.45401494090076
8.03,0.0,0.20294251609407,0.20294251609407,0.0,117.41001457675017
8.04,0.0,0.20275255236694112,0.20275255236694112,0.0,117.3661788653813
8.05,0.0,0.20256310079668927,0.20256310079668927,0.0,117.32250337554424
8.06,0.0,0.2023741601160054,0.2023741601160054,0.0,117.27899165814246
8.07,0.0,0.20218571926130208,0.20218571926130208,0.0,117.2356600532606
8.08,0.0,0.2019977767775132,0.2019977767775132,0.0,117.19245554390949
8.09,0.0,0.20181033210401686,0.20181033210401686,0.0,117.14942030851681
8.1,0.0,0.20162339349937203,0.20162339349937203,0.0,117.10651035853138
8.11,0.0,0.20143696001701628,0.20143696001701628,0.0,117.06377702891153
8.12,0.0,0.2012510007129495,0.2012510007129495,0.0,117.02120144514524
8.13,0.0,0.20106554425559273,0.20106554425559273,0.0,116.97880218219244
8.14,0.0,0.20088058951443877,0.20088058951443877,0.0,116.93653565544419
8.15,0.0,0.20069611536348894,0.20069611536348894,0.0,116.89439532507538
8.16,0.0,0.20051213087491337,0.20051213087491337,0.0,116.85243467638128
8.17,0.0,0.20032862473702848,0.20032862473702848,0.0,116.81062255185493
8.18,0.0,0.20014560564456857,0.20014560564456857,0.0,116.76894821802476
8.19,0.0,0.19996308306746677,0.19996308306746677,0.0,116.72744126024027
8.2,0.0,0.1997810253238731,0.1997810253238731,0.0,116.68607915955994
8.21,0.0,0.1995994515071222,0.1995994515071222,0.0,116.64485963745648
8.22,0.0,0.19941836071302751,0.19941836071302751,0.0,116.60378792646587
8.23,0.0,0.19923773165919892,0.19923773165919892,0.0,116.56285828250749
8.24,0.0,0.19905759325932842,0.19905759325932842,0.0,116.52207307910686
8.25,0.0,0.19887791443142197,0.19887791443142197,0.0,116.48144129305084
8.26,0.0,0.19869870428670222,0.19869870428670222,0.0,116.44095154991557
8.27,0.0,0.1985199713734218,0.1985199713734218,0.0,116.40058286958602
8.28,0.0,0.1983416949998015,0.1983416949998015,0.0,116.36037613650818
8.29,0.0,0.19816389391197953,0.19816389391197953,0.0,116.32031632400427
8.3,0.0,0.19798655704924004,0.19798655704924004,0.0,116.28039791888727
8.31,0.0,0.19780968354169345,0.19780968354169345,0.0,116.2406117500754
8.32,0.0,0.19763326196328385,0.19763326196328385,0.0,116.20096640604964
8.33,0.0,0.19745730163864805,0.19745730163864805,0.0,116.16146634141978
8.34,0.0,0.1972817913371231,0.1972817913371231,0.0,116.12210375723278
8.35,0.0,0.1971067600188241,0.1971067600188241,0.0,116.08285105526149
8.36,0.0,0.19693215664793187,0.19693215664793187,0.0,116.04376578859336
8.37,0.0,0.1967580203766787,0.1967580203766787,0.0,116.00482057120645
8.38,0.0,0.1965843199926104,0.1965843199926104,0.0,115.9660008882456
8.39,0.0,0.1964110844721571,0.1964110844721571,0.0,115.92731506439968
8.4,0.0,0.19623829279576877,0.19623829279576877,0.0,115.88875654080016
8.41,0.0,0.19606594394792085,0.19606594394792085,0.0,115.85033321776426
8.42,0.0,0.19589404691709536,0.19589404691709536,0.0,115.81205283636399
8.43,0.0,0.19572258087701133,0.19572258087701133,0.0,115.77391144150722
8.44,0.0,0.19555156464195705,0.19555156464195705,0.0,115.73590108378083
8.45,0.0,0.1953809770318828,0.1953809770318828,0.0,115.69798662845598
8.46,0.0,0.1952108275923191,0.1952108275923191,0.0,115.66022989801198
8.47,0.0,0.1950411247902686,0.1950411247902686,0.0,115.62261364644112
8.48,0.0,0.19487184781822992,0.19487184781822992,0.0,115.5851127248335
8.49,0.0,0.19470301587088792,0.19470301587088792,0.0,115.54772506017163
8.5,0.0,0.1945346077885489,0.1945346077885489,0.0,115.51048585544982
8.51,0.0,0.19436662259490062,0.19436662259490062,0.0,115.4733842071372
8.52,0.0,0.19419906931747422,0.19419906931747422,0.0,115.43638996539048
8.53,0.0,0.19403195698760353,0.19403195698760353,0.0,115.39951869762409
8.54,0.0,0.193865254816977,0.193865254816977,0.0,115.36278675709706
8.55,0.0,0.1936989916670955,0.1936989916670955,0.0,115.32618254695802
8.56,0.0,0.19353313640488115,0.19353313640488115,0.0,115.28966863119983
8.57,0.0,0.1933677084286395,0.1933677084286395,0.0,115.25330468331082
8.58,0.0,0.19320269678724386,0.19320269678724386,0.0,115.21705337746671
8.59,0.0,0.193038110184339,0.193038110184339,0.0,115.1809463821931
8.6,0.0,0.1928739280268443,0.1928739280268443,0.0,115.14494714482915
8.61,0.0,0.19271017902741783,0.19271017902741783,0.0,115.10907726199032
8.62,0.0,0.19254682259868292,0.19254682259868292,0.0,115.07331020826838
8.63,0.0,0.19238390763510899,0.19238390763510899,0.0,115.03768589492321
8.64,0.0,0.19222137320882157,0.19222137320882157,0.0,115.00217520994676
8.65,0.0,0.19205925856766745,0.19205925856766745,0.0,114.96677469049878
8.66,0.0,0.19189756244650544,0.19189756244650544,0.0,114.9314950621951
8.67,0.0,0.19173626427198606,0.19173626427198606,0.0,114.89634993582652
8.68,0.0,0.1915753729585799,0.1915753729585799,0.0,114.86129693404438
8.69,0.0,0.19141487759635012,0.19141487759635012,0.0,114.82637687141981
8.7,0.0,0.1912547972789187,0.1912547972789187,0.0,114.79154733000033
8.71,0.0,0.1910951112730489,0.1910951112730489,0.0,114.7568623388699
8.72,0.0,0.1909358283396726,0.1909358283396726,0.0,114.72227722766901
8.73,0.0,0.1907769479218165,0.1907769479218165,0.0,114.68782270299675
8.74,0.0,0.19061845895742785,0.19061845895742785,0.0,114.65347952410634
8.75,0.0,0.19046036055755589,0.19046036055755589,0.0,114.61922448950345
8.76,0.0,0.19030266183668687,0.19030266183668687,0.0,114.5851169969349
8.77,0.0,0.1901453519127396,0.1901453519127396,0.0,114.55109591984414
8.78,0.0,0.18998843007398114,0.18998843007398114,0.0,114.51719690622716
8.79,0.0,0.18983191511090555,0.18983191511090555,0.0,114.48340393675262
8.8,0.0,0.18967577648507716,0.18967577648507716,0.0,114.44973564279844
8.81,0.0,0.18952002316107094,0.18952002316107094,0.0,114.4161818568995
8.82,0.0,0.18936465427371427,0.18936465427371427,0.0,114.38271390267246
8.83,0.0,0.18920968896118942,0.18920968896118942,0.0,114.3493555787234
8.84,0.0,0.1890550865296156,0.1890550865296156,0.0,114.31613180029885
8.85,0.0,0.1889008757941622,0.1889008757941622,0.0,114.28300073931982
8.86,0.0,0.18874704623182306,0.18874704623182306,0.0,114.24998432880761
8.87,0.0,0.18859358682933666,0.18859358682933666,0.0,114.21708492653775
8.88,0.0,0.18844051674136789,0.18844051674136789,0.0,114.18426815912066
8.89,0.0,0.18828781512580955,0.18828781512580955,0.0,114.15154878145842
8.9,0.0,0.18813550114379907,0.18813550114379907,0.0,114.11897375283422
8.91,0.0,0.18798354412171647,0.18798354412171647,0.0,114.08648853890087
8.92,0.0,0.18783197306438265,0.18783197306438265,0.0,114.05410477872789
8.93,0.0,0.18768077698125318,0.18768077698125318,0.0,114.02183669720279
8.94,0.0,0.18752994536923837,0.18752994536923837,0.0,113.98965056295448
8.95,0.0,0.1873794772437831,0.1873794772437831,0.0,113.95757993778352
8.96,0.0,0.18722937194536446,0.18722937194536446,0.0,113.92560830845657
8.97,0.0,0.18707964833662147,0.18707964833662147,0.0,113.89373666983516
8.98,0.0,0.1869302959241311,0.1869302959241311,0.0,113.86199116618025
8.99,0.0,0.1867812935782065,0.1867812935782065,0.0,113.83031924453495
9.0,0.0,0.18663265081019462,0.18663265081019462,0.0,113.79877645118832
9.01,0.0,0.18648438665644998,0.18648438665644998,0.0,113.7673029763687
9.02,0.0,0.18633647031587233,0.18633647031587233,0.0,113.73594769065689
9.03,0.0,0.18618892114810875,0.18618892114810875,0.0,113.70469989111992
9.04,0.0,0.1860417280424106,0.1860417280424106,0.0,113.67352372756973
9.05,0.0,0.18589488036486268,0.18589488036486268,0.0,113.64247965146056
9.06,0.0,0.18574840748316607,0.18574840748316607,0.0,113.61150602803649
9.07,0.0,0.1856022784540245,0.1856022784540245,0.0,113.58064225677458
9.08,0.0,0.18545650249448722,0.18545650249448722,0.0,113.54988092583403
9.09,0.0,0.18531108882459077,0.18531108882459077,0.0,113.51920977470367
9.1,0.0,0.18516601666731164,0.18516601666731164,0.0,113.48865467029627
9.11,0.0,0.1850212954035176,0.1850212954035176,0.0,113.45817516973588
9.12,0.0,0.1848769239519281,0.1848769239519281,0.0,113.4277811591555
9.13,0.0,0.18473289185381914,0.18473289185381914,0.0,113.39751213916604
9.14,0.0,0.18458921818903068,0.18458921818903068,0.0,113.36731609241868
9.15,0.0,0.18444589219518412,0.18444589219518412,0.0,113.33722139525624
9.16,0.0,0.1843029031127902,0.1843029031127902,0.0,113.3072374793509
9.17,0.0,0.18416025018525375,0.18416025018525375,0.0,113.27733397054186
9.18,0.0,0.184017952811366,0.184017952811366,0.0,113.24751283054457
9.19,0.0,0.18387598993483506,0.18387598993483506,0.0,113.217807124145
9.2,0.0,0.18373436111232722,0.18373436111232722,0.0,113.18817651622759
9.21,0.0,0.18359308544611314,0.18359308544611314,0.0,113.15864055468481
9.22,0.0,0.18345213219376771,0.18345213219376771,0.0,113.129210573695
9.23,0.0,0.18331152061569542,0.18331152061569542,0.0,113.09985421819003
9.24,0.0,0.18317124997508116,0.18317124997508116,0.0,113.0705940425721
9.25,0.0,0.18303130953787874,0.18303130953787874,0.0,113.04143631576227
9.26,0.0,0.1828916887226867,0.1828916887226867,0.0,113.01236180940703
9.27,0.0,0.18275241650092783,0.18275241650092783,0.0,112.98335844057745
9.28,0.0,0.18261347244624132,0.18261347244624132,0.0,112.95447566819045
9.29,0.0,0.18247484568570452,0.18247484568570452,0.0,112.92566078871062
9.3,0.0,0.18233656549900112,0.18233656549900112,0.0,112.89693658550928
9.31,0.0,0.1821986011685028,0.1821986011685028,0.0,112.86830270206869
9.32,0.0,0.18206096212720987,0.18206096212720987,0.0,112.83974978605912
9.33,0.0,0.18192366736671878,0.18192366736671878,0.0,112.81131173668078
9.34,0.0,0.1817866664729721,0.1817866664729721,0.0,112.78293198455737
9.35,0.0,0.18165000844419002,0.18165000844419002,0.0,112.7546435234403
9.36,0.0,0.18151367287036024,0.18151367287036024,0.0,112.72646683919685
9.37,0.0,0.18137764890255895,0.18137764890255895,0.0,112.69836217401367
9.38,0.0,0.18124194584180658,0.18124194584180658,0.0,112.67032196909595
9.39,0.0,0.18110657299170954,0.18110657299170954,0.0,112.64237990218794
9.4,0.0,0.1809715098038757,0.1809715098038757,0.0,112.61452428988096
9.41,0.0,0.18083676529602566,0.18083676529602566,0.0,112.58677031380918
9.42,0.0,0.18070232907001765,0.18070232907001765,0.0,112.55908259428217
9.43,0.0,0.180568220149971,0.180568220149971,0.0,112.5314755483931
9.44,0.0,0.18043441814162625,0.18043441814162625,0.0,112.5039501153839
9.45,0.0,0.18030093221928423,0.18030093221928423,0.0,112.47652611892717
9.46,0.0,0.18016776170454996,0.18016776170454996,0.0,112.44918832658448
9.47,0.0,0.18003488606476756,0.18003488606476756,0.0,112.421907714215
9.48,0.0,0.17990233433984523,0.17990233433984523,0.0,112.39472286932337
9.49,0.0,0.17977008600244399,0.17977008600244399,0.0,112.36761236542822
9.5,0.0,0.17963814052651897,0.17963814052651897,0.0,112.34059352274711
9.51,0.0,0.17950650710327878,0.17950650710327878,0.0,112.31364214526407
9.52,0.0,0.1793751850693187,0.1793751850693187,0.0,112.28679487202527
9.53,0.0,0.17924416362228088,0.17924416362228088,0.0,112.26000762839253
9.54,0.0,0.17911344252789574,0.17911344252789574,0.0,112.23330496967209
9.55,0.0,0.1789830207058853,0.1789830207058853,0.0,112.206678929921
9.56,0.0,0.17885291764404734,0.17885291764404734,0.0,112.18013687462563
9.57,0.0,0.17872309283136173,0.17872309283136173,0.0,112.15369292012932
9.58,0.0,0.17859357533832715,0.17859357533832715,0.0,112.1272978149182
9.59,0.0,0.17846436479867397,0.17846436479867397,0.0,112.10099371714841
9.6,0.0,0.1783354604281797,0.1783354604281797,0.0,112.07477073420486
9.61,0.0,0.17820683158519685,0.17820683158519685,0.0,112.04861344186642
9.62,0.0,0.17807850763047528,0.17807850763047528,0.0,112.02254427512199
9.63,0.0,0.17795047792710836,0.17795047792710836,0.0,111.99654398841969
9.64,0.0,0.17782275184052643,0.17782275184052643,0.0,111.97062173338641
9.65,0.0,0.17769530887637838,0.17769530887637838,0.0,111.9447801215378
9.66,0.0,0.1775681581287415,0.1775681581287415,0.0,111.91902965865314
9.67,0.0,0.177441299245479,0.177441299245479,0.0,111.89333417405028
9.68,0.0,0.17731474146347234,0.17731474146347234,0.0,111.86772362515994
9.69,0.0,0.17718845402299938,0.17718845402299938,0.0,111.84217620504027
9.7,0.0,0.17706246657711766,0.17706246657711766,0.0,111.8167140707309
9.71,0.0,0.17693676850657256,0.17693676850657256,0.0,111.79132614834025
9.72,0.0,0.17681134892262262,0.17681134892262262,0.0,111.76600561615749
9.73,0.0,0.17668622734782563,0.17668622734782563,0.0,111.74076951540074
9.74,0.0,0.1765613833058589,0.1765613833058589,0.0,111.7155884813283
9.75,0.0,0.17643681591642996,0.17643681591642996,0.0,111.69049898555461
9.76,0.0,0.17631254484271433,0.17631254484271433,0.0,111.6654755533076
9.77,0.0,0.17618854934446176,0.17618854934446176,0.0,111.64053489600961
9.78,0.0,0.1760648388189508,0.1760648388189508,0.0,111.61567204399005
9.79,0.0,0.1759414126656343,0.1759414126656343,0.0,111.59085072545601
9.8,0.0,0.17581826028618408,0.17581826028618408,0.0,111.56613092223267
9.81,0.0,0.17569538108444438,0.17569538108444438,0.0,111.54146111979014
9.82,0.0,0.1755727845995162,0.1755727845995162,0.0,111.5168626549976
9.83,0.0,0.17545046997314437,0.17545046997314437,0.0,111.29648539987016
9.84,0.0,0.1753284268815657,0.1753284268815657,0.0,111.27219048648669
9.85,0.0,0.17520665447189604,0.17520665447189604,0.0,111.24794993869021
9.86,0.0,0.17508516242358088,0.17508516242358088,0.0,111.22376259867478
9.87,0.0,0.1749639400208246,0.1749639400208246,0.0,111.19964166195388
9.88,0.0,0.17484298668248857,0.17484298668248857,0.0,111.17557651139464
9.89,0.0,0.1747223118295583,0.1747223118295583,0.0,111.15156618909033
9.9,0.0,0.17460191501603708,0.17460191501603708,0.0,111.12763189958689
9.91,0.0,0.1744817754049771,0.1744817754049771,0.0,111.10373412604709
9.92,0.0,0.17436191268521006,0.17436191268521006,0.0,111.07990764108699
9.93,0.0,0.1742423160250183,0.1742423160250183,0.0,111.05614238556424
9.94,0.0,0.1741229851163096,0.1741229851163096,0.0,111.0324222183272
9.95,0.0,0.17400392926215066,0.17400392926215066,0.0,111.00876454996282
9.96,0.0,0.17388512789803082,0.17388512789803082,0.0,110.98516145184952
9.97,0.0,0.17376659046149814,0.17376659046149814,0.0,110.9616087266723
9.98,0.0,0.17364833639212066,0.17364833639212066,0.0,110.93811804031716
9.99,0.0,0.1735303251314726,0.1735303251314726,0.0,110.9146745966207
10.0,0.0,0.17341258625147885,0.17341258625147885,0.0,110.89127207100827
10.01,0.0,0.1733896505775555,0.1733896505775555,0.0,110.86795468023605
10.02,0.0,0.17336137927849543,0.17336137927849543,0.0,110.84467778470484
10.03,0.0,0.1733331834252511,0.1733331834252511,0.0,110.82144380486433
10.04,0.0,0.17330505325830062,0.17330505325830062,0.0,110.79828621612596
10.05,0.0,0.17327700863512624,0.17327700863512624,0.0,110.77516120512183
10.06,0.0,0.17324903954101478,0.17324903954101478,0.0,110.75209098669697
10.07,0.0,0.1732211359612785,0.1732211359612785,0.0,110.72908104309177
10.08,0.0,0.17319330788130463,0.17319330788130463,0.0,110.70611796359212
10.09,0.0,0.1731655554124941,0.1731655554124941,0.0,110.68319753170333
10.1,0.0,0.1731378682880669,0.1731378682880669,0.0,110.66033725520711
10.11,0.0,0.17311026661977574,0.17311026661977574,0.0,110.63751893831227
10.12,0.0,0.17308257051838927,0.17308257051838927,0.0,110.61474768774069
10.13,0.0,0.17305309984376896,0.17305309984376896,0.0,110.59204299572743
10.14,0.0,0.17302371458153776,0.17302371458153776,0.0,110.56938274017556
10.15,0.0,0.17299438471735995,0.17299438471735995,0.0,110.54675374350138
10.16,0.0,0.17296515023696588,0.17296515023696588,0.0,110.52417299975512
10.17,0.0,0.17293599112610486,0.17293599112610486,0.0,110.5016538797031
10.18,0.0,0.17290690737057582,0.17290690737057582,0.0,110.47917955932064
10.19,0.0,0.17287789895621838,0.17287789895621838,0.0,110.45675321516103
10.2,0.0,0.1728489759921804,0.1728489759921804,0.0,110.43438209017349
10.21,0.0,0.1728201182176134,0.1728201182176134,0.0,110.41204692196207
10.22,0.0,0.17279134586476885,0.17279134586476885,0.0,110.38976290865082
10.23,0.0,0.1727626387963836,0.1727626387963836,0.0,110.36750939836564
10.24,0.0,0.1727340068762315,0.1727340068762315,0.0,110.34531137803454
10.25,0.0,0.17270545033521473,0.17270545033521473,0.0,110.3231678252874
10.26,0.0,0.1726769690369413,0.1726769690369413,0.0,110.3010589691455
10.27,0.0,0.17264857296758318,0.17264857296758318,0.0,110.2789934609306
10.28,0.0,0.17262024223469108,0.17262024223469108,0.0,110.25697652488672
10.29,0.0,0.17259198658161282,0.17259198658161282,0.0,110.23501012570811
10.3,0.0,0.17256380611620992,0.17256380611620992,0.0,110.2130819418801
10.31,0.0,0.17253569094545018,0.17253569094545018,0.0,110.19118024971549
10.32,0.0,0.1725076609346158,0.1725076609346158,0.0,110.1693342594598
10.33,0.0,0.17247970594997508,0.17247970594997508,0.0,110.14754154122569
10.34,0.0,0.1724518062185189,0.1724518062185189,0.0,110.12577017168569
10.35,0.0,0.17242399160636743,0.17242399160636743,0.0,110.10406990601493
10.36,0.0,0.17239624210005278,0.17239624210005278,0.0,110.08239469860378
10.37,0.0,0.1723685676861635,0.1723685676861635,0.0,110.06074393691003
10.38,0.0,0.1723409683513202,0.1723409683513202,0.0,110.03915275188169
10.39,0.0,0.17231343420092926,0.17231343420092926,0.0,110.01761113938281
10.4,0.0,0.17228597498395568,0.17228597498395568,0.0,109.99610219654144
10.41,0.0,0.1722585908061186,0.1722585908061186,0.0,109.97463046306578
10.42,0.0,0.17223127177226966,0.17223127177226966,0.0,109.95319386173898
10.43,0.0,0.17220401775069527,0.17220401775069527,0.0,109.9317969893086
10.44,0.0,0.17217683861065167,0.17217683861065167,0.0,109.91045465693725
10.45,0.0,0.17214973457447588,0.17214973457447588,0.0,109.88914225438293
10.46,0.0,0.1721226955112759,0.1721226955112759,0.0,109.86786784945485
10.47,0.0,0.17209572140801793,0.17209572140801793,0.0,109.84662215946018
10.48,0.0,0.1720688322517252,0.1720688322517252,0.0,109.82542748648373
10.49,0.0,0.17204199814592294,0.17204199814592294,0.0,109.8042827941903
10.5,0.0,0.17201523884451614,0.17201523884451614,0.0,109.78317669909013
10.51,0.0,0.17198853445134146,0.17198853445134146,0.0,109.7620761393791
10.52,0.0,0.17196191506938632,0.17196191506938632,0.0,109.74103018501748
10.53,0.0,0.1719353504540031,0.1719353504540031,0.0,109.72003153354397
10.54,0.0,0.17190887082384895,0.17190887082384895,0.0,109.69906903435417
10.55,0.0,0.17188243605037887,0.17188243605037887,0.0,109.67812347838284
10.56,0.0,0.17185608612093164,0.17185608612093164,0.0,109.65723984267893
10.57,0.0,0.1718297910228601,0.1718297910228601,0.0,109.63637532806875
10.58,0.0,0.1718035807435699,0.1718035807435699,0.0,109.61555547594833
10.59,0.0,0.17177741527047907,0.17177741527047907,0.0,109.59476278087861
10.6,0.0,0.17175133459107733,0.17175133459107733,0.0,109.57401463786428
10.61,0.0,0.17172530869286676,0.17172530869286676,0.0,109.5533041988767
10.62,0.0,0.17169935767701677,0.17169935767701677,0.0,109.53263009452088
10.63,0.0,0.17167346130365274,0.17167346130365274,0.0,109.51197062071489
10.64,0.0,0.1716476297874251,0.1716476297874251,0.0,109.49136313419757
10.65,0.0,0.17162187300237317,0.17162187300237317,0.0,109.47079557970208
10.66,0.0,0.17159618082343794,0.17159618082343794,0.0,109.45025314802288
10.67,0.0,0.1715705434640779,0.1715705434640779,0.0,109.42972876635547
10.68,0.0,0.17154497079909337,0.17154497079909337,0.0,109.4092637906155
10.69,0.0,0.17151948281630128,0.17151948281630128,0.0,109.3888342420182
10.7,0.0,0.1714940395035275,0.1714940395035275,0.0,109.3684240524779
10.71,0.0,0.17146867084866896,0.17146867084866896,0.0,109.34804830055981
10.72,0.0,0.171443356951117,0.171443356951117,0.0,109.32770758163329
10.73,0.0,0.17141810757563758,0.17141810757563758,0.0,109.30741758333151
10.74,0.0,0.1713929228219215,0.1713929228219215,0.0,109.2871237822637
10.75,0.0,0.17136779278885808,0.17136779278885808,0.0,109.2668788710356
10.76,0.0,0.1713427373532263,0.1713427373532263,0.0,109.24669011735216
10.77,0.0,0.17131774639267147,0.17131774639267147,0.0,109.2264946202868
10.78,0.0,0.1712928201164362,0.1712928201164362,0.0,109.20635214384455
10.79,0.0,0.17126793840202095,0.17126793840202095,0.0,109.1862420659534
10.8,0.0,0.17124313123763693,0.17124313123763693,0.0,109.16615429602018
10.81,0.0,0.1712183886115332,0.1712183886115332,0.0,109.14610472853865
10.82,0.0,0.17119369051195696,0.17119369051195696,0.0,109.12610221249915
10.83,0.0,0.1711690669272433,0.1711690669272433,0.0,109.10610072925058
10.84,0.0,0.1711445179547435,0.1711445179547435,0.0,109.08614160153896
10.85,0.0,0.17112001336459196,0.17112001336459196,0.0,109.06622652173264
10.86,0.0,0.1710955632544315,0.1710955632544315,0.0,109.04631963595794
10.87,0.0,0.17107117772111158,0.17107117772111158,0.0,109.02645584904765
10.88,0.0,0.1710468566443107,0.1710468566443107,0.0,109.00661522437333
10.89,0.0,0.17102259990453775,0.17102259990453775,0.0,108.98680439221498
10.9,0.0,0.17099839770656614,0.17099839770656614,0.0,108.96703451187956
10.91,0.0,0.17097425993076334,0.17097425993076334,0.0,108.9472774006286
10.92,0.0,0.17095017656575964,0.17095017656575964,0.0,108.92755813722566
10.93,0.0,0.17092614760020222,0.17092614760020222,0.0,108.90789059729263
10.94,0.0,0.17090218302278848,0.17090218302278848,0.0,108.88823117375686
10.95,0.0,0.17087828282224174,0.17087828282224174,0.0,108.86858165184981
10.96,0.0,0.17085443709393347,0.17085443709393347,0.0,108.84899472270484
10.97,0.0,0.17083064561322026,0.17083064561322026,0.0,108.82942290315846
10.98,0.0,0.17080691847573728,0.17080691847573728,0.0,108.80986945253576
10.99,0.0,0.17078324577638782,0.17078324577638782,0.0,108.7903622871863
11.0,0.0,0.17075962729178562,0.17075962729178562,0.0,108.77086541302488
11.01,0.0,0.17073608322274303,0.17073608322274303,0.0,108.75141041033254
11.02,0.0,0.17071258345217447,0.17071258345217447,0.0,108.73196928059414
11.03,0.0,0.17068912796907054,0.17068912796907054,0.0,108.71255382442662
11.04,0.0,0.1706657567624726,0.1706657567624726,0.0,108.69319471341245
11.05,0.0,0.17064242982141337,0.17064242982141337,0.0,108.67383933107807
11.06,0.0,0.17061915713499914,0.17061915713499914,0.0,108.65452026871029
11.07,0.0,0.17059593869234477,0.17059593869234477,0.0,108.63521063691388
11.08,0.0,0.17057278448261345,0.17057278448261345,0.0,108.61594928890996
11.09,0.0,0.17054968449498403,0.17054968449498403,0.0,108.59671019161965
11.1,0.0,0.17052663882260596,0.17052663882260596,0.0,108.57748927009624
11.11,0.0,0.1705036472466928,0.1705036472466928,0.0,108.55830864763476
11.12,0.0,0.17048071996419054,0.17048071996419054,0.0,108.53912994483846
11.13,0.0,0.1704578367571243,0.1704578367571243,0.0,108.52000907581174
11.14,0.0,0.1704350178217672,0.1704350178217672,0.0,108.50090718276887
11.15,0.0,0.17041225104393964,0.17041225104393964,0.0,108.48181205596372
11.16,0.0,0.17038954041305812,0.17038954041305812,0.0,108.46276304263101
11.17,0.0,0.17036687891856891,0.17036687891856891,0.0,108.44371437653263
11.18,0.0,0.17034427154994525,0.17034427154994525,0.0,108.42471895034814
11.19,0.0,0.17032173129669695,0.17032173129669695,0.0,108.40571886070461
11.2,0.0,0.17029923814836295,0.17029923814836295,0.0,108.38677053419597
11.21,0.0,0.17027679009451271,0.17027679009451271,0.0,108.36782432530129
11.22,0.0,0.17025440812474815,0.17025440812474815,0.0,108.34892979399288
11.23,0.0,0.1702320713302182,0.1702320713302182,0.0,108.33005035203473
11.24,0.0,0.17020979049737134,0.17020979049737134,0.0,108.31118253713868
11.25,0.0,0.1701875648187527,0.1701875648187527,0.0,108.29236096386778
11.26,0.0,0.17016539408160092,0.17016539408160092,0.0,108.27354956115208
11.27,0.0,0.1701432694777991,0.1701432694777991,0.0,108.2547721410758
11.28,0.0,0.17012120889597956,0.17012120889597956,0.0,108.23599220951976
11.29,0.0,0.17009919332596266,0.17009919332596266,0.0,108.21726555195987
11.3,0.0,0.1700772327575951,0.1700772327575951,0.0,108.19855115712049
11.31,0.0,0.17005531518075587,0.17005531518075587,0.0,108.1798636816186
11.32,0.0,0.17003346358535504,0.17003346358535504,0.0,108.16118959471541
11.33,0.0,0.17001165596133208,0.17001165596133208,0.0,108.14257181771652
11.34,0.0,0.16998990129865338,0.16998990129865338,0.0,108.1239493347277
11.35,0.0,0.16996820158732073,0.16996820158732073,0.0,108.10534510672183
11.36,0.0,0.16994654591655192,0.16994654591655192,0.0,108.08677953170765
11.37,0.0,0.16992495407785033,0.16992495407785033,0.0,108.0682301883277
11.38,0.0,0.16990340416066876,0.16990340416066876,0.0,108.04971578761902
11.39,0.0,0.16988190925379115,0.16988190925379115,0.0,108.03120502889654
11.4,0.0,0.16986045624834875,0.16986045624834875,0.0,108.01270700437829
11.41,0.0,0.16983906703620846,0.16983906703620846,0.0,107.99425929116217
11.42,0.0,0.16981772080437826,0.16981772080437826,0.0,107.97582292798896
11.43,0.0,0.16979641744460727,0.16979641744460727,0.0,107.95743092795439
11.44,0.0,0.16977517594715885,0.16977517594715885,0.0,107.93902884446939
11.45,0.0,0.16975397730232894,0.16975397730232894,0.0,107.92066034040262
11.46,0.0,0.1697328415004415,0.1697328415004415,0.0,107.90233518037705
11.47,0.0,0.16971173753184676,0.16971173753184676,0.0,107.88401027926493
11.48,0.0,0.16969069638692716,0.16969069638692716,0.0,107.86570783875747
11.49,0.0,0.16966969605609045,0.16966969605609045,0.0,107.84742684722956
11.5,0.0,0.1696487486265469,0.1696487486265469,0.0,107.82915492647714
11.51,0.0,0.16962785189505175,0.16962785189505175,0.0,107.81093811534268
11.52,0.0,0.1696070080454733,0.1696070080454733,0.0,107.79270612632429
11.53,0.0,0.1695862048752989,0.1695862048752989,0.0,107.77452006473897
11.54,0.0,0.16956545256777938,0.16956545256777938,0.0,107.75634877345315
11.55,0.0,0.1695447519211343,0.1695447519211343,0.0,107.73821147789573
11.56,0.0,0.16952409211799488,0.16952409211799488,0.0,107.72007084910868
11.57,0.0,0.16950348405290425,0.16950348405290425,0.0,107.70197684405522
11.58,0.0,0.169482925716523,0.169482925716523,0.0,107.68387298288336
11.59,0.0,0.16946241809954682,0.16946241809954682,0.0,107.66581343201662
11.6,0.0,0.16944195119269287,0.16944195119269287,0.0,107.6477661721505
11.61,0.0,0.16942153598671086,0.16942153598671086,0.0,107.62974209769793
11.62,0.0,0.1694011694723734,0.1694011694723734,0.0,107.61174655683246
11.63,0.0,0.1693808436404839,0.1693808436404839,0.0,107.59375123286786
11.64,0.0,0.1693605675763104,0.1693605675763104,0.0,107.57579924611524
11.65,0.0,0.16934034108166787,0.16934034108166787,0.0,107.55785899502054
11.66,0.0,0.1693201652420432,0.1693201652420432,0.0,107.53993135503494
11.67,0.0,0.16930002814229797,0.16930002814229797,0.0,107.522041846997
11.68,0.0,0.16927994067909477,0.16927994067909477,0.0,107.50416784079661
11.69,0.0,0.1692598927497737,0.1692598927497737,0.0,107.48629424449176
11.7,0.0,0.1692399055327426,0.1692399055327426,0.0,107.46844724351838
11.71,0.0,0.1692199559252298,0.1692199559252298,0.0,107.45063769733726
11.72,0.0,0.1692000448251378,0.1692000448251378,0.0,107.43282379147156
11.73,0.0,0.1691801944099909,0.1691801944099909,0.0,107.41504407294846
11.74,0.0,0.16916038157757984,0.16916038157757984,0.0,107.39727439225689
11.75,0.0,0.16914061731903032,0.16914061731903032,0.0,107.37953212973018
11.76,0.0,0.16912089262549632,0.16912089262549632,0.0,107.36181475172386
11.77,0.0,0.169101214580502,0.169101214580502,0.0,107.34410341034996
11.78,0.0,0.16908158599039566,0.16908158599039566,0.0,107.32642919278224
11.79,0.0,0.16906200493891585,0.16906200493891585,0.0,107.30875004306195
11.8,0.0,0.1690424634173173,0.1690424634173173,0.0,107.29110527904714
11.81,0.0,0.16902295850860244,0.16902295850860244,0.0,107.2734819500009
11.82,0.0,0.16900351202048197,0.16900351202048197,0.0,107.25587044452853
11.83,0.0,0.1689841021275727,0.1689841021275727,0.0,107.2382939135262
11.84,0.0,0.1689647396382621,0.1689647396382621,0.0,107.22070585754672
11.85,0.0,0.16894541572659882,0.16894541572659882,0.0,107.2031442229428
11.86,0.0,0.16892614929258273,0.16892614929258273,0.0,107.18561769515811
11.87,0.0,0.16890690932765143,0.16890690932765143,0.0,107.16809652886693
11.88,0.0,0.16888772782326641,0.16888772782326641,0.0,107.15061429076285
11.89,0.0,0.1688685816804308,0.1688685816804308,0.0,107.13313054081696
11.9,0.0,0.16884948307177503,0.16884948307177503,0.0,107.11566591112104
11.91,0.0,0.16883042098837678,0.16883042098837678,0.0,107.09823017863785
11.92,0.0,0.1688114062412931,0.1688114062412931,0.0,107.08079377861989
11.93,0.0,0.16879243691243778,0.16879243691243778,0.0,107.06339043231142
11.94,0.0,0.16877350499342633,0.16877350499342633,0.0,107.04600896292291
11.95,0.0,0.16875461947589168,0.16875461947589168,0.0,107.02862625413736
11.96,0.0,0.16873577944091372,0.16873577944091372,0.0,107.01129324448051
11.97,0.0,0.168716975701192,0.168716975701192,0.0,106.99394175776966
11.98,0.0,0.16869821842712274,0.16869821842712274,0.0,106.97662849433469
11.99,0.0,0.16867950643205373,0.16867950643205373,0.0,106.95932768716368
12.0,0.0,0.16866082988583248,0.16866082988583248,0.0,106.94205122462112
12.01,0.0,0.16864219960245422,0.16864219960245422,0.0,106.92477711165229
12.02,0.0,0.16862360475121668,0.16862360475121668,0.0,106.90753109149958
12.03,0.0,0.16860505523513192,0.16860505523513192,0.0,106.8903115527984
12.04,0.0,0.1685865510460568,0.1685865510460568,0.0,106.87308330962335
12.05,0.0,0.1685680821758721,0.1685680821758721,0.0,106.85590496882666
12.06,0.0,0.16854965861648102,0.16854965861648102,0.0,106.83872369875866
12.07,0.0,0.16853127935981232,0.16853127935981232,0.0,106.82157050109227
12.08,0.0,0.16851293539781698,0.16851293539781698,0.0,106.80442296147397
12.09,0.0,0.16849463572247028,0.16849463572247028,0.0,106.78729270582691
12.1,0.0,0.16847637132577173,0.16847637132577173,0.0,106.77018880719969
12.11,0.0,0.16845815228694663,0.16845815228694663,0.0,106.7530960971431
12.12,0.0,0.16843997542348713,0.16843997542348713,0.0,106.73601538825335
12.13,0.0,0.16842183481481596,0.16842183481481596,0.0,106.71896874516938
12.14,0.0,0.16840373753978832,0.16840373753978832,0.0,106.70192537921952
12.15,0.0,0.16838567541684332,0.16838567541684332,0.0,106.6848852333753
12.16,0.0,0.16836765661151,0.16836765661151,0.0,106.66788340972872
12.17,0.0,0.16834968194284639,0.16834968194284639,0.0,106.65089696186442
12.18,0.0,0.16833174057585554,0.16833174057585554,0.0,106.63391373239538
12.19,0.0,0.16831384341626668,0.16831384341626668,0.0,106.61695409464843
12.2,0.0,0.16829599045631,0.16829599045631,0.0,106.60002299986063
12.21,0.0,0.16827816968823855,0.16827816968823855,0.0,106.58308075294258
12.22,0.0,0.16826038301870241,0.16826038301870241,0.0,106.5661678566034
12.23,0.0,0.16824264961139782,0.16824264961139782,0.0,106.5492912494444
12.24,0.0,0.16822493937287689,0.16822493937287689,0.0,106.53240024661922
12.25,0.0,0.16820728238069077,0.16820728238069077,0.0,106.51554238864975
12.26,0.0,0.16818965845665196,0.16818965845665196,0.0,106.49870459540612
12.27,0.0,0.16817206767849735,0.16817206767849735,0.0,106.48186988554696
12.28,0.0,0.1681545290386373,0.1681545290386373,0.0,106.46504679308745
12.29,0.0,0.16813701361415404,0.16813701361415404,0.0,106.44825258465796
12.3,0.0,0.1681195502280668,0.1681195502280668,0.0,106.43146344536939
12.31,0.0,0.1681021199576399,0.1681021199576399,0.0,106.41470606832246
12.32,0.0,0.16808472187960843,0.16808472187960843,0.0,106.39794563502025
12.33,0.0,0.16806736681788692,0.16806736681788692,0.0,106.38121645709973
12.34,0.0,0.1680500539333504,0.1680500539333504,0.0,106.36449770815622
12.35,0.0,0.1680327721343284,0.1680327721343284,0.0,106.34779451081707
12.36,0.0,0.1680155333297232,0.1680155333297232,0.0,106.33109628978359
12.37,0.0,0.16799832567965223,0.16799832567965223,0.0,106.31444186583201
12.38,0.0,0.16798116009292363,0.16798116009292363,0.0,106.29777516045243
12.39,0.0,0.1679640365621889,0.1679640365621889,0.0,106.2811227961058
12.4,0.0,0.1679469450801222,0.1679469450801222,0.0,106.26449981212389
12.41,0.0,0.1679298946394163,0.1679298946394163,0.0,106.24788917725633
12.42,0.0,0.1679128762327892,0.1679128762327892,0.0,106.2313002147874
12.43,0.0,0.16789588785297463,0.16789588785297463,0.0,106.2147118286175
12.44,0.0,0.16787895249273377,0.16787895249273377,0.0,106.19813305305264
12.45,0.0,0.16786204714484418,0.16786204714484418,0.0,106.18159957982455
12.46,0.0,0.16784517288444623,0.16784517288444623,0.0,106.16506458438467
12.47,0.0,0.1678283395395484,0.1678283395395484,0.0,106.14854139830071
12.48,0.0,0.1678115481854653,0.1678115481854653,0.0,106.13202068750748
12.49,0.0,0.16779478689700125,0.16779478689700125,0.0,106.11554155859245
12.5,0.0,0.16777805650302377,0.16777805650302377,0.0,106.09906119696399
12.51,0.0,0.1677613761601901,0.1677613761601901,0.0,106.08259741869148
12.52,0.0,0.16774471677948227,0.16774471677948227,0.0,106.06616574946378
12.53,0.0,0.16772810827243145,0.16772810827243145,0.0,106.04973252632033
12.54,0.0,0.16771151979496637,0.16771151979496637,0.0,106.0333035486832
12.55,0.0,0.16769498125852553,0.16769498125852553,0.0,106.01689899888949
12.56,0.0,0.16767846357509147,0.16767846357509147,0.0,106.00050142639029
12.57,0.0,0.1676619948998717,0.1676619948998717,0.0,105.98415207531941
12.58,0.0,0.16764555714475882,0.16764555714475882,0.0,105.96778570132503
12.59,0.0,0.1676291593028194,0.1676291593028194,0.0,105.95143792065907
12.6,0.0,0.1676127913671413,0.1676127913671413,0.0,105.93509255497302
12.61,0.0,0.16759645233083176,0.16759645233083176,0.0,105.91878635483468
12.62,0.0,0.1675801542672715,0.1675801542672715,0.0,105.90249211525871
12.63,0.0,0.1675638950089734,0.1675638950089734,0.0,105.88619623760401
12.64,0.0,0.16754766462948512,0.16754766462948512,0.0,105.8699136478699
12.65,0.0,0.16753147512199504,0.16753147512199504,0.0,105.85365541717638
12.66,0.0,0.16751531455945184,0.16751531455945184,0.0,105.83741539158682
12.67,0.0,0.16749919277546757,0.16749919277546757,0.0,105.82118698798628
12.68,0.0,0.16748309984315857,0.16748309984315857,0.0,105.80496340688876
12.69,0.0,0.16746704583515284,0.16746704583515284,0.0,105.78875465030195
12.7,0.0,0.16745102166512163,0.16745102166512163,0.0,105.77257929968476
12.71,0.0,0.16743503624725425,0.16743503624725425,0.0,105.75640386309914
12.72,0.0,0.16741907873322504,0.16741907873322504,0.0,105.74023738809689
12.73,0.0,0.1674031609582781,0.1674031609582781,0.0,105.72408899394628
12.74,0.0,0.16738727107362383,0.16738727107362383,0.0,105.70794839070835
12.75,0.0,0.16737141999365704,0.16737141999365704,0.0,105.69183851866741
12.76,0.0,0.16735559771177785,0.16735559771177785,0.0,105.67572829741351
12.77,0.0,0.16733981422140562,0.16733981422140562,0.0,105.6596277598303
12.78,0.0,0.16732406751597656,0.16732406751597656,0.0,105.64355756701498
12.79,0.0,0.1673083505889493,0.1673083505889493,0.0,105.62748786496802
12.8,0.0,0.16729266043379876,0.16729266043379876,0.0,105.61142818714573
12.81,0.0,0.16727700904402074,0.16727700904402074,0.0,105.59540288479681
12.82,0.0,0.16726138641312793,0.16726138641312793,0.0,105.57936825733681
12.83,0.0,0.16724580053465035,0.16724580053465035,0.0,105.56335553527893
12.84,0.0,0.1672302524796489,0.1672302524796489,0.0,105.54736924242539
12.85,0.0,0.16721473308655235,0.16721473308655235,0.0,105.53138181874343
12.86,0.0,0.1671992404265788,0.1671992404265788,0.0,105.51540466785963
12.87,0.0,0.167183785570479,0.167183785570479,0.0,105.49945303635269
12.88,0.0,0.16716835835746405,0.16716835835746405,0.0,105.48351975583093
12.89,0.0,0.16715296893534942,0.16715296893534942,0.0,105.46757095169708
12.9,0.0,0.1671376061438636,0.1671376061438636,0.0,105.45165068591558
12.91,0.0,0.1671222811303772,0.1671222811303772,0.0,105.43577035828893
12.92,0.0,0.1671069928116803,0.1671069928116803,0.0,105.41985607620417
12.93,0.0,0.16709173210506192,0.16709173210506192,0.0,105.40398095286213
12.94,0.0,0.16707649815722894,0.16707649815722894,0.0,105.3881215405685
12.95,0.0,0.1670613008853854,0.1670613008853854,0.0,105.3722728215787
12.96,0.0,0.1670461312833004,0.1670461312833004,0.0,105.35642236483818
12.97,0.0,0.16703099734476068,0.16703099734476068,0.0,105.34060427514186
12.98,0.0,0.16701589106357054,0.16701589106357054,0.0,105.32477357358863
12.99,0.0,0.16700082043355086,0.16700082043355086,0.0,105.30898895232097
13.0,0.0,0.16698577744854295,0.16698577744854295,0.0,105.29320103654241
13.01,0.0,0.1669707701024025,0.1669707701024025,0.0,105.27743406444793
13.02,0.0,0.16695579038900568,0.16695579038900568,0.0,105.26166745205448
13.03,0.0,0.16694083630224366,0.16694083630224366,0.0,105.24591036452512
13.04,0.0,0.16692592783602464,0.16692592783602464,0.0,105.23017281700265
13.05,0.0,0.1669110360592974,0.1669110360592974,0.0,105.21444518719947
13.06,0.0,0.16689618081584937,0.16689618081584937,0.0,105.19874072360527
13.07,0.0,0.1668813611747783,0.1668813611747783,0.0,105.18304435950932
13.08,0.0,0.16686656720473558,0.16686656720473558,0.0,105.1673603283888
13.09,0.0,0.16685179975025352,0.16685179975025352,0.0,105.15168291906502
13.1,0.0,0.16683706795457984,0.16683706795457984,0.0,105.13601664832936
13.11,0.0,0.16682237166273894,0.16682237166273894,0.0,105.12037501360841
13.12,0.0,0.16680769101755494,0.16680769101755494,0.0,105.10474728688476
13.13,0.0,0.1667930559386451,0.1667930559386451,0.0,105.08912261702706
13.14,0.0,0.16677843634610065,0.16677843634610065,0.0,105.07350529915237
13.15,0.0,0.16676386238211355,0.16676386238211355,0.0,105.05790604405904
13.16,0.0,0.16674930396669396,0.16674930396669396,0.0,105.04231700277352
13.17,0.0,0.16673479109397257,0.16673479109397257,0.0,105.02675271232116
13.18,0.0,0.16672029275809722,0.16672029275809722,0.0,105.0111881496089
13.19,0.0,0.16670582995323235,0.16670582995323235,0.0,104.99563049411981
13.2,0.0,0.16669140267355823,0.16669140267355823,0.0,104.98011206115416
13.21,0.0,0.16667699991327262,0.16667699991327262,0.0,104.96458660610398
13.22,0.0,0.16666262166658752,0.16666262166658752,0.0,104.94906701776964
13.23,0.0,0.16664827892773376,0.16664827892773376,0.0,104.93357354555285
13.24,0.0,0.1666339606909577,0.1666339606909577,0.0,104.91807756504525
13.25,0.0,0.16661967795052252,0.16661967795052252,0.0,104.90260099878579
13.26,0.0,0.16660541877335386,0.16660541877335386,0.0,104.88713361632006
13.27,0.0,0.16659119500833883,0.16659119500833883,0.0,104.87168010109822
13.28,0.0,0.16657699572254783,0.16657699572254783,0.0,104.8562468685865
13.29,0.0,0.16656282998262617,0.16656282998262617,0.0,104.8408301020474
13.3,0.0,0.16654868963817002,0.16654868963817002,0.0,104.82541210817112
13.31,0.0,0.16653457282806702,0.16653457282806702,0.0,104.81001605593634
13.32,0.0,0.16652049140238134,0.16652049140238134,0.0,104.7946188379621
13.33,0.0,0.16650643349959632,0.16650643349959632,0.0,104.7792391910078
13.34,0.0,0.16649240997024276,0.16649240997024276,0.0,104.76386517737558
13.35,0.0,0.16647840995240235,0.16647840995240235,0.0,104.74851158224504
13.36,0.0,0.1664644443686292,0.1664644443686292,0.0,104.73316532726203
13.37,0.0,0.16645050321337737,0.16645050321337737,0.0,104.71783859971897
13.38,0.0,0.16643658540977133,0.16643658540977133,0.0,104.7025113557166
13.39,0.0,0.16642270109509236,0.16642270109509236,0.0,104.68721294732421
13.4,0.0,0.16640884019238902,0.16640884019238902,0.0,104.67190394306463
13.41,0.0,0.1663950136961779,0.1663950136961779,0.0,104.65662980225423
13.42,0.0,0.1663812106009894,0.1663812106009894,0.0,104.64136173134621
13.43,0.0,0.16636744090136976,0.16636744090136976,0.0,104.62610215422778
13.44,0.0,0.16635369559188187,0.16635369559188187,0.0,104.61084690366667
13.45,0.0,0.1663399716671,0.1663399716671,0.0,104.59560957250484
13.46,0.0,0.16632628312162034,0.16632628312162034,0.0,104.5803764126874
13.47,0.0,0.16631262702043603,0.16631262702043603,0.0,104.56516632319482
13.48,0.0,0.16629898421728806,0.16629898421728806,0.0,104.54996742627321
13.49,0.0,0.16628537477730712,0.16628537477730712,0.0,104.53477249922676
13.5,0.0,0.16627179776522077,0.16627179776522077,0.0,104.51959570460724
13.51,0.0,0.1662582440354418,0.1662582440354418,0.0,104.5044215758995
13.52,0.0,0.16624471365283322,0.16624471365283322,0.0,104.48925507380157
13.53,0.0,0.16623121568185312,0.16623121568185312,0.0,104.4741282104578
13.54,0.0,0.16621774997758376,0.16621774997758376,0.0,104.45898007627855
13.55,0.0,0.1662042976741768,0.1662042976741768,0.0,104.44386259511211
13.56,0.0,0.16619087862715776,0.16619087862715776,0.0,104.42875414681365
13.57,0.0,0.16617749197028944,0.16617749197028944,0.0,104.41364914351757
13.58,0.0,0.1661641276287891,0.1661641276287891,0.0,104.39856416445421
13.59,0.0,0.16615078552829682,0.16615078552829682,0.0,104.3834842946209
13.6,0.0,0.16613747680200586,0.16613747680200586,0.0,104.36841599845937
13.61,0.0,0.1661241893754819,0.1661241893754819,0.0,104.3533584274346
13.62,0.0,0.16611092424355473,0.16611092424355473,0.0,104.33832681886791
13.63,0.0,0.16609769240106884,0.16609769240106884,0.0,104.32328681815567
13.64,0.0,0.16608448184288002,0.16608448184288002,0.0,104.30826600541519
13.65,0.0,0.1660713045638628,0.1660713045638628,0.0,104.2932454965892
13.66,0.0,0.1660581485589011,0.1660581485589011,0.0,104.2782406207331
13.67,0.0,0.1660450248228963,0.1660450248228963,0.0,104.26326700918703
13.68,0.0,0.16603192235076233,0.16603192235076233,0.0,104.24827633786305
13.69,0.0,0.16601884213742887,0.16601884213742887,0.0,104.23331867251252
13.7,0.0,0.16600579417783853,0.16600579417783853,0.0,104.21836352836898
13.71,0.0,0.16599276746694716,0.16599276746694716,0.0,104.20341629803201
13.72,0.0,0.1659797640675622,0.1659797640675622,0.0,104.18848046946218
13.73,0.0,0.16596679083889684,0.16596679083889684,0.0,104.17357087495573
13.74,0.0,0.16595384884388534,0.16595384884388534,0.0,104.15867264742474
13.75,0.0,0.1659409191450769,0.1659409191450769,0.0,104.1437534210665
13.76,0.0,0.1659280206023241,0.1659280206023241,0.0,104.1288635692566
13.77,0.0,0.1659151542783046,0.1659151542783046,0.0,104.1139984934225
13.78,0.0,0.1659023092353121,0.1659023092353121,0.0,104.0991080421209
13.79,0.0,0.16588948440097487,0.16588948440097487,0.0,104.08427127912196
13.8,0.0,0.16587668170333117,0.16587668170333117,0.0,104.06942705610848
13.81,0.0,0.16586391927166308,0.16586391927166308,0.0,104.05459218687571
13.82,0.0,0.1658511689670863,0.1658511689670863,0.0,104.03976479582776
13.83,0.0,0.16583844991852006,0.16583844991852006,0.0,104.02495236355226
13.84,0.0,0.1658257510541526,0.1658257510541526,0.0,104.01015076350214
13.85,0.0,0.16581308436913292,0.16581308436913292,0.0,103.9953675579888
13.86,0.0,0.16580043679215817,0.16580043679215817,0.0,103.98057579938319
13.87,0.0,0.16578781145142882,0.16578781145142882,0.0,103.96581015968596
13.88,0.0,0.16577521727557315,0.16577521727557315,0.0,103.95104803058072
13.89,0.0,0.16576264325979248,0.16576264325979248,0.0,103.93629959919522
13.9,0.0,0.16575008939930133,0.16575008939930133,0.0,103.92156704110724
13.91,0.0,0.16573756668933007,0.16573756668933007,0.0,103.90682774082062
13.92,0.0,0.16572506412511775,0.16572506412511775,0.0,103.89210586991693
13.93,0.0,0.16571259270192049,0.16571259270192049,0.0,103.87741610025101
13.94,0.0,0.16570014141500408,0.16570014141500408,0.0,103.86271350879991
13.95,0.0,0.165687710325255,0.165687710325255,0.0,103.84803337483848
13.96,0.0,0.1656753102966629,0.1656753102966629,0.0,103.83335537703029
13.97,0.0,0.1656629303902324,0.1656629303902324,0.0,103.8187005410127
13.98,0.0,0.16565057060128244,0.16565057060128244,0.0,103.8040349421874
13.99,0.0,0.16563824099037286,0.16563824099037286,0.0,103.78939272327196
14.0,0.0,0.16562593142229978,0.16562593142229978,0.0,103.77476803043307
14.01,0.0,0.16561365195774205,0.16561365195774205,0.0,103.76014076825597
14.02,0.0,0.16560139265701573,0.16560139265701573,0.0,103.74552534580098
14.03,0.0,0.165589153385517,0.165589153385517,0.0,103.73092734109821
14.04,0.0,0.16557694326844244,0.16557694326844244,0.0,103.71633182584317
14.05,0.0,0.16556475417158625,0.16556475417158625,0.0,103.70175466237673
14.06,0.0,0.16555258421979652,0.16555258421979652,0.0,103.68718980370224
14.07,0.0,0.16554044434374807,0.16554044434374807,0.0,103.67262098239266
14.08,0.0,0.16552832447449317,0.16552832447449317,0.0,103.65807040772816
14.09,0.0,0.16551623373636581,0.16551623373636581,0.0,103.64354477388841
14.1,0.0,0.16550416306035381,0.16550416306035381,0.0,103.62901740450887
14.11,0.0,0.16549211144193843,0.16549211144193843,0.0,103.61448485662119
14.12,0.0,0.16548007981259164,0.16548007981259164,0.0,103.59997738590567
14.13,0.0,0.1654680772959614,0.1654680772959614,0.0,103.58549296008772
14.14,0.0,0.16545610482345202,0.16545610482345202,0.0,103.57097658524468
14.15,0.0,0.16544414039059346,0.16544414039059346,0.0,103.5565206916442
14.16,0.0,0.16543220699293285,0.16543220699293285,0.0,103.54205243521245
14.17,0.0,0.16542029162602315,0.16542029162602315,0.0,103.52758993261781
14.18,0.0,0.1654084062854355,0.1654084062854355,0.0,103.5131358997066
14.19,0.0,0.16539653896674714,0.16539653896674714,0.0,103.49869917709363
14.2,0.0,0.1653847016655531,0.1653847016655531,0.0,103.484272657691
14.21,0.0,0.16537287344066948,0.16537287344066948,0.0,103.46987015317204
14.22,0.0,0.16536107416119658,0.16536107416119658,0.0,103.45544883503536
14.23,0.0,0.16534930288606417,0.16534930288606417,0.0,103.44106326127479
14.24,0.0,0.1653375516109139,0.1653375516109139,0.0,103.42667971149955
14.25,0.0,0.16532581839425425,0.16532581839425425,0.0,103.41229632966429
14.26,0.0,0.16531410510594513,0.16531410510594513,0.0,103.39792901219025
14.27,0.0,0.16530241980460633,0.16530241980460633,0.0,103.38357961937398
14.28,0.0,0.16529075354851905,0.16529075354851905,0.0,103.36923831317222
14.29,0.0,0.16527911620810837,0.16527911620810837,0.0,103.3548994950688
14.3,0.0,0.16526748690418053,0.16526748690418053,0.0,103.34056335691594
14.31,0.0,0.1652558955075369,0.1652558955075369,0.0,103.32625283673255
14.32,0.0,0.16524431413865756,0.16524431413865756,0.0,103.31194748379828
14.33,0.0,0.1652327606687158,0.1652327606687158,0.0,103.29765454043485
14.34,0.0,0.16522122521786362,0.16522122521786362,0.0,103.28336749592471
14.35,0.0,0.16520971871962759,0.16520971871962759,0.0,103.2690892199272
14.36,0.0,0.1651982291078937,0.1651982291078937,0.0,103.254832384121
14.37,0.0,0.1651867595023282,0.1651867595023282,0.0,103.2405624116791
14.38,0.0,0.16517531783675043,0.16517531783675043,0.0,103.22631029227358
14.39,0.0,0.16516388310697466,0.16516388310697466,0.0,103.21207634935871
14.4,0.0,0.16515248824727896,0.16515248824727896,0.0,103.19784757302308
14.41,0.0,0.16514110037667887,0.16514110037667887,0.0,103.1836359397564
14.42,0.0,0.16512974042938947,0.16512974042938947,0.0,103.16942437765408
14.43,0.0,0.16511839940126818,0.16511839940126818,0.0,103.15523333810455
14.44,0.0,0.16510708528818402,0.16510708528818402,0.0,103.14104492609205
14.45,0.0,0.1650957900860187,0.1650957900860187,0.0,103.12687105347898
14.46,0.0,0.16508451179066128,0.16508451179066128,0.0,103.11269886557182
14.47,0.0,0.16507326239801712,0.16507326239801712,0.0,103.09852984878033
14.48,0.0,0.16506201996486453,0.16506201996486453,0.0,103.08438591351138
14.49,0.0,0.16505081536531063,0.16505081536531063,0.0,103.07025125300355
14.5,0.0,0.16503961865624134,0.16503961865624134,0.0,103.05611584077552
14.51,0.0,0.16502844883360338,0.16502844883360338,0.0,103.04200638804579
14.52,0.0,0.16501729689335443,0.16501729689335443,0.0,103.02787815122514
14.53,0.0,0.16500617289190864,0.16500617289190864,0.0,103.01378175742748
14.54,0.0,0.16499506670426747,0.16499506670426747,0.0,102.99969589051516
14.55,0.0,0.16498397738695036,0.16498397738695036,0.0,102.98561022261711
14.56,0.0,0.1649729059961546,0.1649729059961546,0.0,102.97153213360356
14.57,0.0,0.1649618614074138,0.1649618614074138,0.0,102.95748615747532
14.58,0.0,0.16495083373706076,0.16495083373706076,0.0,102.9434305809598
14.59,0.0,0.1649398338609826,0.1649398338609826,0.0,102.92938627467598
14.6,0.0,0.1649288418952022,0.1649288418952022,0.0,102.91534603241121
14.61,0.0,0.16491787571595626,0.16491787571595626,0.0,102.90133131167016
14.62,0.0,0.164906937438961,0.164906937438961,0.0,102.88731384960104
14.63,0.0,0.1648960070004239,0.1648960070004239,0.0,102.87330233851571
14.64,0.0,0.16488511233689157,0.16488511233689157,0.0,102.85929994573091
14.65,0.0,0.16487422456361614,0.16487422456361614,0.0,102.84531424826683
14.66,0.0,0.16486336461708634,0.16486336461708634,0.0,102.83133970091956
14.67,0.0,0.1648525114341225,0.1648525114341225,0.0,102.8173736636869
14.68,0.0,0.16484169512951985,0.16484169512951985,0.0,102.80342567166811
14.69,0.0,0.16483088564004025,0.16483088564004025,0.0,102.78945738387301
14.7,0.0,0.16482010296183072,0.16482010296183072,0.0,102.77553823870119
14.71,0.0,0.16480933609104728,0.16480933609104728,0.0,102.76160307817976
14.72,0.0,0.164798597023859,0.164798597023859,0.0,102.74767631356177
14.73,0.0,0.16478787475644247,0.16478787475644247,0.0,102.73376413290566
14.74,0.0,0.1647771682849852,0.1647771682849852,0.0,102.71986147893672
14.75,0.0,0.1647664786056849,0.1647664786056849,0.0,102.70596888872223
14.76,0.0,0.1647558157147506,0.1647558157147506,0.0,102.69209290932899
14.77,0.0,0.16474516960839813,0.16474516960839813,0.0,102.67821695809266
14.78,0.0,0.16473453928285603,0.16473453928285603,0.0,102.66436389468429
14.79,0.0,0.16472393573436184,0.16472393573436184,0.0,102.65049596586354
14.8,0.0,0.16471334801741488,0.16471334801741488,0.0,102.63666087420177
14.81,0.0,0.16470277801169178,0.16470277801169178,0.0,102.62281143498859
14.82,0.0,0.16469223277178827,0.16469223277178827,0.0,102.60898915917554
14.83,0.0,0.16468170429398277,0.16468170429398277,0.0,102.5951641172051
14.84,0.0,0.16467119263250063,0.16467119263250063,0.0,102.58135942665085
14.85,0.0,0.1646606956676839,0.1646606956676839,0.0,102.56755489096392
14.86,0.0,0.16465022651163672,0.16465022651163672,0.0,102.55377833400644
14.87,0.0,0.16463977304503766,0.16463977304503766,0.0,102.53998909033893
14.88,0.0,0.16462934432206786,0.16462934432206786,0.0,102.52621909550953
14.89,0.0,0.16461892339661308,0.16461892339661308,0.0,102.51246554437449
14.9,0.0,0.1646085271498466,0.1646085271498466,0.0,102.49869873652386
14.91,0.0,0.1645981566931377,0.1645981566931377,0.0,102.48494992158305
14.92,0.0,0.16458779296530696,0.16458779296530696,0.0,102.47121903755587
14.93,0.0,0.16457745490549117,0.16457745490549117,0.0,102.45748791323136
14.94,0.0,0.1645671326246248,0.1645671326246248,0.0,102.44377436078615
14.95,0.0,0.16455683606178853,0.16455683606178853,0.0,102.43006747786038
14.96,0.0,0.16454654515637707,0.16454654515637707,0.0,102.41637529483305
14.97,0.0,0.1645362900188931,0.1645362900188931,0.0,102.40267385317775
14.98,0.0,0.16452604058867584,0.16452604058867584,0.0,102.38899335664827
14.99,0.0,0.16451580586215445,0.16451580586215445,0.0,102.37531778158983
15.0,0.0,0.1645055977790704,0.1645055977790704,0.0,102.36165714909697
15.01,0.0,0.1644954144493503,0.1644954144493503,0.0,102.34799828408372
15.02,0.0,0.16448523681267693,0.16448523681267693,0.0,102.33436037086112
15.03,0.0,0.16447508486551876,0.16447508486551876,0.0,102.32073051377849
15.04,0.0,0.1644649486043528,0.1644649486043528,0.0,102.30711345841111
15.05,0.0,0.16445482702566452,0.16445482702566452,0.0,102.29348745924808
15.06,0.0,0.1644447311259516,0.1644447311259516,0.0,102.27986864805246
15.07,0.0,0.1644346509017187,0.1644346509017187,0.0,102.26626983024114
15.08,0.0,0.16442458534947965,0.16442458534947965,0.0,102.25268472960552
15.09,0.0,0.16441453546575804,0.16441453546575804,0.0,102.23910457094578
15.1,0.0,0.16440451030303466,0.16440451030303466,0.0,102.2255338096737
15.11,0.0,0.16439450074587922,0.16439450074587922,0.0,102.21197838980001
15.12,0.0,0.16438451584686356,0.16438451584686356,0.0,102.19842147404314
15.13,0.0,0.16437453660254936,0.16437453660254936,0.0,102.18487174452532
15.14,0.0,0.1643645820651571,0.1643645820651571,0.0,102.17133181260057
15.15,0.0,0.16435464211988277,0.16435464211988277,0.0,102.15779745524912
15.16,0.0,0.16434472781904036,0.16434472781904036,0.0,102.14428423514791
15.17,0.0,0.16433481821465803,0.16433481821465803,0.0,102.13077475023498
15.18,0.0,0.16432493319240007,0.16432493319240007,0.0,102.11726143898748
15.19,0.0,0.16431507280438487,0.16431507280438487,0.0,102.10376589201358
15.2,0.0,0.16430521810244839,0.16430521810244839,0.0,102.09029294951334
15.21,0.0,0.16429538797272053,0.16429538797272053,0.0,102.0768140362781
15.22,0.0,0.16428557252219272,0.16428557252219272,0.0,102.06334124815932
15.23,0.0,0.1642757806373061,0.1642757806373061,0.0,102.04989331484292
15.24,0.0,0.1642659944247794,0.1642659944247794,0.0,102.036451956262
15.25,0.0,0.1642562338262112,0.1642562338262112,0.0,102.02299582217368
15.26,0.0,0.16424648578349466,0.16424648578349466,0.0,102.00956597936616
15.27,0.0,0.16423676340294335,0.16423676340294335,0.0,101.99614405203516
15.28,0.0,0.164227055626397,0.164227055626397,0.0,101.98272931905531
15.29,0.0,0.16421736239599274,0.16421736239599274,0.0,101.96932304254335
15.3,0.0,0.16420768281763484,0.16420768281763484,0.0,101.95593924240795
15.31,0.0,0.16419801883340604,0.16419801883340604,0.0,101.94253960078993
15.32,0.0,0.16418837844003126,0.16418837844003126,0.0,101.92916386084902
15.33,0.0,0.16417875263424397,0.16417875263424397,0.0,101.91578940664944
15.34,0.0,0.16416915135858087,0.16416915135858087,0.0,101.90243479300183
15.35,0.0,0.16415955371827362,0.16415955371827362,0.0,101.8890964468758
15.36,0.0,0.16414997965580427,0.16414997965580427,0.0,101.87572929681933
15.37,0.0,0.16414043116794144,0.16414043116794144,0.0,101.8623958678832
15.38,0.0,0.16413088725146024,0.16413088725146024,0.0,101.84906334041638
15.39,0.0,0.16412136590314172,0.16412136590314172,0.0,101.83575741138716
15.4,0.0,0.16411186011978032,0.16411186011978032,0.0,101.8224402731698
15.41,0.0,0.16410236689817428,0.16410236689817428,0.0,101.80914276131168
15.42,0.0,0.16409288823513327,0.16409288823513327,0.0,101.79583853491891
15.43,0.0,0.16408343418104548,0.16408343418104548,0.0,101.78255736848284
15.44,0.0,0.16407399362552233,0.16407399362552233,0.0,101.76929058734274
15.45,0.0,0.1640645776190383,0.1640645776190383,0.0,101.75601971138984
15.46,0.0,0.16405516515843313,0.16405516515843313,0.0,101.74277044563206
15.47,0.0,0.16404577624055725,0.16404577624055725,0.0,101.7295192751725
15.48,0.0,0.1640364009154922,0.1640364009154922,0.0,101.7162601896422
15.49,0.0,0.16402704007358462,0.16402704007358462,0.0,101.7030321343692
15.5,0.0,0.1640177027650006,0.1640177027650006,0.0,101.68980518620712
15.51,0.0,0.16400837903964088,0.16400837903964088,0.0,101.67659281377418
15.52,0.0,0.16399906978828957,0.16399906978828957,0.0,101.66338587138702
15.53,0.0,0.16398977306092857,0.16398977306092857,0.0,101.65018032730866
15.54,0.0,0.163980500907278,0.163980500907278,0.0,101.6370053124803
15.55,0.0,0.1639712412185556,0.1639712412185556,0.0,101.62381925027279
15.56,0.0,0.16396199609724046,0.16396199609724046,0.0,101.6106482957931
15.57,0.0,0.16395276443484036,0.16395276443484036,0.0,101.59747325274894
15.58,0.0,0.16394355533357635,0.16394355533357635,0.0,101.58432071803128
15.59,0.0,0.1639343607377167,0.1639343607377167,0.0,101.57117147993259
15.6,0.0,0.163925178591808,0.163925178591808,0.0,101.55803118553364
15.61,0.0,0.16391601099769051,0.16391601099769051,0.0,101.54490313629793
15.62,0.0,0.16390686589985717,0.16390686589985717,0.0,101.53176128142941
15.63,0.0,0.16389773524308102,0.16389773524308102,0.0,101.5186592780876
15.64,0.0,0.16388861712881886,0.16388861712881886,0.0,101.50555136736992
15.65,0.0,0.16387952150179094,0.16387952150179094,0.0,101.4924571624553
15.66,0.0,0.16387043030699333,0.16387043030699333,0.0,101.47936128832484
15.67,0.0,0.16386136164550463,0.16386136164550463,0.0,101.46627207601783
15.68,0.0,0.16385230646226925,0.16385230646226925,0.0,101.45320319230771
15.69,0.0,0.16384327475430813,0.16384327475430813,0.0,101.44014686411887
15.7,0.0,0.16383424551864947,0.16383424551864947,0.0,101.42708701501053
15.71,0.0,0.16382523975233093,0.16382523975233093,0.0,101.41404490731256
15.72,0.0,0.16381624745239673,0.16381624745239673,0.0,101.40098902090473
15.73,0.0,0.16380727661589528,0.16380727661589528,0.0,101.38796895500849
15.74,0.0,0.16379831023988917,0.16379831023988917,0.0,101.37494178364193
15.75,0.0,0.16378936632144353,0.16378936632144353,0.0,101.36193275839034
15.76,0.0,0.1637804358576307,0.1637804358576307,0.0,101.3489127761133
15.77,0.0,0.16377152784553348,0.16377152784553348,0.0,101.33592494583863
15.78,0.0,0.16376262228223895,0.16376262228223895,0.0,101.32294507025131
15.79,0.0,0.16375374016484434,0.16375374016484434,0.0,101.30996189973364
15.8,0.0,0.16374487049045164,0.16374487049045164,0.0,101.29698423858116
15.81,0.0,0.16373601425617215,0.16373601425617215,0.0,101.28401239880664
15.82,0.0,0.16372717951007557,0.16372717951007557,0.0,101.27105350439375
15.83,0.0,0.16371835914731825,0.16371835914731825,0.0,101.25810961224312
15.84,0.0,0.16370955021604747,0.16370955021604747,0.0,101.2451718909594
15.85,0.0,0.16370075371340412,0.16370075371340412,0.0,101.23221964801654
15.86,0.0,0.16369198068723032,0.16369198068723032,0.0,101.21930072192366
15.87,0.0,0.1636832100332251,0.1636832100332251,0.0,101.20638563277797
15.88,0.0,0.16367447184987577,0.16367447184987577,0.0,101.19348402236423
15.89,0.0,0.16366573603315235,0.16366573603315235,0.0,101.1805784559289
15.9,0.0,0.16365701363086216,0.16365701363086216,0.0,101.16768590046681
15.91,0.0,0.16364831269056104,0.16364831269056104,0.0,101.15481177538628
15.92,0.0,0.16363962410862531,0.16363962410862531,0.0,101.14193137456961
15.93,0.0,0.16363094898293917,0.16363094898293917,0.0,101.12906661184408
15.94,0.0,0.1636222952101446,0.1636222952101446,0.0,101.11620416965788
15.95,0.0,0.16361364388788607,0.16361364388788607,0.0,101.10335007182988
15.96,0.0,0.16360501591307627,0.16360501591307627,0.0,101.0905200406653
15.97,0.0,0.16359639938311774,0.16359639938311774,0.0,101.07768260875747
15.98,0.0,0.1635878052451215,0.1635878052451215,0.0,101.06484952783262
15.99,0.0,0.1635792134464559,0.1635792134464559,0.0,101.05202521302903
16.0,0.0,0.16357064308416963,0.16357064308416963,0.0,101.03921532396296
16.01,0.0,0.16356208610558265,0.16356208610558265,0.0,101.0264224614606
16.02,0.0,0.16355355150795348,0.16355355150795348,0.0,101.01362300561371
16.03,0.0,0.16354501823892656,0.16354501823892656,0.0,101.0008268927204
16.04,0.0,0.1635365074446393,0.1635365074446393,0.0,100.98805368751606
16.05,0.0,0.1635280078745126,0.1635280078745126,0.0,100.97528555068254
16.06,0.0,0.1635195207735676,0.1635195207735676,0.0,100.96252840949026
16.07,0.0,0.16351104603997882,0.16351104603997882,0.0,100.9497643005151
16.08,0.0,0.16350259267104633,0.16350259267104633,0.0,100.93702397629689
16.09,0.0,0.1634941516640763,0.1634941516640763,0.0,100.92428826618706
16.1,0.0,0.163485723016383,0.163485723016383,0.0,100.91154960028783
16.11,0.0,0.1634773057252858,0.1634773057252858,0.0,100.89882608232254
16.12,0.0,0.16346891078811268,0.16346891078811268,0.0,100.88610157031253
16.13,0.0,0.16346052720219498,0.16346052720219498,0.0,100.87339928580487
16.14,0.0,0.16345215496487403,0.16345215496487403,0.0,100.86070386221623
16.15,0.0,0.16344379507349613,0.16344379507349613,0.0,100.84800034528068
16.16,0.0,0.1634354575254162,0.1634354575254162,0.0,100.83532786638723
16.17,0.0,0.1634271213179909,0.1634271213179909,0.0,100.82266633147061
16.18,0.0,0.16341880644858905,0.16341880644858905,0.0,100.81000274214661
16.19,0.0,0.1634105039145822,0.1634105039145822,0.0,100.7973291247337
16.2,0.0,0.16340222281051275,0.16340222281051275,0.0,100.7846856842764
16.21,0.0,0.16339394293932066,0.16339394293932066,0.0,100.77203924485585
16.22,0.0,0.16338568439568146,0.16338568439568146,0.0,100.75941052212836
16.23,0.0,0.16337743817699424,0.16337743817699424,0.0,100.74677265779583
16.24,0.0,0.1633692032806644,0.1633692032806644,0.0,100.73414779443769
16.25,0.0,0.16336098970410234,0.16336098970410234,0.0,100.7215429305419
16.26,0.0,0.163352787444727,0.163352787444727,0.0,100.70892085349962
16.27,0.0,0.16334458759628892,0.16334458759628892,0.0,100.69633062780903
16.28,0.0,0.16333641896344755,0.16333641896344755,0.0,100.68375176433678
16.29,0.0,0.1633282516400858,0.1633282516400858,0.0,100.67117513625529
16.3,0.0,0.16332010462364435,0.16332010462364435,0.0,100.65859227134739
16.31,0.0,0.16331195991157632,0.16331195991157632,0.0,100.64601684562822
16.32,0.0,0.16330383659706996,0.16330383659706996,0.0,100.63347792983855
16.33,0.0,0.16329572448600183,0.16329572448600183,0.0,100.62092787123598
16.34,0.0,0.16328763367169316,0.16328763367169316,0.0,100.60837827245479
16.35,0.0,0.16327954415161636,0.16327954415161636,0.0,100.59583721568849
16.36,0.0,0.16327147601851935,0.16327147601851935,0.0,100.58332002325118
16.37,0.0,0.16326342807924205,0.16326342807924205,0.0,100.57081011674653
16.38,0.0,0.1632553824266595,0.1632553824266595,0.0,100.55827953676544
16.39,0.0,0.16324734815318695,0.16324734815318695,0.0,100.54578978009431
16.4,0.0,0.16323933406638114,0.16323933406638114,0.0,100.53330120343769
16.41,0.0,0.16323133125878797,0.16323133125878797,0.0,100.52079664560112
16.42,0.0,0.16322333982249107,0.16322333982249107,0.0,100.50832664196204
16.43,0.0,0.16321535956576477,0.16321535956576477,0.0,100.49584576242113
16.44,0.0,0.16320739967515815,0.16320739967515815,0.0,100.48337286438662
16.45,0.0,0.16319945195941915,0.16319945195941915,0.0,100.47092591227546
16.46,0.0,0.16319151451054187,0.16319151451054187,0.0,100.45847783724767
16.47,0.0,0.16318358742006445,0.16318358742006445,0.0,100.44604227173002
16.48,0.0,0.16317567249744555,0.16317567249744555,0.0,100.43360379149986
16.49,0.0,0.16316777792811255,0.16316777792811255,0.0,100.42117358699218
16.5,0.0,0.1631598935219908,0.1631598935219908,0.0,100.40876025289437
16.51,0.0,0.16315202046406665,0.16315202046406665,0.0,100.39635727665669
16.52,0.0,0.1631441585647334,0.1631441585647334,0.0,100.38393671263127
16.53,0.0,0.16313630800853152,0.16313630800853152,0.0,100.37153548461768
16.54,0.0,0.16312847660631885,0.16312847660631885,0.0,100.35915306003594
16.55,0.0,0.163120657542199,0.163120657542199,0.0,100.34677818202552
16.56,0.0,0.16311284862749326,0.16311284862749326,0.0,100.33440409597698
16.57,0.0,0.1631050500458603,0.1631050500458603,0.0,100.32204706184946
16.58,0.0,0.163097272609089,0.163097272609089,0.0,100.30969313145518
16.59,0.0,0.16308949550039764,0.16308949550039764,0.0,100.2973325616624
16.6,0.0,0.1630817395320366,0.1630817395320366,0.0,100.28498394554029
16.61,0.0,0.16307399288678734,0.16307399288678734,0.0,100.2726634893462
16.62,0.0,0.16306626846965538,0.16306626846965538,0.0,100.26032184749843
16.63,0.0,0.1630585431860971,0.1630585431860971,0.0,100.24800301950879
16.64,0.0,0.1630508392182438,0.1630508392182438,0.0,100.23569758994796
16.65,0.0,0.16304314637948833,0.16304314637948833,0.0,100.22338085836392
16.66,0.0,0.1630354628515266,0.1630354628515266,0.0,100.21110044145135
16.67,0.0,0.16302779053995153,0.16302779053995153,0.0,100.19881241764878
16.68,0.0,0.16302013835080065,0.16302013835080065,0.0,100.18652735179583
16.69,0.0,0.16301248646512492,0.16301248646512492,0.0,100.17424107168189
16.7,0.0,0.16300485578886506,0.16300485578886506,0.0,100.16198814661297
16.71,0.0,0.16299723422840562,0.16299723422840562,0.0,100.14973408849542
16.72,0.0,0.16298962396415395,0.16298962396415395,0.0,100.13746810773455
16.73,0.0,0.1629820339023967,0.1629820339023967,0.0,100.12522539843894
16.74,0.0,0.16297445404083927,0.16297445404083927,0.0,100.11297555708879
16.75,0.0,0.16296688428632702,0.16296688428632702,0.0,100.10075443286868
16.76,0.0,0.16295932481841166,0.16295932481841166,0.0,100.08853782722265
16.77,0.0,0.1629517755438425,0.1629517755438425,0.0,100.07632881820555
16.78,0.0,0.16294424646034603,0.16294424646034603,0.0,100.06411130046105
16.79,0.0,0.16293671747522306,0.16293671747522306,0.0,100.05190436972329
16.8,0.0,0.16292920876717976,0.16292920876717976,0.0,100.03971781187734
16.81,0.0,0.1629217112434227,0.1629217112434227,0.0,100.02753515663555
16.82,0.0,0.16291422290169733,0.16291422290169733,0.0,100.01535518975453
16.83,0.0,0.1629067547397585,0.1629067547397585,0.0,100.00318697361143
16.84,0.0,0.16289929575536444,0.16289929575536444,0.0,99.99102806442768
16.85,0.0,0.16289184785649674,0.16289184785649674,0.0,99.97886641264245
16.86,0.0,0.16288440022060197,0.16288440022060197,0.0,99.96672602366584
16.87,0.0,0.1628769817555615,0.1628769817555615,0.0,99.9545883943613
16.88,0.0,0.1628695634591571,0.1628695634591571,0.0,99.942444414148
16.89,0.0,0.16286216532917513,0.16286216532917513,0.0,99.93032966013872
16.9,0.0,0.1628547673634062,0.1628547673634062,0.0,99.91820076741601
16.91,0.0,0.162847399559647,0.162847399559647,0.0,99.90608824109226
16.92,0.0,0.16284003091569957,0.16284003091569957,0.0,99.89399905735645
16.93,0.0,0.16283267242937022,0.16283267242937022,0.0,99.88189494896974
16.94,0.0,0.1628253340984728,0.1628253340984728,0.0,99.86980175583814
16.95,0.0,0.16281799492082338,0.16281799492082338,0.0,99.85772153949335
16.96,0.0,0.1628106758942452,0.1628106758942452,0.0,99.84565228898852
16.97,0.0,0.16280337701656694,0.16280337701656694,0.0,99.83357590354404
16.98,0.0,0.1627960772856204,0.1627960772856204,0.0,99.82152977042729
16.99,0.0,0.1627887876992456,0.1627887876992456,0.0,99.8094760135535
17.0,0.0,0.1627815172552846,0.1627815172552846,0.0,99.7974210535641
17.01,0.0,0.16277425695158684,0.16277425695158684,0.0,99.78539178939765
17.02,0.0,0.16276700678600686,0.16276700678600686,0.0,99.77336178520873
17.03,0.0,0.1627597657564022,0.1627597657564022,0.0,99.76133005372606
17.04,0.0,0.16275254386063662,0.16275254386063662,0.0,99.74931023235062
17.05,0.0,0.16274533309658168,0.16274533309658168,0.0,99.73731089696857
17.06,0.0,0.16273812046210773,0.16273812046210773,0.0,99.72529658583429
17.07,0.0,0.16273092795509755,0.16273092795509755,0.0,99.71330485406862
17.08,0.0,0.16272375457343302,0.16272375457343302,0.0,99.70132617036597
17.09,0.0,0.16271658131500522,0.16271658131500522,0.0,99.68934410407446
17.1,0.0,0.162709427177707,0.162709427177707,0.0,99.67737316641056
17.11,0.0,0.16270227324650696,0.16270227324650696,0.0,99.66541439915912
17.12,0.0,0.16269513834507082,0.16269513834507082,0.0,99.65344077777509
17.13,0.0,0.16268801255847712,0.16268801255847712,0.0,99.64149052263686
17.14,0.0,0.16268090688464162,0.16268090688464162,0.0,99.62955693135525
17.15,0.0,0.16267380032148268,0.16267380032148268,0.0,99.61761723452146
17.16,0.0,0.16266671286692488,0.16266671286692488,0.0,99.60569092562342
17.17,0.0,0.16265963460535415,0.16265963460535415,0.0,99.59376169476631
17.18,0.0,0.16265256636168915,0.16265256636168915,0.0,99.58184648177591
17.19,0.0,0.1626455072204253,0.1626455072204253,0.0,99.56994119224515
17.2,0.0,0.16263845717950934,0.16263845717950934,0.0,99.55804174751668
17.21,0.0,0.162631426236887,0.162631426236887,0.0,99.54614568309059
17.22,0.0,0.16262440447646864,0.16262440447646864,0.0,99.53425940960773
17.23,0.0,0.162617392724202,0.162617392724202,0.0,99.52238122240756
17.24,0.0,0.162610389064105,0.162610389064105,0.0,99.51050347386108
17.25,0.0,0.1626033955798012,0.1626033955798012,0.0,99.49864322116792
17.26,0.0,0.1625964210978531,0.1625964210978531,0.0,99.48679299095078
17.27,0.0,0.1625894457019925,0.1625894457019925,0.0,99.47494255379222
17.28,0.0,0.16258248939020106,0.16258248939020106,0.0,99.46308676860541
17.29,0.0,0.16257554224572637,0.16257554224572637,0.0,99.45125078946239
17.3,0.0,0.16256860409594215,0.16256860409594215,0.0,99.439418412918
17.31,0.0,0.16256167502420416,0.16256167502420416,0.0,99.42760558776307
17.32,0.0,0.1625547651134739,0.1625547651134739,0.0,99.41578445338067
17.33,0.0,0.16254786419173614,0.16254786419173614,0.0,99.40398831879045
17.34,0.0,0.16254097242682675,0.16254097242682675,0.0,99.39218391031551
17.35,0.0,0.16253408964713212,0.16253408964713212,0.0,99.38037558383957
17.36,0.0,0.16252721593553515,0.16252721593553515,0.0,99.36859560404743
17.37,0.0,0.16252036037453257,0.16252036037453257,0.0,99.3568180483096
17.38,0.0,0.16251350479311277,0.16251350479311277,0.0,99.3450365262235
17.39,0.0,0.16250666835815678,0.16250666835815678,0.0,99.33327842554333
17.4,0.0,0.16249983989904818,0.16249983989904818,0.0,99.32151227860092
17.41,0.0,0.16249302049820769,0.16249302049820769,0.0,99.30976368412216
17.42,0.0,0.16248621023766804,0.16248621023766804,0.0,99.2980167377392
17.43,0.0,0.16247941894741294,0.16247941894741294,0.0,99.28629084193109
17.44,0.0,0.162472625793374,0.162472625793374,0.0,99.27455418399518
17.45,0.0,0.16246585160593002,0.16246585160593002,0.0,99.2628330870893
17.46,0.0,0.16245908755063795,0.16245908755063795,0.0,99.25111169053731
17.47,0.0,0.16245233045826915,0.16245233045826915,0.0,99.239420772336
17.48,0.0,0.16244559349400653,0.16244559349400653,0.0,99.22770066231016
17.49,0.0,0.162438854489013,0.162438854489013,0.0,99.21600124637175
17.5,0.0,0.16243213460809774,0.16243213460809774,0.0,99.20431198073992
17.51,0.0,0.162425412682815,0.162425412682815,0.0,99.19262842697994
17.52,0.0,0.16241871987759945,0.16241871987759945,0.0,99.18095124455488
17.53,0.0,0.16241202610733174,0.16241202610733174,0.0,99.16928898072055
17.54,0.0,0.16240534028727552,0.16240534028727552,0.0,99.15763119867589
17.55,0.0,0.16239866358130672,0.16239866358130672,0.0,99.14597104432963
17.56,0.0,0.16239200582195618,0.16239200582195618,0.0,99.13433359056003
17.57,0.0,0.16238535617272934,0.16238535617272934,0.0,99.12269689774641
17.58,0.0,0.16237871554900402,0.16237871554900402,0.0,99.11106341809814
17.59,0.0,0.1623720828665365,0.1623720828665365,0.0,99.0994361574902
17.6,0.0,0.1623654582882827,0.1623654582882827,0.0,99.08780824390774
17.61,0.0,0.16235885264773525,0.16235885264773525,0.0,99.07619826659034
17.62,0.0,0.16235225610748408,0.16235225610748408,0.0,99.06458517056603
17.63,0.0,0.16234566758339544,0.16234566758339544,0.0,99.05298721470362
17.64,0.0,0.16233907699171835,0.16233907699171835,0.0,99.04140626669637
17.65,0.0,0.162332515494492,0.162332515494492,0.0,99.02980815498042
17.66,0.0,0.16232595300787955,0.16232595300787955,0.0,99.01824368205642
17.67,0.0,0.16231940744841877,0.16231940744841877,0.0,99.00667724129953
17.68,0.0,0.16231286197760644,0.16231286197760644,0.0,98.99510028227667
17.69,0.0,0.1623063335118941,0.1623063335118941,0.0,98.98354462339123
17.7,0.0,0.16229981404945568,0.16229981404945568,0.0,98.97198206951589
17.71,0.0,0.16229330250721533,0.16229330250721533,0.0,98.9604493814218
17.72,0.0,0.16228680904594345,0.16228680904594345,0.0,98.94890882947013
17.73,0.0,0.1622803145824848,0.1622803145824848,0.0,98.9373881812026
17.74,0.0,0.16227383811502555,0.16227383811502555,0.0,98.92584856829241
17.75,0.0,0.16226735956087598,0.16226735956087598,0.0,98.91433144507953
17.76,0.0,0.16226090008008856,0.16226090008008856,0.0,98.9028247974839
17.77,0.0,0.16225444758988963,0.16225444758988963,0.0,98.89132845425812
17.78,0.0,0.16224801508848596,0.16224801508848596,0.0,98.87982218656163
17.79,0.0,0.16224157957408364,0.16224157957408364,0.0,98.86833903235258
17.8,0.0,0.16223516296446958,0.16223516296446958,0.0,98.85685819711126
17.81,0.0,0.16222875341880527,0.16222875341880527,0.0,98.8453791901303
17.82,0.0,0.16222235285479486,0.16222235285479486,0.0,98.83391235701183
17.83,0.0,0.16221595927066282,0.16221595927066282,0.0,98.82244150584962
17.84,0.0,0.16220957466464006,0.16220957466464006,0.0,98.8109970916337
17.85,0.0,0.16220319803495864,0.16220319803495864,0.0,98.7995415519646
17.86,0.0,0.16219684037985646,0.16219684037985646,0.0,98.78809855270495
17.87,0.0,0.16219048961777802,0.16219048961777802,0.0,98.77667520836788
17.88,0.0,0.1621841469066514,0.1621841469066514,0.0,98.76522834581137
17.89,0.0,0.16217781316484134,0.16217781316484134,0.0,98.75381390424259
17.9,0.0,0.16217148639059903,0.16217148639059903,0.0,98.74240330260263
17.91,0.0,0.1621651675821837,0.1621651675821837,0.0,98.73097965861069
17.92,0.0,0.16215886773785854,0.16215886773785854,0.0,98.71959283717771
17.93,0.0,0.16215256585588547,0.16215256585588547,0.0,98.70818851684095
17.94,0.0,0.16214628093453617,0.16214628093453617,0.0,98.69679780683991
17.95,0.0,0.1621400039720829,0.1621400039720829,0.0,98.68542287492946
17.96,0.0,0.16213373596680503,0.16213373596680503,0.0,98.67405364414829
17.97,0.0,0.16212748491698262,0.16212748491698262,0.0,98.66268704501908
17.98,0.0,0.16212123182089966,0.16212123182089966,0.0,98.65130750146487
17.99,0.0,0.16211499667684792,0.16211499667684792,0.0,98.63996162203664
18.0,0.0,0.16210876948311911,0.16210876948311911,0.0,98.62862069306608
18.01,0.0,0.16210254023800946,0.16210254023800946,0.0,98.6172712647318
18.02,0.0,0.16209632793982065,0.16209632793982065,0.0,98.60594568603544
18.03,0.0,0.1620901345868586,0.1620901345868586,0.0,98.59462320284128
18.04,0.0,0.16208393817742997,0.16208393817742997,0.0,98.58328286788313
18.05,0.0,0.16207776070984822,0.16207776070984822,0.0,98.57197160454875
18.06,0.0,0.16207157918242854,0.16207157918242854,0.0,98.56065331364108
18.07,0.0,0.1620654165934924,0.1620654165934924,0.0,98.54936712007792
18.08,0.0,0.1620592619413633,0.1620592619413633,0.0,98.53807798565187
18.09,0.0,0.16205311422436838,0.16205311422436838,0.0,98.5267832832448
18.1,0.0,0.16204698444083956,0.16204698444083956,0.0,98.51548615813383
18.11,0.0,0.16204085258911238,0.16204085258911238,0.0,98.50421613671892
18.12,0.0,0.1620347377451282,0.1620347377451282,0.0,98.49295981097178
18.13,0.0,0.1620286207519379,0.1620286207519379,0.0,98.48167492008943
18.14,0.0,0.16202252168557893,0.16202252168557893,0.0,98.47043012518466
18.15,0.0,0.16201642954439874,0.16201642954439874,0.0,98.45918297993255
18.16,0.0,0.16201034632675496,0.16201034632675496,0.0,98.44793362255862
18.17,0.0,0.1620042800310016,0.1620042800310016,0.0,98.43670240591328
18.18,0.0,0.1619982106555025,0.1619982106555025,0.0,98.42546219721096
18.19,0.0,0.1619921592756276,0.1619921592756276,0.0,98.41425931397049
18.2,0.0,0.16198611573565097,0.16198611573565097,0.0,98.40305149950561
18.21,0.0,0.16198007911103426,0.16198007911103426,0.0,98.39182038759427
18.22,0.0,0.16197404940015372,0.16197404940015372,0.0,98.38063106546475
18.23,0.0,0.1619680286013912,0.1619680286013912,0.0,98.3694184334359
18.24,0.0,0.16196201478971045,0.16196201478971045,0.0,98.35823109845006
18.25,0.0,0.16195601781025148,0.16195601781025148,0.0,98.34704486420584
18.26,0.0,0.16195002873807054,0.16195002873807054,0.0,98.33586953471482
18.27,0.0,0.16194403657156217,0.16194403657156217,0.0,98.32470544316159
18.28,0.0,0.16193806238537342,0.16193806238537342,0.0,98.31354654258523
18.29,0.0,0.16193210602532632,0.16193210602532632,0.0,98.3023861639981
18.3,0.0,0.16192614656615792,0.16192614656615792,0.0,98.29122354585479
18.31,0.0,0.1619201940062759,0.1619201940062759,0.0,98.2800859450467
18.32,0.0,0.16191425842000656,0.16191425842000656,0.0,98.26895282203408
18.33,0.0,0.16190833165385835,0.16190833165385835,0.0,98.2578241854999
18.34,0.0,0.16190240078224474,0.16190240078224474,0.0,98.24669053844742
18.35,0.0,0.16189648787925434,0.16189648787925434,0.0,98.23556667331695
18.36,0.0,0.16189058179190163,0.16189058179190163,0.0,98.22446959064898
18.37,0.0,0.16188469359436577,0.16188469359436577,0.0,98.21334911642417
18.38,0.0,0.16187880236049546,0.16187880236049546,0.0,98.20225256500578
18.39,0.0,0.16187292793781247,0.16187292793781247,0.0,98.19116590774667
18.4,0.0,0.16186705140025745,0.16186705140025745,0.0,98.18006521110965
18.41,0.0,0.1618611918214448,0.1618611918214448,0.0,98.16898060195243
18.42,0.0,0.16185534004939922,0.16185534004939922,0.0,98.15791690769353
18.43,0.0,0.16184950415782395,0.16184950415782395,0.0,98.1468510565895
18.44,0.0,0.1618436662200997,0.1618436662200997,0.0,98.13579034812788
18.45,0.0,0.1618378350847525,0.1618378350847525,0.0,98.12473483560724
18.46,0.0,0.16183202190001272,0.16183202190001272,0.0,98.11369966442676
18.47,0.0,0.16182620451473975,0.16182620451473975,0.0,98.1026412385218
18.48,0.0,0.16182040500224512,0.16182040500224512,0.0,98.09161525934296
18.49,0.0,0.16181461243552045,0.16181461243552045,0.0,98.0805806937527
18.5,0.0,0.16180883666392099,0.16180883666392099,0.0,98.06955583680896
18.51,0.0,0.16180305883488552,0.16180305883488552,0.0,98.05854163129858
18.52,0.0,0.16179728679809713,0.16179728679809713,0.0,98.04753473996217
18.53,0.0,0.16179153270067795,0.16179153270067795,0.0,98.03651079627018
18.54,0.0,0.16178577539264274,0.16178577539264274,0.0,98.02553343860782
18.55,0.0,0.16178003502079685,0.16178003502079685,0.0,98.01454536003831
18.56,0.0,0.161774301435483,0.161774301435483,0.0,98.00355581988838
18.57,0.0,0.1617685747831934,0.1617685747831934,0.0,97.99258220489152
18.58,0.0,0.1617628659145969,0.1617628659145969,0.0,97.98159943784836
18.59,0.0,0.16175715297587362,0.16175715297587362,0.0,97.97063734262338
18.6,0.0,0.1617514478180175,0.1617514478180175,0.0,97.95968260394405
18.61,0.0,0.1617457585868957,0.1617457585868957,0.0,97.9487337203033
18.62,0.0,0.16174007713382899,0.16174007713382899,0.0,97.93777529615173
18.63,0.0,0.1617344016043718,0.1617344016043718,0.0,97.92684626085847
18.64,0.0,0.1617287338501697,0.1617287338501697,0.0,97.91591886969778
18.65,0.0,0.16172307301646713,0.16172307301646713,0.0,97.90497060033928
18.66,0.0,0.1617174279552291,0.1617174279552291,0.0,97.89406694972195
18.67,0.0,0.1617117808113962,0.1617117808113962,0.0,97.88313818355891
18.68,0.0,0.16170614951025972,0.16170614951025972,0.0,97.87223464439815
18.69,0.0,0.16170051597742902,0.16170051597742902,0.0,97.86132992220422
18.7,0.0,0.1616948993573836,0.1616948993573836,0.0,97.85043829244069
18.71,0.0,0.16168928850288689,0.16168928850288689,0.0,97.83955417850552
18.72,0.0,0.1616836945581107,0.1616836945581107,0.0,97.8286518750612
18.73,0.0,0.16167809844875733,0.16167809844875733,0.0,97.81777665713794
18.74,0.0,0.16167250810084074,0.16167250810084074,0.0,97.8069076386634
18.75,0.0,0.161666934658075,0.161666934658075,0.0,97.79605413884055
18.76,0.0,0.161661367046404,0.161661367046404,0.0,97.78517722614448
18.77,0.0,0.16165580719208694,0.16165580719208694,0.0,97.7743451785343
18.78,0.0,0.1616502442383807,0.1616502442383807,0.0,97.76348041805853
18.79,0.0,0.16164470711147164,0.16164470711147164,0.0,97.75265704773557
18.8,0.0,0.16163916673785764,0.16163916673785764,0.0,97.7418069109795
18.81,0.0,0.16163363326034474,0.16163363326034474,0.0,97.73097499313629
18.82,0.0,0.1616281166053593,0.1616281166053593,0.0,97.7201663327772
18.83,0.0,0.16162259669963994,0.16162259669963994,0.0,97.70934729916225
18.84,0.0,0.16161709268553892,0.16161709268553892,0.0,97.6985406432593
18.85,0.0,0.16161159648972553,0.16161159648972553,0.0,97.68773861339396
18.86,0.0,0.1616061061107896,0.1616061061107896,0.0,97.67694510398096
18.87,0.0,0.16160062147578722,0.16160062147578722,0.0,97.66614668983716
18.88,0.0,0.16159514472647468,0.16159514472647468,0.0,97.65536522881217
18.89,0.0,0.16158968378983574,0.16158968378983574,0.0,97.6445918928506
18.9,0.0,0.16158422966447664,0.16158422966447664,0.0,97.63382043579553
18.91,0.0,0.1615787712777657,0.1615787712777657,0.0,97.62306516223843
18.92,0.0,0.16157332977086564,0.16157332977086564,0.0,97.61229000794648
18.93,0.0,0.16156789507107752,0.16156789507107752,0.0,97.60153646272407
18.94,0.0,0.16156246717701786,0.16156246717701786,0.0,97.59079998360878
18.95,0.0,0.16155704508730453,0.16155704508730453,0.0,97.58005393472881
18.96,0.0,0.1615516397297026,0.1615516397297026,0.0,97.56931221188792
18.97,0.0,0.1615462302446329,0.1615462302446329,0.0,97.55859168713283
18.98,0.0,0.1615408375597882,0.1615408375597882,0.0,97.54785049745598
18.99,0.0,0.16153544167380213,0.16153544167380213,0.0,97.53714643079515
19.0,0.0,0.16153006158530778,0.16153006158530778,0.0,97.52643756573018
19.01,0.0,0.1615246882224565,0.1615246882224565,0.0,97.51573334853681
19.02,0.0,0.16151932072493802,0.16151932072493802,0.0,97.50503282058726
19.03,0.0,0.16151397002083467,0.16151397002083467,0.0,97.49433481314666
19.04,0.0,0.16150861610879286,0.16150861610879286,0.0,97.48365798905813
19.05,0.0,0.1615032679874623,0.1615032679874623,0.0,97.4729754850952
19.06,0.0,0.1614979356554952,0.1614979356554952,0.0,97.46229258365746
19.07,0.0,0.16149261011154772,0.16149261011154772,0.0,97.45163726403715
19.08,0.0,0.16148729135427908,0.16148729135427908,0.0,97.44097449764548
19.09,0.0,0.16148197838234918,0.16148197838234918,0.0,97.43031184216868
19.1,0.0,0.16147667112459937,0.16147667112459937,0.0,97.41966532229983
19.11,0.0,0.16147137071941656,0.16147137071941656,0.0,97.40902096102667
19.12,0.0,0.16146607709557523,0.16146607709557523,0.0,97.39837051476782
19.13,0.0,0.16146079925174797,0.16146079925174797,0.0,97.38774332133953
19.14,0.0,0.16145552718660944,0.16145552718660944,0.0,97.37712642449344
19.15,0.0,0.16145025189883952,0.16145025189883952,0.0,97.36650120634172
19.16,0.0,0.16144499238711926,0.16144499238711926,0.0,97.35588386016387
19.17,0.0,0.16143973965013408,0.16143973965013408,0.0,97.34527772941996
19.18,0.0,0.16143449268657079,0.16143449268657079,0.0,97.33468180086604
19.19,0.0,0.16142925149511775,0.16142925149511775,0.0,97.32409254173297
19.2,0.0,0.16142402607446918,0.16142402607446918,0.0,97.31348780920472
19.21,0.0,0.161418797423322,0.161418797423322,0.0,97.30290966455547
19.22,0.0,0.16141358554037452,0.16141358554037452,0.0,97.29234132837237
19.23,0.0,0.16140837942432765,0.16140837942432765,0.0,97.28174940702695
19.24,0.0,0.16140317907388405,0.16140317907388405,0.0,97.27120002967948
19.25,0.0,0.16139798448775233,0.16139798448775233,0.0,97.26063361818326
19.26,0.0,0.16139279666464276,0.16139279666464276,0.0,97.25007588362753
19.27,0.0,0.1613876146032668,0.1613876146032668,0.0,97.2395408681334
19.28,0.0,0.16138243830233945,0.16138243830233945,0.0,97.22899233222866
19.29,0.0,0.16137727776057978,0.16137727776057978,0.0,97.21846407189479
19.3,0.0,0.16137211397670892,0.16137211397670892,0.0,97.20791798396745
19.31,0.0,0.16136696594944927,0.16136696594944927,0.0,97.19740951642787
19.32,0.0,0.16136182467752877,0.16136182467752877,0.0,97.18689262189599
19.33,0.0,0.16135668822784155,0.16135668822784155,0.0,97.17637488222478
19.34,0.0,0.16135155846271698,0.16135155846271698,0.0,97.16586489106365
19.35,0.0,0.16134643444912533,0.16134643444912533,0.0,97.15537716370211
19.36,0.0,0.16134131618580452,0.16134131618580452,0.0,97.14487244366535
19.37,0.0,0.16133621367149473,0.16133621367149473,0.0,97.13438642105048
19.38,0.0,0.1613311179049402,0.1613311179049402,0.0,97.12390732132016
19.39,0.0,0.1613260168848822,0.1613260168848822,0.0,97.11342738282964
19.4,0.0,0.16132093261007377,0.16132093261007377,0.0,97.10294407990928
19.41,0.0,0.16131585414686625,0.16131585414686625,0.0,97.0924975400958
19.42,0.0,0.1613107813587357,0.1613107813587357,0.0,97.08202462834466
19.43,0.0,0.16130571431211332,0.16130571431211332,0.0,97.07157904670333
19.44,0.0,0.1613006640057573,0.1613006640057573,0.0,97.06112468834898
19.45,0.0,0.16129560843842783,0.16129560843842783,0.0,97.05070377081965
19.46,0.0,0.16129056960889115,0.16129056960889115,0.0,97.04024375605613
19.47,0.0,0.16128552658309958,0.16128552658309958,0.0,97.02982967994033
19.48,0.0,0.16128049822537888,0.16128049822537888,0.0,97.01940065346426
19.49,0.0,0.16127547660175856,0.16127547660175856,0.0,97.00898340745255
19.5,0.0,0.16127046071101198,0.16127046071101198,0.0,96.99857348829863
19.51,0.0,0.16126545055191718,0.16126545055191718,0.0,96.98817005545004
19.52,0.0,0.16126044619009622,0.16126044619009622,0.0,96.9777738206769
19.53,0.0,0.16125545749057654,0.16125545749057654,0.0,96.96736859853513
19.54,0.0,0.16125046451905617,0.16125046451905617,0.0,96.95698761925182
19.55,0.0,0.16124548727432217,0.16124548727432217,0.0,96.9466035463491
19.56,0.0,0.16124050582173316,0.16124050582173316,0.0,96.93621794412935
19.57,0.0,0.16123554002687626,0.16123554002687626,0.0,96.92375676467886
19.58,0.0,0.16123057995518425,0.16123057995518425,0.0,96.91303247688586
19.59,0.0,0.16122562460545298,0.16122562460545298,0.0,96.9023260680427
19.6,0.0,0.16122067604278212,0.16122067604278212,0.0,96.89161968815061
19.61,0.0,0.1612157331333131,0.1612157331333131,0.0,96.8808899387845
19.62,0.0,0.16121080594221437,0.16121080594221437,0.0,96.8701819034297
19.63,0.0,0.16120587446829585,0.16120587446829585,0.0,96.85947163897183
19.64,0.0,0.1612009577763919,0.1612009577763919,0.0,96.84877463920662
19.65,0.0,0.1611960477331977,0.1611960477331977,0.0,96.83807261832283
19.66,0.0,0.16119114240362234,0.16119114240362234,0.0,96.82736987245652
19.67,0.0,0.16118623285230732,0.16118623285230732,0.0,96.816668343361
19.68,0.0,0.16118134994635883,0.16118134994635883,0.0,96.80596361648827
19.69,0.0,0.16117646175048989,0.16117646175048989,0.0,96.79526750414082
19.7,0.0,0.16117157832914988,0.16117157832914988,0.0,96.78457723365833
19.71,0.0,0.16116670154985488,0.16116670154985488,0.0,96.77388455436966
19.72,0.0,0.1611618405426144,0.1611618405426144,0.0,96.76320128348594
19.73,0.0,0.16115698417521357,0.16115698417521357,0.0,96.75251704144067
19.74,0.0,0.1611521235120467,0.1611521235120467,0.0,96.74183821551726
19.75,0.0,0.16114727961724276,0.16114727961724276,0.0,96.73114310402863
19.76,0.0,0.1611424393589911,0.1611424393589911,0.0,96.72047503156028
19.77,0.0,0.16113760580149514,0.16113760580149514,0.0,96.70979619679461
19.78,0.0,0.16113278800869107,0.16113278800869107,0.0,96.69912710670862
19.79,0.0,0.16112796484917505,0.16112796484917505,0.0,96.68845311648624
19.8,0.0,0.1611231474519183,0.1611231474519183,0.0,96.67779014583958
19.81,0.0,0.16111834468578423,0.16111834468578423,0.0,96.66711519386249
19.82,0.0,0.16111354867948496,0.16111354867948496,0.0,96.65646576249176
19.83,0.0,0.1611087473021529,0.1611087473021529,0.0,96.64578866144319
19.84,0.0,0.16110396161754398,0.16110396161754398,0.0,96.6351242078492
19.85,0.0,0.16109918168915177,0.16109918168915177,0.0,96.62447774239989
19.86,0.0,0.16109440638651037,0.16109440638651037,0.0,96.61381320290596
19.87,0.0,0.16108963683768732,0.16108963683768732,0.0,96.60316810919748
19.88,0.0,0.1610848829124825,0.1610848829124825,0.0,96.59250981528136
19.89,0.0,0.1610801247387074,0.1610801247387074,0.0,96.58186906163053
19.9,0.0,0.16107538118642523,0.16107538118642523,0.0,96.57123372673541
19.91,0.0,0.16107063238319336,0.16107063238319336,0.0,96.56058167877478
19.92,0.0,0.16106590019934167,0.16106590019934167,0.0,96.54994664165584
19.93,0.0,0.16106117276217,0.16106117276217,0.0,96.53930499886549
19.94,0.0,0.16105645094227208,0.16105645094227208,0.0,96.52866800564077
19.95,0.0,0.16105173386669475,0.16105173386669475,0.0,96.51803506553833
19.96,0.0,0.1610470224062939,0.1610470224062939,0.0,96.50739124338651
19.97,0.0,0.16104232668786483,0.16104232668786483,0.0,96.49676737942805
19.98,0.0,0.16103762558252382,0.16103762558252382,0.0,96.48613968990941
19.99,0.0,0.16103294021681439,0.16103294021681439,0.0,96.47552441696277
20.0,0.0,0.16102824946211336,0.16102824946211336,0.0,96.46489186861801
20.01,0.0,0.1610235754447145,0.1610235754447145,0.0,96.45427818820207
20.02,0.0,0.1610189050997889,0.1610189050997889,0.0,96.44365287879258
20.03,0.0,0.16101424036277084,0.16101424036277084,0.0,96.43304726384737
20.04,0.0,0.1610095813595765,0.1610095813595765,0.0,96.42243619414486
20.05,0.0,0.16100492696222943,0.16100492696222943,0.0,96.41182563881605
20.06,0.0,0.16100027829640062,0.16100027829640062,0.0,96.40122642736034
20.07,0.0,0.16099564423437163,0.16099564423437163,0.0,96.39061612905117
20.08,0.0,0.16099100590156248,0.16099100590156248,0.0,96.38001183189186
20.09,0.0,0.16098638223360687,0.16098638223360687,0.0,96.36941987901157
20.1,0.0,0.16098175416639565,0.16098175416639565,0.0,96.35882760764387
20.11,0.0,0.1609771408249754,0.1609771408249754,0.0,96.34823600035632
20.12,0.0,0.16097253314517745,0.16097253314517745,0.0,96.33764102731968
20.13,0.0,0.16096793006308496,0.16096793006308496,0.0,96.3270469466487
20.14,0.0,0.16096333270337804,0.16096333270337804,0.0,96.31645155047711
20.15,0.0,0.16095873993936236,0.16095873993936236,0.0,96.30586253900441
20.16,0.0,0.16095416189547107,0.16095416189547107,0.0,96.29530271348165
20.17,0.0,0.16094957950785957,0.16094957950785957,0.0,96.28471049813497
20.18,0.0,0.1609450127129351,0.1609450127129351,0.0,96.27414147340083
20.19,0.0,0.16094044063476193,0.16094044063476193,0.0,96.26355776149819
20.2,0.0,0.16093588320968932,0.16093588320968932,0.0,96.252981931346
20.21,0.0,0.1609313313743178,0.1609313313743178,0.0,96.24241743936341
20.22,0.0,0.16092678425234538,0.16092678425234538,0.0,96.23185537547747
20.23,0.0,0.16092224178031375,0.16092224178031375,0.0,96.22128616700464
20.24,0.0,0.160917704957176,0.160917704957176,0.0,96.21074275679219
20.25,0.0,0.16091317271978542,0.16091317271978542,0.0,96.20017914485074
20.26,0.0,0.16090865619135739,0.16090865619135739,0.0,96.18962084454937
20.27,0.0,0.16090413430868913,0.16090413430868913,0.0,96.17906802678257
20.28,0.0,0.16089962700882435,0.16089962700882435,0.0,96.16852136970125
20.29,0.0,0.16089511541461887,0.16089511541461887,0.0,96.15797419239128
20.3,0.0,0.16089061846305755,0.16089061846305755,0.0,96.14742326037634
20.31,0.0,0.16088612615310913,0.16088612615310913,0.0,96.13687459106117
20.32,0.0,0.16088163842207012,0.16088163842207012,0.0,96.12632441634614
20.33,0.0,0.16087715639231337,0.16087715639231337,0.0,96.11580127143654
20.34,0.0,0.16087267900108143,0.16087267900108143,0.0,96.10526946452556
20.35,0.0,0.160868217247348,0.160868217247348,0.0,96.0947351534874
20.36,0.0,0.16086375013008958,0.16086375013008958,0.0,96.08420157273176
20.37,0.0,0.16085928758691836,0.16085928758691836,0.0,96.07366582868688
20.38,0.0,0.1608548397396106,0.1608548397396106,0.0,96.06315113543543
20.39,0.0,0.16085039652572078,0.16085039652572078,0.0,96.05262846641473
20.4,0.0,0.1608459589442361,0.1608459589442361,0.0,96.0421161534919
20.41,0.0,0.1608415159941429,0.1608415159941429,0.0,96.03160454479608
20.42,0.0,0.1608370886133646,0.1608370886133646,0.0,96.02107890513588
20.43,0.0,0.16083266492308368,0.16083266492308368,0.0,96.01057098241044
20.44,0.0,0.1608282568611702,0.1608282568611702,0.0,96.00006225459181
20.45,0.0,0.16082384242661665,0.16082384242661665,0.0,95.98955248149076
20.46,0.0,0.16081943461842446,0.16081943461842446,0.0,95.97905863348835
20.47,0.0,0.16081504043559075,0.16081504043559075,0.0,95.96854561888856
20.48,0.0,0.16081064081640925,0.16081064081640925,0.0,95.95805553973315
20.49,0.0,0.16080625688136085,0.16080625688136085,0.0,95.94755339494108
20.5,0.0,0.16080187756868253,0.16080187756868253,0.0,95.93706406935081
20.51,0.0,0.16079750287738367,0.16079750287738367,0.0,95.92657706286322
20.52,0.0,0.16079313280647262,0.16079313280647262,0.0,95.91609737792113
20.53,0.0,0.16078876735496142,0.16078876735496142,0.0,95.9055977067088
20.54,0.0,0.1607844065218651,0.1607844065218651,0.0,95.89511821379945
20.55,0.0,0.16078005130620024,0.16078005130620024,0.0,95.88463429138409
20.56,0.0,0.16077571064674742,0.16077571064674742,0.0,95.87415875633377
20.57,0.0,0.16077136466305775,0.16077136466305775,0.0,95.86368902611741
20.58,0.0,0.16076703229385672,0.16076703229385672,0.0,95.85321501106864
20.59,0.0,0.16076270553817143,0.16076270553817143,0.0,95.84276404557636
20.6,0.0,0.16075837339502666,0.16075837339502666,0.0,95.83229030204396
20.61,0.0,0.16075405586344946,0.16075405586344946,0.0,95.82183043957534
20.62,0.0,0.16074974394247135,0.16074974394247135,0.0,95.81134966016401
20.63,0.0,0.1607454356311226,0.1607454356311226,0.0,95.80090727931946
20.64,0.0,0.16074113192843775,0.16074113192843775,0.0,95.79045556416052
20.65,0.0,0.16073684383345313,0.16073684383345313,0.0,95.77999930508098
20.66,0.0,0.16073254934520492,0.16073254934520492,0.0,95.76955665228625
20.67,0.0,0.16072826046273492,0.16072826046273492,0.0,95.75911266119778
20.68,0.0,0.16072398518508388,0.16072398518508388,0.0,95.74865937384175
20.69,0.0,0.16071971551129563,0.16071971551129563,0.0,95.73821950358374
20.7,0.0,0.16071543944041453,0.16071543944041453,0.0,95.72778242250158
20.71,0.0,0.16071117897148995,0.16071117897148995,0.0,95.71734172540931
20.72,0.0,0.16070692210356907,0.16070692210356907,0.0,95.70691517538924
20.73,0.0,0.16070267083570647,0.16070267083570647,0.0,95.69648461026974
20.74,0.0,0.1606984231669516,0.1606984231669516,0.0,95.68605829853706
20.75,0.0,0.16069419109636354,0.16069419109636354,0.0,95.67563225453982
20.76,0.0,0.16068995262299596,0.16068995262299596,0.0,95.66522382805464
20.77,0.0,0.16068571874590926,0.16068571874590926,0.0,95.65479413606322
20.78,0.0,0.16068150046416554,0.16068150046416554,0.0,95.64438658361969
20.79,0.0,0.1606772757768256,0.1606772757768256,0.0,95.63396552944062
20.8,0.0,0.16067306668295542,0.16067306668295542,0.0,95.62354720700426
20.81,0.0,0.1606688611816207,0.1606688611816207,0.0,95.61315979516658
20.82,0.0,0.16066466027188978,0.16066466027188978,0.0,95.6027510627492
20.83,0.0,0.16066046395283404,0.16066046395283404,0.0,95.59235997492779
20.84,0.0,0.16065627222352485,0.16065627222352485,0.0,95.58193998233453
20.85,0.0,0.16065208508303735,0.16065208508303735,0.0,95.5715551760719
20.86,0.0,0.16064790153044467,0.16064790153044467,0.0,95.56115241948525
20.87,0.0,0.1606437335648284,0.1606437335648284,0.0,95.55076265350176
20.88,0.0,0.16063956024366544,0.16063956024366544,0.0,95.54038602293637
20.89,0.0,0.1606354004491828,0.1606354004491828,0.0,95.52999693471952
20.9,0.0,0.1606312352389184,0.1606312352389184,0.0,95.51961203662111
20.91,0.0,0.16062708461195835,0.16062708461195835,0.0,95.50923848997897
20.92,0.0,0.1606229385673909,0.1606229385673909,0.0,95.49885064717633
20.93,0.0,0.16061879710430285,0.16061879710430285,0.0,95.48849036763104
20.94,0.0,0.16061466022178547,0.16061466022178547,0.0,95.47812958682374
20.95,0.0,0.16061052691893107,0.16061052691893107,0.0,95.46774497865171
20.96,0.0,0.16060639825278802,0.16060639825278802,0.0,95.45738500994594
20.97,0.0,0.16060227510649103,0.16060227510649103,0.0,95.44701650774944
20.98,0.0,0.16059816553714512,0.16059816553714512,0.0,95.43666716268648
20.99,0.0,0.1605940495438491,0.1605940495438491,0.0,95.42630243576274
21.0,0.0,0.16058994912570806,0.16058994912570806,0.0,95.41594842428562
21.01,0.0,0.1605858422818225,0.1605858422818225,0.0,95.40560133563295
21.02,0.0,0.16058175001129893,0.16058175001129893,0.0,95.39526386288064
21.03,0.0,0.1605776623708109,0.1605776623708109,0.0,95.38490490872104
21.04,0.0,0.16057357924427845,0.16057357924427845,0.0,95.37457079183599
21.05,0.0,0.16056949968843237,0.16056949968843237,0.0,95.36423257613465
21.06,0.0,0.16056542570238794,0.16056542570238794,0.0,95.35389985297265
21.07,0.0,0.16056135428525561,0.16056135428525561,0.0,95.34356583252479
21.08,0.0,0.1605572884934486,0.1605572884934486,0.0,95.33323336570518
21.09,0.0,0.16055323721143996,0.16055323721143996,0.0,95.32289795979226
21.1,0.0,0.1605491784956974,0.1605491784956974,0.0,95.31257744163587
21.11,0.0,0.16054513534534354,0.16054513534534354,0.0,95.30225715139899
21.12,0.0,0.16054108681657708,0.16054108681657708,0.0,95.29193514601272
21.13,0.0,0.16053705179431427,0.16053705179431427,0.0,95.28162249960961
21.14,0.0,0.16053302133481273,0.16053302133481273,0.0,95.27132284391182
21.15,0.0,0.16052899543720242,0.16052899543720242,0.0,95.26099779235213
21.16,0.0,0.1605249731574704,0.1605249731574704,0.0,95.25068675093458
21.17,0.0,0.16052095538097566,0.16052095538097566,0.0,95.24039137603988
21.18,0.0,0.1605169421637648,0.1605169421637648,0.0,95.23009429438606
21.19,0.0,0.16051293250497323,0.16051293250497323,0.0,95.21979836054065
21.2,0.0,0.16050893746038258,0.16050893746038258,0.0,95.20949618076398
21.21,0.0,0.16050493691578793,0.16050493691578793,0.0,95.19919745657289
21.22,0.0,0.16050093992702696,0.16050093992702696,0.0,95.18892224619644
21.23,0.0,0.16049695749324216,0.16049695749324216,0.0,95.17862674573402
21.24,0.0,0.1604929796700098,0.1604929796700098,0.0,95.16835314096245
21.25,0.0,0.1604890053435555,0.1604890053435555,0.0,95.15806959635228
21.26,0.0,0.16048502556951377,0.16048502556951377,0.0,95.14778295813062
21.27,0.0,0.16048106940330473,0.16048106940330473,0.0,95.13750783223745
21.28,0.0,0.16047709773148097,0.16047709773148097,0.0,95.12724229351426
21.29,0.0,0.16047315060952008,0.16047315060952008,0.0,95.11698200554491
21.3,0.0,0.16046919709268836,0.16046919709268836,0.0,95.10670735854016
21.31,0.0,0.16046524806786155,0.16046524806786155,0.0,95.09645003241809
21.32,0.0,0.16046131359036384,0.16046131359036384,0.0,95.0861832677582
21.33,0.0,0.16045737271530858,0.16045737271530858,0.0,95.07593842723173
21.34,0.0,0.1604534453298916,0.1604534453298916,0.0,95.0656870680825
21.35,0.0,0.16044951248928407,0.16044951248928407,0.0,95.0554309462645
21.36,0.0,0.16044559424844843,0.16044559424844843,0.0,95.04519012546771
21.37,0.0,0.16044167949490035,0.16044167949490035,0.0,95.03493619941659
21.38,0.0,0.16043776928365627,0.16043776928365627,0.0,95.02470168610003
21.39,0.0,0.16043386266952747,0.16043386266952747,0.0,95.0144536622945
21.4,0.0,0.16042996054034947,0.16042996054034947,0.0,95.00422549183745
21.41,0.0,0.16042606200652373,0.16042606200652373,0.0,94.99398797218221
21.42,0.0,0.16042216795609782,0.16042216795609782,0.0,94.98375363778092
21.43,0.0,0.16041828844383543,0.16041828844383543,0.0,94.97353462451262
21.44,0.0,0.16041440152429542,0.16041440152429542,0.0,94.9633154459805
21.45,0.0,0.16041053008584177,0.16041053008584177,0.0,94.95309239741897
21.46,0.0,0.16040665223836476,0.16040665223836476,0.0,94.94286718736633
21.47,0.0,0.16040278787043696,0.16040278787043696,0.0,94.93266682150968
21.48,0.0,0.16039892803657385,0.16039892803657385,0.0,94.92244052652298
21.49,0.0,0.16039507179108253,0.16039507179108253,0.0,94.91224035827017
21.5,0.0,0.16039121002285003,0.16039121002285003,0.0,94.9020400911991
21.51,0.0,0.16038737184126142,0.16038737184126142,0.0,94.89183937455495
21.52,0.0,0.16038352813541235,0.16038352813541235,0.0,94.88161693175847
21.53,0.0,0.1603796880144852,0.1603796880144852,0.0,94.87143932095294
21.54,0.0,0.16037585236778368,0.16037585236778368,0.0,94.86124995697797
21.55,0.0,0.1603720203042881,0.1603720203042881,0.0,94.85105150633548
21.56,0.0,0.16036820171351082,0.16036820171351082,0.0,94.8408636691201
21.57,0.0,0.1603643777042317,0.1603643777042317,0.0,94.83069751913783
21.58,0.0,0.16036056716616798,0.16036056716616798,0.0,94.82051298971412
21.59,0.0,0.16035676120790196,0.16035676120790196,0.0,94.81032847341471
21.6,0.0,0.16035295871935534,0.16035295871935534,0.0,94.80015467230496
21.61,0.0,0.1603491498089088,0.1603491498089088,0.0,94.78997714403323
21.62,0.0,0.16034535536669356,0.16034535536669356,0.0,94.77981452965041
21.63,0.0,0.16034156550089096,0.16034156550089096,0.0,94.76963493671028
21.64,0.0,0.1603377781018339,0.1603377781018339,0.0,94.75948899218263
21.65,0.0,0.16033400527750563,0.16033400527750563,0.0,94.74932389297025
21.66,0.0,0.1603302269184476,0.1603302269184476,0.0,94.73916047666914
21.67,0.0,0.1603264511324406,0.1603264511324406,0.0,94.72900494301582
21.68,0.0,0.16032269081023273,0.16032269081023273,0.0,94.71885532989494
21.69,0.0,0.16031892305940576,0.16031892305940576,0.0,94.70871571813304
21.7,0.0,0.16031516977091012,0.16031516977091012,0.0,94.6985723509179
21.71,0.0,0.1603114200521341,0.1603114200521341,0.0,94.68842904411478
21.72,0.0,0.16030766379422762,0.16030766379422762,0.0,94.67828402963572
21.73,0.0,0.16030392210438485,0.16030392210438485,0.0,94.6681550022127
21.74,0.0,0.16030018387395642,0.16030018387395642,0.0,94.65802301826685
21.75,0.0,0.16029645020994077,0.16029645020994077,0.0,94.64788160738078
21.76,0.0,0.16029272005765335,0.16029272005765335,0.0,94.63777020469733
21.77,0.0,0.1602889923626089,0.1602889923626089,0.0,94.62763837797945
21.78,0.0,0.16028528023151362,0.16028528023151362,0.0,94.61752768156933
21.79,0.0,0.16028156055622028,0.16028156055622028,0.0,94.60741396748674
21.8,0.0,0.16027784544324034,0.16027784544324034,0.0,94.59729033085198
21.81,0.0,0.16027414378463006,0.16027414378463006,0.0,94.5871968476983
21.82,0.0,0.1602704366867032,0.1602704366867032,0.0,94.57708181405786
21.83,0.0,0.16026674309513328,0.16026674309513328,0.0,94.56696563065603
21.84,0.0,0.1602630529557906,0.1602630529557906,0.0,94.55688240976244
21.85,0.0,0.16025935637469987,0.16025935637469987,0.0,94.54676393258364
21.86,0.0,0.16025567329768567,0.16025567329768567,0.0,94.5366676654863
21.87,0.0,0.1602519946707711,0.1602519946707711,0.0,94.52658276475232
21.88,0.0,0.16024832959969024,0.16024832959969024,0.0,94.516497177711
21.89,0.0,0.1602446579772954,0.1602446579772954,0.0,94.50641405747491
21.9,0.0,0.1602409909091318,0.1602409909091318,0.0,94.49632838502804
21.91,0.0,0.16023732634127313,0.16023732634127313,0.0,94.48625281662981
21.92,0.0,0.16023366621999408,0.16023366621999408,0.0,94.47616937266916
21.93,0.0,0.16023001965054998,0.16023001965054998,0.0,94.46609610325422
21.94,0.0,0.16022636757916753,0.16022636757916753,0.0,94.4560156260477
21.95,0.0,0.1602227279522671,0.1602227279522671,0.0,94.44595694277645
21.96,0.0,0.1602190928748212,0.1602190928748212,0.0,94.43588761257828
21.97,0.0,0.16021546129320435,0.16021546129320435,0.0,94.42584099149532
21.98,0.0,0.16021182315398738,0.16021182315398738,0.0,94.41577028568493
21.99,0.0,0.16020819856185536,0.16020819856185536,0.0,94.40572737293124
22.0,0.0,0.16020457746333394,0.16020457746333394,0.0,94.39567292823934
22.01,0.0,0.16020096080514115,0.16020096080514115,0.0,94.38562480163631
22.02,0.0,0.1601973576916797,0.1601973576916797,0.0,94.37557929583666
22.03,0.0,0.16019374706962158,0.16019374706962158,0.0,94.36554503754967
22.04,0.0,0.16019014093823433,0.16019014093823433,0.0,94.35549819762166
22.05,0.0,0.1601865392444346,0.1601865392444346,0.0,94.34546778514819
22.06,0.0,0.1601829500922463,0.1601829500922463,0.0,94.33543664661744
22.07,0.0,0.16017935442853976,0.16017935442853976,0.0,94.32540061492182
22.08,0.0,0.160175773252588,0.160175773252588,0.0,94.31537638689638
22.09,0.0,0.16017219451150086,0.16017219451150086,0.0,94.30535425561878
22.1,0.0,0.16016862030893056,0.16016862030893056,0.0,94.29533519283994
22.11,0.0,0.16016503959194273,0.16016503959194273,0.0,94.28532112152482
22.12,0.0,0.1601614723077923,0.1601614723077923,0.0,94.27530589253811
22.13,0.0,0.16015790855985224,0.16015790855985224,0.0,94.26529761908219
22.14,0.0,0.1601543482953334,0.1601543482953334,0.0,94.25529184698246
22.15,0.0,0.16015080251351932,0.16015080251351932,0.0,94.2452878308708
22.16,0.0,0.16014724921369336,0.16014724921369336,0.0,94.23529650173276
22.17,0.0,0.1601437003433542,0.1601437003433542,0.0,94.22528456469324
22.18,0.0,0.16014015400540835,0.16014015400540835,0.0,94.21528809185875
22.19,0.0,0.16013662214731147,0.16013662214731147,0.0,94.20530511176116
22.2,0.0,0.160133082768352,0.160133082768352,0.0,94.1953223108803
22.21,0.0,0.16012955781622154,0.16012955781622154,0.0,94.18533025572282
22.22,0.0,0.16012603639345852,0.16012603639345852,0.0,94.17534591169586
22.23,0.0,0.16012251844771053,0.16012251844771053,0.0,94.16535538061414
22.24,0.0,0.16011899297827015,0.16011899297827015,0.0,94.1553991852337
22.25,0.0,0.16011548198443593,0.16011548198443593,0.0,94.14541665384661
22.26,0.0,0.16011197446550432,0.16011197446550432,0.0,94.13543174640394
22.27,0.0,0.16010847036945206,0.16010847036945206,0.0,94.12548020714968
22.28,0.0,0.16010497979827065,0.16010497979827065,0.0,94.11551658288005
22.29,0.0,0.1601014826998916,0.1601014826998916,0.0,94.1055656554559
22.3,0.0,0.16009798907361927,0.16009798907361927,0.0,94.09560181796584
22.31,0.0,0.1600944989187567,0.1600944989187567,0.0,94.08563680549553
22.32,0.0,0.16009102223461003,0.16009102223461003,0.0,94.07569448472552
22.33,0.0,0.160087538969439,0.160087538969439,0.0,94.06574448246715
22.34,0.0,0.16008406922469193,0.16008406922469193,0.0,94.05580662007381
22.35,0.0,0.16008059294858384,0.16008059294858384,0.0,94.04586051362415
22.36,0.0,0.16007713014042677,0.16007713014042677,0.0,94.0359180328323
22.37,0.0,0.16007366979953155,0.16007366979953155,0.0,94.02599049149623
22.38,0.0,0.1600702139252129,0.1600702139252129,0.0,94.01606246026256
22.39,0.0,0.16006676151678512,0.16006676151678512,0.0,94.00613863543425
22.4,0.0,0.16006331252283676,0.16006331252283676,0.0,93.99621592598956
22.41,0.0,0.1600598660441835,0.1600598660441835,0.0,93.98627894160855
22.42,0.0,0.1600564240293739,0.1600564240293739,0.0,93.97637573023262
22.43,0.0,0.16005298547772642,0.16005298547772642,0.0,93.96645081449054
22.44,0.0,0.16004955938856077,0.16004955938856077,0.0,93.9565320180969
22.45,0.0,0.16004612776120147,0.16004612776120147,0.0,93.94663290346084
22.46,0.0,0.16004270859497002,0.16004270859497002,0.0,93.93673505048865
22.47,0.0,0.1600392828891923,0.1600392828891923,0.0,93.92682626433292
22.48,0.0,0.16003587164319633,0.16003587164319633,0.0,93.91693382050033
22.49,0.0,0.1600324528563061,0.1600324528563061,0.0,93.9070261934903
22.5,0.0,0.16002904752785285,0.16002904752785285,0.0,93.89713268284274
22.51,0.0,0.1600256456571655,0.1600256456571655,0.0,93.88724443245582
22.52,0.0,0.1600222461933875,0.1600222461933875,0.0,93.87733859290064
22.53,0.0,0.16001885123627152,0.16001885123627152,0.0,93.86747886142247
22.54,0.0,0.16001545973491987,0.16001545973491987,0.0,93.85759756221796
22.55,0.0,0.16001207068866527,0.16001207068866527,0.0,93.84772890752141
22.56,0.0,0.16000868609684724,0.16000868609684724,0.0,93.83784958791941
22.57,0.0,0.16000530395879956,0.16000530395879956,0.0,93.82797407502213
22.58,0.0,0.16000193527386353,0.16000193527386353,0.0,93.81811743608091
22.59,0.0,0.1599985600413779,0.1599985600413779,0.0,93.80824397985755
22.6,0.0,0.15999519826068445,0.15999519826068445,0.0,93.7983783473189
22.61,0.0,0.1599918289311243,0.1599918289311243,0.0,93.78851950094449
22.62,0.0,0.15998847405204414,0.15998847405204414,0.0,93.77867208239196
22.63,0.0,0.15998512162278583,0.15998512162278583,0.0,93.76882438817985
22.64,0.0,0.1599817636426969,0.1599817636426969,0.0,93.75897783761842
22.65,0.0,0.15997841811112368,0.15997841811112368,0.0,93.74912608480551
22.66,0.0,0.1599750750274159,0.1599750750274159,0.0,93.73928616266025
22.67,0.0,0.1599717363909222,0.1599717363909222,0.0,93.72944797068223
22.68,0.0,0.15996840020099412,0.15996840020099412,0.0,93.71963019936238
22.69,0.0,0.15996506845698516,0.15996506845698516,0.0,93.7097831665314
22.7,0.0,0.15996173915824702,0.15996173915824702,0.0,93.69995501449095
22.71,0.0,0.15995841330413418,0.15995841330413418,0.0,93.6901423644893
22.72,0.0,0.15995509989400258,0.15995509989400258,0.0,93.6803120197735
22.73,0.0,0.15995178092721116,0.15995178092721116,0.0,93.67048531086486
22.74,0.0,0.15994847440311513,0.15994847440311513,0.0,93.66066965453328
22.75,0.0,0.15994516132107667,0.15994516132107667,0.0,93.6508657157524
22.76,0.0,0.1599418616804548,0.1599418616804548,0.0,93.64106907798134
22.77,0.0,0.1599385554806117,0.1599385554806117,0.0,93.63125439639097
22.78,0.0,0.1599352617699551,0.1599352617699551,0.0,93.62144110752998
22.79,0.0,0.15993197144971558,0.15993197144971558,0.0,93.61164370834872
22.8,0.0,0.15992868456834794,0.15992868456834794,0.0,93.6018510133433
22.81,0.0,0.15992540112521844,0.15992540112521844,0.0,93.59204400015695
22.82,0.0,0.15992212011969384,0.15992212011969384,0.0,93.5822778502388
22.83,0.0,0.1599188435511438,0.1599188435511438,0.0,93.57249402627085
22.84,0.0,0.15991556941893798,0.15991556941893798,0.0,93.56270232125615
22.85,0.0,0.15991229772244672,0.15991229772244672,0.0,93.55292008989298
22.86,0.0,0.15990904046104493,0.15990904046104493,0.0,93.54314114118387
22.87,0.0,0.15990577563410388,0.15990577563410388,0.0,93.53338100292122
22.88,0.0,0.15990251424099938,0.15990251424099938,0.0,93.5235964582426
22.89,0.0,0.15989926528110598,0.15989926528110598,0.0,93.51382616312937
22.9,0.0,0.1598960098023351,0.1598960098023351,0.0,93.50407547460136
22.91,0.0,0.15989276770695574,0.15989276770695574,0.0,93.49431187943496
22.92,0.0,0.15988952904292342,0.15988952904292342,0.0,93.48455367483807
22.93,0.0,0.1598862928096185,0.1598862928096185,0.0,93.47479211352515
22.94,0.0,0.15988305100642267,0.15988305100642267,0.0,93.46503785273364
22.95,0.0,0.15987982063271675,0.15987982063271675,0.0,93.45530047622402
22.96,0.0,0.15987659468788792,0.15987659468788792,0.0,93.44555443146396
22.97,0.0,0.15987337121955425,0.15987337121955425,0.0,93.43580309313262
22.98,0.0,0.15987015113059005,0.15987015113059005,0.0,93.42608205391836
22.99,0.0,0.15986694346865818,0.15986694346865818,0.0,93.41633579840634
23.0,0.0,0.15986372923314898,0.15986372923314898,0.0,93.40660691177041
23.01,0.0,0.159860518423453,0.159860518423453,0.0,93.39688615856765
23.02,0.0,0.1598573110389584,0.1598573110389584,0.0,93.38715599467082
23.03,0.0,0.15985411607905836,0.15985411607905836,0.0,93.37744164772649
23.04,0.0,0.15985091459108938,0.15985091459108938,0.0,93.36772359508858
23.05,0.0,0.1598477254785154,0.1598477254785154,0.0,93.35800403165983
23.06,0.0,0.1598445397887188,0.1598445397887188,0.0,93.34831290096626
23.07,0.0,0.15984134752109536,0.15984134752109536,0.0,93.33858784302869
23.08,0.0,0.15983816767504155,0.15983816767504155,0.0,93.32888847989993
23.09,0.0,0.15983499129769213,0.15983499129769213,0.0,93.31919819953477
23.1,0.0,0.1598318182929347,0.1598318182929347,0.0,93.30949933210361
23.11,0.0,0.15982864770794478,0.15982864770794478,0.0,93.29978585811212
23.12,0.0,0.15982548054212625,0.15982548054212625,0.0,93.29011268881277
23.13,0.0,0.15982231579488132,0.15982231579488132,0.0,93.2804061357515
23.14,0.0,0.15981915451314277,0.15981915451314277,0.0,93.27072025575657
23.15,0.0,0.15981599660121817,0.15981599660121817,0.0,93.26104099874186
23.16,0.0,0.1598128511060805,0.1598128511060805,0.0,93.25136036571945
23.17,0.0,0.15980969902714104,0.15980969902714104,0.0,93.2416939658865
23.18,0.0,0.1598065493638045,0.1598065493638045,0.0,93.23201583735505
23.19,0.0,0.15980341316280647,0.15980341316280647,0.0,93.22234218440357
23.2,0.0,0.15980027032886782,0.15980027032886782,0.0,93.21269411126518
23.21,0.0,0.15979713990876568,0.15979713990876568,0.0,93.2030264790558
23.22,0.0,0.15979401290191225,0.15979401290191225,0.0,93.1933508823362
23.23,0.0,0.15979088835488156,0.15979088835488156,0.0,93.18370134748581
23.24,0.0,0.15978775717272695,0.15978775717272695,0.0,93.1740570199623
23.25,0.0,0.15978463940206633,0.15978463940206633,0.0,93.16440883188875
23.26,0.0,0.1597815240423149,0.1597815240423149,0.0,93.15475552124589
23.27,0.0,0.15977841113988983,0.15977841113988983,0.0,93.1451048925033
23.28,0.0,0.15977530160017392,0.15977530160017392,0.0,93.135475787356
23.29,0.0,0.15977219546962498,0.15977219546962498,0.0,93.12583566056608
23.3,0.0,0.15976910179454157,0.15976910179454157,0.0,93.11620250821119
23.31,0.0,0.1597660004805512,0.1597660004805512,0.0,93.10658547684048
23.32,0.0,0.1597629035739957,0.1597629035739957,0.0,93.09694719038698
23.33,0.0,0.15975981907429843,0.15975981907429843,0.0,93.08731458388776
23.34,0.0,0.15975672702760124,0.15975672702760124,0.0,93.07771445067797
23.35,0.0,0.15975364833985764,0.15975364833985764,0.0,93.06808307012635
23.36,0.0,0.15975056205725233,0.15975056205725233,0.0,93.05847577942569
23.37,0.0,0.15974748822580798,0.15974748822580798,0.0,93.04886552664343
23.38,0.0,0.15974441875172513,0.15974441875172513,0.0,93.03925196564563
23.39,0.0,0.15974135168106857,0.15974135168106857,0.0,93.02964615785822
23.4,0.0,0.15973827705974572,0.15973827705974572,0.0,93.02005998386399
23.41,0.0,0.15973521579419753,0.15973521579419753,0.0,93.0104653598901
23.42,0.0,0.15973215693037357,0.15973215693037357,0.0,93.00084750499389
23.43,0.0,0.159729101514067,0.159729101514067,0.0,92.99128773104779
23.44,0.0,0.15972604845195798,0.15972604845195798,0.0,92.98168193844492
23.45,0.0,0.15972300878988024,0.15972300878988024,0.0,92.97210641453424
23.46,0.0,0.15971996157351093,0.15971996157351093,0.0,92.96253052309753
23.47,0.0,0.1597169167097711,0.1597169167097711,0.0,92.95295116690745
23.48,0.0,0.15971387624438035,0.15971387624438035,0.0,92.94338007571527
23.49,0.0,0.15971084722289797,0.15971084722289797,0.0,92.93380155571845
23.5,0.0,0.1597078115524871,0.1597078115524871,0.0,92.92423252252462
23.51,0.0,0.1597047892787502,0.1597047892787502,0.0,92.9146726616754
23.52,0.0,0.15970175844713166,0.15970175844713166,0.0,92.90511581986694
23.53,0.0,0.15969874196503556,0.15969874196503556,0.0,92.89555100489635
23.54,0.0,0.15969572792387215,0.15969572792387215,0.0,92.88601126661294
23.55,0.0,0.15969271623119935,0.15969271623119935,0.0,92.87644640714538
23.56,0.0,0.15968970793242976,0.15968970793242976,0.0,92.8668976605616
23.57,0.0,0.15968669207281982,0.15968669207281982,0.0,92.85736521486629
23.58,0.0,0.15968368856016452,0.15968368856016452,0.0,92.84781962007466
23.59,0.0,0.15968068848549147,0.15968068848549147,0.0,92.838278346743
23.6,0.0,0.15967770075675414,0.15967770075675414,0.0,92.82875404244231
23.61,0.0,0.15967470641917425,0.15967470641917425,0.0,92.81920968216195
23.62,0.0,0.15967171451781928,0.15967171451781928,0.0,92.80968654549471
23.63,0.0,0.15966872596087814,0.15966872596087814,0.0,92.80016771621594
23.64,0.0,0.15966574983899354,0.15966574983899354,0.0,92.79063960857843
23.65,0.0,0.15966276606051288,0.15966276606051288,0.0,92.78112735523905
23.66,0.0,0.15965978571592795,0.15965978571592795,0.0,92.77160687596097
23.67,0.0,0.15965681771373944,0.15965681771373944,0.0,92.76209095918033
23.68,0.0,0.15965384309890604,0.15965384309890604,0.0,92.75258734174061
23.69,0.0,0.15965087991623028,0.15965087991623028,0.0,92.74308604176632
23.7,0.0,0.15964792107445083,0.15964792107445083,0.0,92.73357192226585
23.71,0.0,0.1596449636636765,0.1596449636636765,0.0,92.72408888188284
23.72,0.0,0.1596420095927997,0.1596420095927997,0.0,92.71459172781897
23.73,0.0,0.1596390489517823,0.1596390489517823,0.0,92.70509572701555
23.74,0.0,0.15963609964966702,0.15963609964966702,0.0,92.69561289705379
23.75,0.0,0.15963315377626633,0.15963315377626633,0.0,92.68612840420501
23.76,0.0,0.1596302112407799,0.1596302112407799,0.0,92.6766422676571
23.77,0.0,0.1596272810878285,0.1596272810878285,0.0,92.66716209973889
23.78,0.0,0.1596243433618809,0.1596243433618809,0.0,92.65768441643974
23.79,0.0,0.15962140797236954,0.15962140797236954,0.0,92.64821071904896
23.8,0.0,0.15961847600872897,0.15961847600872897,0.0,92.63875590115292
23.81,0.0,0.1596155563805434,0.1596155563805434,0.0,92.62928837581113
23.82,0.0,0.15961263017709798,0.15961263017709798,0.0,92.61982921206389
23.83,0.0,0.15960971630812973,0.15960971630812973,0.0,92.6103615427309
23.84,0.0,0.15960679486277582,0.15960679486277582,0.0,92.6009118983194
23.85,0.0,0.1596038857509246,0.1596038857509246,0.0,92.59145219198504
23.86,0.0,0.15960097006156612,0.15960097006156612,0.0,92.58200709123372
23.87,0.0,0.1595980667047415,0.1595980667047415,0.0,92.57255815098077
23.88,0.0,0.15959516576928814,0.15959516576928814,0.0,92.56312921948468
23.89,0.0,0.15959226816540287,0.15959226816540287,0.0,92.55368806811948
23.9,0.0,0.1595893729817762,0.1595893729817762,0.0,92.54424034273201
23.91,0.0,0.15958648012875298,0.15958648012875298,0.0,92.53480601522152
23.92,0.0,0.1595835906948767,0.1595835906948767,0.0,92.52539379923829
23.93,0.0,0.15958070363508312,0.15958070363508312,0.0,92.51594992910019
23.94,0.0,0.1595778189044542,0.1595778189044542,0.0,92.50652629671251
23.95,0.0,0.15957493659131405,0.15957493659131405,0.0,92.49712871368924
23.96,0.0,0.15957205760638582,0.15957205760638582,0.0,92.48770710255336
23.97,0.0,0.15956919103784495,0.15956919103784495,0.0,92.47828264239371
23.98,0.0,0.159566316796565,0.159566316796565,0.0,92.46887998126827
23.99,0.0,0.1595634549705739,0.1595634549705739,0.0,92.45947517002996
24.0,0.0,0.15956058647089655,0.15956058647089655,0.0,92.45009220971227
24.01,0.0,0.15955772038541596,0.15955772038541596,0.0,92.44068460292799
24.02,0.0,0.15955486666940832,0.15955486666940832,0.0,92.43127313162829
24.03,0.0,0.15955201627830015,0.15955201627830015,0.0,92.42189138212899
24.04,0.0,0.1595491672997533,0.1595491672997533,0.0,92.41249875896737
24.05,0.0,0.15954631164516725,0.15954631164516725,0.0,92.40310793465602
24.06,0.0,0.15954346940206168,0.15954346940206168,0.0,92.3937218371431
24.07,0.0,0.15954062848197828,0.15954062848197828,0.0,92.384358363497
24.08,0.0,0.15953779097229495,0.15953779097229495,0.0,92.37496849230408
24.09,0.0,0.15953495582855098,0.15953495582855098,0.0,92.36561442869201
24.1,0.0,0.1595321230064344,0.1595321230064344,0.0,92.35623538308703
24.11,0.0,0.15952929259310272,0.15952929259310272,0.0,92.34685927604237
24.12,0.0,0.15952646550047175,0.15952646550047175,0.0,92.33749684924389
24.13,0.0,0.1595236508155551,0.1595236508155551,0.0,92.32814582932703
24.14,0.0,0.15952082849408056,0.15952082849408056,0.0,92.31879545656648
24.15,0.0,0.1595180084919216,0.1595180084919216,0.0,92.30943346326939
24.16,0.0,0.15951520189587898,0.15951520189587898,0.0,92.30009227869111
24.17,0.0,0.1595123866617895,0.1595123866617895,0.0,92.29075089102714
24.18,0.0,0.15950958474563887,0.15950958474563887,0.0,92.28140276511992
24.19,0.0,0.15950677523401258,0.15950677523401258,0.0,92.27204942010489
24.2,0.0,0.15950397803941063,0.15950397803941063,0.0,92.26271113089302
24.21,0.0,0.1595011842482774,0.1595011842482774,0.0,92.2533959167886
24.22,0.0,0.15949839181663558,0.15949839181663558,0.0,92.24406832492102
24.23,0.0,0.15949559270065414,0.15949559270065414,0.0,92.23472201645872
24.24,0.0,0.15949280598656257,0.15949280598656257,0.0,92.22540654423901
24.25,0.0,0.15949002163049666,0.15949002163049666,0.0,92.21608803635475
24.26,0.0,0.159487239588733,0.159487239588733,0.0,92.20677757486766
24.27,0.0,0.15948446094729132,0.15948446094729132,0.0,92.19745785754739
24.28,0.0,0.15948168366241341,0.15948168366241341,0.0,92.18816722081739
24.29,0.0,0.15947890969049,0.15947890969049,0.0,92.1788366961209
24.3,0.0,0.1594761481173264,0.1594761481173264,0.0,92.16953687345021
24.31,0.0,0.15947337889927568,0.15947337889927568,0.0,92.16024142321653
24.32,0.0,0.15947061199283646,0.15947061199283646,0.0,92.15094755423723
24.33,0.0,0.15946785848360345,0.15946785848360345,0.0,92.14165236729748
24.34,0.0,0.1594650963280393,0.1594650963280393,0.0,92.13236394308106
24.35,0.0,0.15946233748275157,0.15946233748275157,0.0,92.12307352678954
24.36,0.0,0.1594595900331234,0.1594595900331234,0.0,92.11378705782774
24.37,0.0,0.15945683693573,0.15945683693573,0.0,92.10450819990389
24.38,0.0,0.15945409519009138,0.15945409519009138,0.0,92.09522048205649
24.39,0.0,0.15945135575295905,0.15945135575295905,0.0,92.08595896821484
24.4,0.0,0.15944861870943897,0.15944861870943897,0.0,92.07668065030872
24.41,0.0,0.15944587401624855,0.15944587401624855,0.0,92.06741105948828
24.42,0.0,0.15944314263024564,0.15944314263024564,0.0,92.0581569797046
24.43,0.0,0.15944041363632888,0.15944041363632888,0.0,92.04889540821884
24.44,0.0,0.15943768599132196,0.15943768599132196,0.0,92.03962613270795
24.45,0.0,0.1594349616947546,0.1594349616947546,0.0,92.03037865981177
24.46,0.0,0.15943223970362577,0.15943223970362577,0.0,92.02112444833428
24.47,0.0,0.15942952010256067,0.15942952010256067,0.0,92.01189322051107
24.48,0.0,0.1594268128485246,0.1594268128485246,0.0,92.00264347412067
24.49,0.0,0.15942409789862566,0.15942409789862566,0.0,91.99340254740426
24.5,0.0,0.15942138633728192,0.15942138633728192,0.0,91.98415900588643
24.51,0.0,0.159418686121565,0.159418686121565,0.0,91.9749362454817
24.52,0.0,0.1594159782510097,0.1594159782510097,0.0,91.9657079395127
24.53,0.0,0.15941327368286753,0.15941327368286753,0.0,91.95646568331638
24.54,0.0,0.15941058150127865,0.15941058150127865,0.0,91.94724252009233
24.55,0.0,0.15940789066345998,0.15940789066345998,0.0,91.93803438650998
24.56,0.0,0.15940519316894908,0.15940519316894908,0.0,91.92881181544499
24.57,0.0,0.15940250801728506,0.15940250801728506,0.0,91.91959324117148
24.58,0.0,0.1593998251658919,0.1593998251658919,0.0,91.9103745577083
24.59,0.0,0.15939713469857314,0.15939713469857314,0.0,91.90117646046045
24.6,0.0,0.15939445657271975,0.15939445657271975,0.0,91.89196909157035
24.61,0.0,0.15939178078787425,0.15939178078787425,0.0,91.88276700109743
24.62,0.0,0.15938910730160233,0.15938910730160233,0.0,91.87356946531416
24.63,0.0,0.1593864361974347,0.1593864361974347,0.0,91.86437291661902
24.64,0.0,0.15938376743290347,0.15938376743290347,0.0,91.85518419654974
24.65,0.0,0.15938110200755576,0.15938110200755576,0.0,91.84599220955351
24.66,0.0,0.15937843792093478,0.15937843792093478,0.0,91.83681979161005
24.67,0.0,0.1593757861307808,0.1593757861307808,0.0,91.82762791337883
24.68,0.0,0.1593731267202888,0.1593731267202888,0.0,91.81844757487417
24.69,0.0,0.1593704706471655,0.1593704706471655,0.0,91.80927027038521
24.7,0.0,0.1593678259109597,0.1593678259109597,0.0,91.80010866313886
24.71,0.0,0.15936517351121993,0.15936517351121993,0.0,91.79093578151644
24.72,0.0,0.15936253444749884,0.15936253444749884,0.0,91.78177759004167
24.73,0.0,0.15935988667774134,0.15935988667774134,0.0,91.77261009564054
24.74,0.0,0.15935725228474207,0.15935725228474207,0.0,91.76345966488543
24.75,0.0,0.159354609226414,0.159354609226414,0.0,91.75430380190953
24.76,0.0,0.1593519785023124,0.1593519785023124,0.0,91.74514665024928
24.77,0.0,0.1593493511119904,0.1593493511119904,0.0,91.73599715218656
24.78,0.0,0.1593467250550033,0.1593467250550033,0.0,91.7268573795129
24.79,0.0,0.15934409228950436,0.15934409228950436,0.0,91.71771395898938
24.8,0.0,0.15934147089788772,0.15934147089788772,0.0,91.70856723452084
24.81,0.0,0.1593388528382756,0.1593388528382756,0.0,91.69944230788107
24.82,0.0,0.15933623611022527,0.15933623611022527,0.0,91.69030683460451
24.83,0.0,0.15933362171329393,0.15933362171329393,0.0,91.68117963222133
24.84,0.0,0.159331010647044,0.159331010647044,0.0,91.67204980079137
24.85,0.0,0.15932841091103409,0.15932841091103409,0.0,91.66293675489538
24.86,0.0,0.15932580346365519,0.15932580346365519,0.0,91.65380316361482
24.87,0.0,0.15932319938684222,0.15932319938684222,0.0,91.64469895132511
24.88,0.0,0.15932059663895431,0.15932059663895431,0.0,91.6355839018526
24.89,0.0,0.15931800621955364,0.15931800621955364,0.0,91.62646636503736
24.9,0.0,0.1593154081282059,0.1593154081282059,0.0,91.61737680653857
24.91,0.0,0.1593128223644756,0.1593128223644756,0.0,91.60825792205567
24.92,0.0,0.15931022892792757,0.15931022892792757,0.0,91.59916299598531
24.93,0.0,0.15930764781812853,0.15930764781812853,0.0,91.59006352959301
24.94,0.0,0.15930505899373928,0.15930505899373928,0.0,91.58098693322317
24.95,0.0,0.15930248253617169,0.15930248253617169,0.0,91.57189678261017
24.96,0.0,0.1592999084040551,0.1592999084040551,0.0,91.56280526013425
24.97,0.0,0.1592973265969597,0.1592973265969597,0.0,91.55372775630457
24.98,0.0,0.15929475711445565,0.15929475711445565,0.0,91.54463352389142
24.99,0.0,0.1592921889561113,0.1592921889561113,0.0,91.53556977023943
25.0,0.0,0.15928962412150083,0.15928962412150083,0.0,91.52648960595306
0.01,2.0,0.6525355454994045,0.6525355454994045,0.1799619195073863,197.44888378920604
0.02,2.0,0.6565313382447082,0.6565313382447082,0.1798223833499908,197.44888378920604
0.03,2.0,0.6464605218025414,0.6464605218025414,0.1801740640095609,197.44888378920604
0.04,2.0,0.6364040839337521,0.6364040839337521,0.18052524255828512,197.44888378920604
0.05,2.0,0.6275790604851802,0.6275790604851802,0.18083341916789192,197.44888378920604
0.06,2.0,0.6199346796496047,0.6199346796496047,0.18110036682895872,197.44888378920604
0.07,2.0,0.613269743079871,0.613269743079871,0.18133311154258713,197.44888378920604
0.08,2.0,0.6073992712986354,0.6073992712986354,0.18153811293446775,197.44888378920604
0.09,2.0,0.6021755727658318,0.6021755727658318,0.18172052850682602,197.44888378920604
0.1,2.0,0.5974852948202055,0.5974852948202055,0.18188431662181764,197.44888378920604
0.11,2.0,0.5973131790977951,0.5973131790977951,0.18189032703528507,197.44888378920604
0.12,2.0,0.5972231110052517,0.5972231110052517,0.18189347228238373,197.44888378920604
0.13,2.0,0.5971332232384742,0.5971332232384742,0.1818966112323674,197.44888378920604
0.14,2.0,0.5970435151564848,0.5970435151564848,0.18189974390762015,197.44888378920604
0.15,2.0,0.596953986121454,0.596953986121454,0.18190287033041527,197.44888378920604
0.16,2.0,0.5968646354986917,0.5968646354986917,0.18190599052291645,197.44888378920604
0.17,2.0,0.5967754626566183,0.5967754626566183,0.18190910450717954,197.44888378920604
0.18,2.0,0.5966864669667511,0.5966864669667511,0.18191221230515128,197.44888378920604
0.19,2.0,0.5965976478036883,0.5965976478036883,0.181915313938671,197.44888378920604
0.2,2.0,0.5965090045450839,0.5965090045450839,0.1819184094294718,197.44888378920604
0.21,2.0,0.5964205365716375,0.5964205365716375,0.18192149879918001,197.44888378920604
0.22,2.0,0.5963322432670697,0.5963322432670697,0.1819245820693161,197.44888378920604
0.23,2.0,0.5962441240181084,0.5962441240181084,0.18192765926129734,197.44888378920604
0.24,2.0,0.5961561782144686,0.5961561782144686,0.18193073039643393,197.44888378920604
0.25,2.0,0.596068405248835,0.596068405248835,0.18193379549593403,197.44888378920604
0.26,2.0,0.5962730395992183,0.5962730395992183,0.18192664950695445,197.44888378920604
0.27,2.0,0.596477845581822,0.596477845581822,0.1819194975244458,197.44888378920604
0.28,2.0,0.596682822598137,0.596682822598137,0.18191233956930764,197.44888378920604
0.29,2.0,0.5968879700525557,0.5968879700525557,0.18190517566234024,197.44888378920604
0.3,2.0,0.5970932873523548,0.5970932873523548,0.18189800582424098,197.44888378920604
0.31,2.0,0.597298750893511,0.597298750893511,0.18189083087928193,197.44888378920604
0.32,2.0,0.5975044104620582,0.5975044104620582,0.18188364908889432,197.44888378920604
0.33,2.0,0.5977102337702398,0.5977102337702398,0.1818764615805933,197.44888378920604
0.34,2.0,0.5979162245814059,0.5979162245814059,0.1818692682229594,197.44888378920604
0.35,2.0,0.5981223823169973,0.5981223823169973,0.1818620690361955,197.44888378920604
0.36,2.0,0.5983287064012395,0.5983287064012395,0.18185486404040915,197.44888378920604
0.37,2.0,0.5985351732469597,0.5985351732469597,0.1818476540592825,197.44888378920604
0.38,2.0,0.598741828312232,0.598741828312232,0.18184043750538378,197.44888378920604
0.39,2.0,0.5989486480153653,0.5989486480153653,0.18183321520220413,197.44888378920604
0.4,2.0,0.5991556317915581,0.5991556317915581,0.1818259871694669,197.44888378920604
0.41,2.0,0.5993627790787062,0.5993627790787062,0.18181875342680184,197.44888378920604
0.42,2.0,0.5995700663032256,0.5995700663032256,0.18181151479741559,197.44888378920604
0.43,2.0,0.599777538936709,0.599777538936709,0.18180426969340568,197.44888378920604
0.44,2.0,0.5999851777556037,0.5999851777556037,0.18179701878607368,197.44888378920604
0.45,2.0,0.6001929735190459,0.6001929735190459,0.18178976239811767,197.44888378920604
0.46,2.0,0.6004009300229162,0.6004009300229162,0.18178250039698138,197.44888378920604
0.47,2.0,0.6006090467209964,0.6006090467209964,0.18177523280174052,197.44888378920604
0.48,2.0,0.6008173000554977,0.6008173000554977,0.18176796043505022,197.44888378920604
0.49,2.0,0.6010257355137075,0.6010257355137075,0.18176068170846033,197.44888378920604
0.5,2.0,0.6012343295429775,0.6012343295429775,0.1817533974444467,197.44888378920604
0.51,2.0,0.6014430816073714,0.6014430816073714,0.18174610766172547,197.44888378920604
0.52,2.0,0.6016519955182008,0.6016519955182008,0.18173881222720153,197.44888378920604
0.53,2.0,0.6018610577104538,0.6018610577104538,0.18173151161457643,197.44888378920604
0.54,2.0,0.6020702620204256,0.6020702620204256,0.18172420603909153,197.44888378920604
0.55,2.0,0.6022796365717225,0.6022796365717225,0.18171689451864775,197.44888378920604
0.56,2.0,0.6024891752055996,0.6024891752055996,0.1817095772683147,197.44888378920604
0.57,2.0,0.6026988643669816,0.6026988643669816,0.18170225476144514,197.44888378920604
0.58,2.0,0.6029086848678993,0.6029086848678993,0.18169492766809822,197.44888378920604
0.59,2.0,0.6031186822206162,0.6031186822206162,0.18168759439894994,197.44888378920604
0.6,2.0,0.6033288328973064,0.6033288328973064,0.18168025577561087,197.44888378920604
0.61,2.0,0.6040679481443529,0.6040679481443529,0.18165444530244101,197.44888378920604
0.62,2.0,0.604788211256328,0.604788211256328,0.18162929316033394,197.44888378920604
0.63,2.0,0.6055086491798416,0.6055086491798416,0.1816041349136736,197.44888378920604
0.64,2.0,0.6062292153824371,0.6062292153824371,0.18157897218740987,197.44888378920604
0.65,2.0,0.6069499323765017,0.6069499323765017,0.1815538041953912,197.44888378920604
0.66,2.0,0.6076708270214771,0.6076708270214771,0.18152862999966593,197.44888378920604
0.67,2.0,0.6083918671166553,0.6083918671166553,0.1815034507247076,197.44888378920604
0.68,2.0,0.6091130334977709,0.6091130334977709,0.181478267039748,197.44888378920604
0.69,2.0,0.6098343717006405,0.6098343717006405,0.18145307735464009,197.44888378920604
0.7,2.0,0.6105558352066977,0.6105558352066977,0.18142788329384818,197.44888378920604
0.71,2.0,0.6112774739010184,0.6112774739010184,0.18140268311534696,197.44888378920604
0.72,2.0,0.6119992325801418,0.6119992325801418,0.1813774787468848,197.44888378920604
0.73,2.0,0.6127211567889351,0.6127211567889351,0.18135226859799927,197.44888378920604
0.74,2.0,0.6134432087072458,0.6134432087072458,0.1813270539893991,197.44888378920604
0.75,2.0,0.6141654108702179,0.6141654108702179,0.1813018341341393,197.44888378920604
0.76,2.0,0.6148878001399521,0.6148878001399521,0.18127660774496737,197.44888378920604
0.77,2.0,0.6156102883298675,0.6156102883298675,0.18125137790142676,197.44888378920604
0.78,2.0,0.6163329440100138,0.6163329440100138,0.1812261422089988,197.44888378920604
0.79,2.0,0.6170557206817795,0.6170557206817795,0.18120090229144986,197.44888378920604
0.8,2.0,0.6177786408912078,0.6177786408912078,0.18117565736145513,197.44888378920604
0.81,2.0,0.6185017271864808,0.6185017271864808,0.1811504066316161,197.44888378920604
0.82,2.0,0.6192249330754096,0.6192249330754096,0.18112515172547308,197.44888378920604
0.83,2.0,0.6199483041245936,0.6199483041245936,0.18109989105180754,197.44888378920604
0.84,2.0,0.6206717938460642,0.6206717938460642,0.18107462623401466,197.44888378920604
0.85,2.0,0.62139544781062,0.62139544781062,0.18104935568072691,197.44888378920604
0.86,2.0,0.6221192195344689,0.6221192195344689,0.18102408101519366,197.44888378920604
0.87,2.0,0.6228431589372673,0.6228431589372673,0.1809988004941825,197.44888378920604
0.88,2.0,0.6235672338640994,0.6235672338640994,0.18097351524056798,197.44888378920604
0.89,2.0,0.6242914251962265,0.6242914251962265,0.18094822592199097,197.44888378920604
0.9,2.0,0.6250157785147316,0.6250157785147316,0.18092293094672438,197.44888378920604
0.91,2.0,0.629337991813706,0.629337991813706,0.1842180527017011,197.04164726875587
0.92,2.0,0.6420642469420835,0.6420642469420835,0.18721969884915426,196.63441074830533
0.93,2.0,0.6580876941578276,0.6580876941578276,0.19010620451175375,196.2271742278555
0.94,2.0,0.6711053020888876,0.6711053020888876,0.1930976763951435,195.81993770740493
0.95,2.0,0.6841229100199476,0.6841229100199476,0.19608914827853394,195.4127011869551
0.96,2.0,0.6971405179510075,0.6971405179510075,0.19908062016192285,195.00546466650457
0.97,2.0,0.7101581258820675,0.7101581258820675,0.20207209204531243,194.59822814605474
0.98,2.0,0.7231757338131266,0.7231757338131266,0.205063563928702,194.19099162560423
0.99,2.0,0.7361933417441875,0.7361933417441875,0.2080550358120926,193.78375510515454
1.0,2.0,0.7492109496752474,0.7492109496752474,0.21104650769548217,193.37651858470383
1.01,2.0,0.7622285576063066,0.7622285576063066,0.2140379795788719,192.96928206425414
1.02,2.0,0.7752461655373664,0.7752461655373664,0.2170294514622615,192.56204554380346
1.03,2.0,0.7882637734684264,0.7882637734684264,0.2200209233456504,192.15480902335378
1.04,2.0,0.8012813813994863,0.8012813813994863,0.22301239522904084,191.7475725029031
1.05,2.0,0.8142989893305463,0.8142989893305463,0.22600386711243056,191.3403359824532
1.06,2.0,0.8122657543803374,0.8122657543803374,0.22661803003657083,191.54863054781404
1.07,2.0,0.8102561096857108,0.8102561096857108,0.22719125561953352,191.74084150724755
1.08,2.0,0.8082696298323125,0.8082696298323125,0.22773209635522526,191.92037693861613
1.09,2.0,0.806305842456124,0.806305842456124,0.22824654140338768,192.0896314105949
1.1,2.0,0.8043642392924736,0.8043642392924736,0.22873890873144753,192.25032034388195
1.11,2.0,0.8024442985853414,0.8024442985853414,0.22921248863021101,192.40381987149337
1.12,2.0,0.8005454652375686,0.8005454652375686,0.22966983758688783,192.55098773693751
1.13,2.0,0.798667237585607,0.798667237585607,0.23011296958227578,192.69271430371535
1.14,2.0,0.7968090919306016,0.7968090919306016,0.2305434913806745,192.82965653147826
1.15,2.0,0.7949704992800681,0.7949704992800681,0.2309627962726798,192.96228231388676
1.16,2.0,0.7922588269185524,0.7922588269185524,0.2314030964584846,193.09112657537335
1.17,2.0,0.7895368126388246,0.7895368126388246,0.2318352368764572,193.21645243247912
1.18,2.0,0.7868259884476838,0.7868259884476838,0.23195290838177568,193.2328226575577
1.19,2.0,0.7840208708171639,0.7840208708171639,0.2317928374238056,193.15167009830634
1.2,2.0,0.7809604080431012,0.7809604080431012,0.23164686936086726,193.07197337737657
1.21,2.0,0.777924260619622,0.777924260619622,0.23150481909896378,192.99357987278336
1.22,2.0,0.7749120559998293,0.7749120559998293,0.23136628608755366,192.91641784136343
1.23,2.0,0.7719359775186994,0.7719359775186994,0.23123055430394956,192.84039463006755
1.24,2.0,0.7689936763463564,0.7689936763463564,0.23109739142033778,192.7653629605402
1.25,2.0,0.7660811002429598,0.7660811002429598,0.23096673495105843,192.69129500790248
1.26,2.0,0.7631965250417078,0.7631965250417078,0.230838389461951,192.61816182555165
1.27,2.0,0.760338955373954,0.760338955373954,0.23071215636537531,192.545805686252
1.28,2.0,0.7575075374125283,0.7575075374125283,0.23058792576618556,192.47426456804104
1.29,2.0,0.754701575340216,0.754701575340216,0.230465495673145,192.40341909197394
1.3,2.0,0.7519202482036385,0.7519202482036385,0.23034477176566584,192.33328407373094
1.31,2.0,0.7491633292362149,0.7491633292362149,0.2302256111028045,192.26375711559965
1.32,2.0,0.7464299808255609,0.7464299808255609,0.23010790322318134,192.19484659207225
1.33,2.0,0.7437199563647657,0.7437199563647657,0.229991557529093,192.12652106652544
1.34,2.0,0.741032620224692,0.741032620224692,0.22987645650574737,192.05872583152149
1.35,2.0,0.7383677581363792,0.7383677581363792,0.22976255598518547,191.99141874339182
1.36,2.0,0.7357247668147957,0.7357247668147957,0.22964972469198772,191.92457586078194
1.37,2.0,0.7331033881562886,0.7331033881562886,0.22953789620942844,191.8581820256948
1.38,2.0,0.7305032554571205,0.7305032554571205,0.22942703726686603,191.79226860453645
1.39,2.0,0.7279240279775179,0.7279240279775179,0.22931702562592557,191.7267092332495
1.4,2.0,0.7253652864809844,0.7253652864809844,0.22920784657298438,191.66156802517216
1.41,2.0,0.7228267071902553,0.7228267071902553,0.22909943598469062,191.59674828372115
1.42,2.0,0.7203079738371411,0.7203079738371411,0.22899176440333271,191.53230996916574
1.43,2.0,0.7178089138934245,0.7178089138934245,0.22888473864431955,191.46819197771993
1.44,2.0,0.7153311691695995,0.7153311691695995,0.2288366702327368,191.3687189903043
1.45,2.0,0.7128731884769729,0.7128731884769729,0.22881114148245205,191.25611780674026
1.46,2.0,0.7104339202944634,0.7104339202944634,0.22878562828571705,191.14413082438836
1.47,2.0,0.7080130151879598,0.7080130151879598,0.22876017380990907,191.0327007007765
1.48,2.0,0.7056104040998844,0.7056104040998844,0.228734704573654,190.9218286684606
1.49,2.0,0.7032256645231928,0.7032256645231928,0.22870924690794578,190.81142393798558
1.5,2.0,0.7008585547184542,0.7008585547184542,0.22868373834436134,190.70152549900865
1.51,2.0,0.6985089297833618,0.6985089297833618,0.2286582107679989,190.59213985940656
1.52,2.0,0.6961764965324376,0.6961764965324376,0.22863266044010508,190.48319555074625
1.53,2.0,0.6938611026678907,0.6938611026678907,0.2286070126462487,190.3746954544251
1.54,2.0,0.6915623617906049,0.6915623617906049,0.22858128831663138,190.2665954471476
1.55,2.0,0.6892802616249664,0.6892802616249664,0.2285555240790515,190.1588898832144
1.56,2.0,0.6870143995640187,0.6870143995640187,0.22852968711369356,190.05160372902418
1.57,2.0,0.6847647755788095,0.6847647755788095,0.22850371939405273,189.94469666300301
1.58,2.0,0.6825310154756008,0.6825310154756008,0.2284776739863314,189.83813889910616
1.59,2.0,0.6803130246781508,0.6803130246781508,0.22845150435699543,189.73190432822977
1.6,2.0,0.6781105326052757,0.6781105326052757,0.22842521565202856,189.62601610416064
1.61,2.0,0.6759234618421093,0.6759234618421093,0.2283988232459214,189.5204729716237
1.62,2.0,0.6737515338983147,0.6737515338983147,0.22837225328251726,189.41524319897744
1.63,2.0,0.6715946890395919,0.6715946890395919,0.22834560418858105,189.3102683972646
1.64,2.0,0.6694525721033313,0.6694525721033313,0.22831876808331758,189.20561917791238
1.65,2.0,0.6673252171433689,0.6673252171433689,0.2282918163388335,189.1012450107076
1.66,2.0,0.6652123758852422,0.6652123758852422,0.2282647048317974,188.9971394068527
1.67,2.0,0.6631138036212386,0.6631138036212386,0.22823742927344554,188.89330640863716
1.68,2.0,0.6610295595650924,0.6610295595650924,0.22821002078957497,188.7897184444069
1.69,2.0,0.6589592906708749,0.6589592906708749,0.22818240724471547,188.6863557047327
1.7,2.0,0.6569029617067745,0.6569029617067745,0.22815466504760895,188.5832238817314
1.71,2.0,0.6548603539056028,0.6548603539056028,0.22812672087364744,188.48035599676757
1.72,2.0,0.6528313145758481,0.6528313145758481,0.22809861532272196,188.37763008477327
1.73,2.0,0.6508158416140677,0.6508158416140677,0.228070342051214,188.2751871013432
1.74,2.0,0.6488136942876057,0.6488136942876057,0.2280418916002921,188.1729113687667
1.75,2.0,0.6468248623010181,0.6468248623010181,0.22801320097926922,188.07082477278706
1.76,2.0,0.6448490325987033,0.6448490325987033,0.22798437771257,187.96895369047388
1.77,2.0,0.6428861789307185,0.6428861789307185,0.22795537051501033,187.86728896072952
1.78,2.0,0.6409361971428226,0.6409361971428226,0.2279261410873895,187.76574302808484
1.79,2.0,0.6389989782383051,0.6389989782383051,0.2278967490262273,187.6644017292775
1.8,2.0,0.6370743313339253,0.6370743313339253,0.22786715466960755,187.56323459131454
1.81,2.0,0.635162228421404,0.635162228421404,0.2278373437473284,187.4621816661976
1.82,2.0,0.6332626046982867,0.6332626046982867,0.22780734821594834,187.36130073570553
1.83,2.0,0.6313752345519459,0.6313752345519459,0.22777713840904731,187.26057503550317
1.84,2.0,0.6294171192703696,0.6294171192703696,0.22775271659391755,187.16119414950242
1.85,2.0,0.627232968374256,0.627232968374256,0.22774130460843242,187.06381939664587
1.86,2.0,0.6250578948526416,0.6250578948526416,0.22772388654259015,186.9641569983448
1.87,2.0,0.6228917788671047,0.6228917788671047,0.22770064358619146,186.86236613368266
1.88,2.0,0.6207344945815175,0.6207344945815175,0.2276715317316262,186.7584050098955
1.89,2.0,0.6185859018298868,0.6185859018298868,0.22763690460929475,186.65236225182525
1.9,2.0,0.6164458972396833,0.6164458972396833,0.22759690025775559,186.54432117144287
1.91,2.0,0.6143142738529858,0.6143142738529858,0.22755152945260046,186.43421081339537
1.92,2.0,0.6121909955822115,0.6121909955822115,0.2275010414975338,186.3221823843741
1.93,2.0,0.610075869740688,0.610075869740688,0.22744569555617636,186.20826376262838
1.94,2.0,0.6079687981360303,0.6079687981360303,0.22738554557354482,186.09251383215215
1.95,2.0,0.6058697576588875,0.6058697576588875,0.22732074558208187,185.97497268160234
1.96,2.0,0.6037784573426078,0.6037784573426078,0.22725143577992113,185.8556871229367
1.97,2.0,0.6016950111101512,0.6016950111101512,0.2271778373441569,185.73469201298758
1.98,2.0,0.5996192033628515,0.5996192033628515,0.2271001336257913,185.61208934617687
1.99,2.0,0.5975508526045701,0.5975508526045701,0.22701831689735605,185.48786038132027
2.0,2.0,0.5954899716059696,0.5954899716059696,0.2269326667271981,185.36209879845322
2.01,2.0,0.5936697208347366,0.5936697208347366,0.22683522064293385,185.23483090058167
2.02,2.0,0.591848015959071,0.591848015959071,0.22673443768991905,185.10613314926061
2.03,2.0,0.5900371012938699,0.5900371012938699,0.22663007404920946,184.97602493510692
2.04,2.0,0.588236766619854,0.588236766619854,0.22652236074293508,184.84455521287168
2.05,2.0,0.5864468755671757,0.5864468755671757,0.22641129872475774,184.71176875840078
2.06,2.0,0.5846673011304733,0.5846673011304733,0.22629700984453702,184.57765416909393
2.07,2.0,0.5828980450847082,0.5828980450847082,0.2261798039996928,184.44234569909537
2.08,2.0,0.5811387812604688,0.5811387812604688,0.22605969731159314,184.30588374630116
2.09,2.0,0.5793895880746406,0.5793895880746406,0.22593674984061643,184.16824449810173
2.1,2.0,0.5776501720827546,0.5776501720827546,0.22581114356481288,184.02949057852726
2.11,2.0,0.5759204187617998,0.5759204187617998,0.22568300078099915,183.88962761403013
2.12,2.0,0.5742004360552859,0.5742004360552859,0.22555241781196284,183.74879625517565
2.13,2.0,0.5724899250144551,0.5724899250144551,0.225419506972245,183.60688145012267
2.14,2.0,0.5707887717438769,0.5707887717438769,0.22528446360100599,183.46411384887801
2.15,2.0,0.569096893094842,0.569096893094842,0.22514717791841485,183.32035354558639
2.16,2.0,0.5674143047326042,0.5674143047326042,0.22500798780766115,183.17569500629003
2.17,2.0,0.5657407085901704,0.5657407085901704,0.2248667827542327,183.03016187238944
2.18,2.0,0.5640762080486459,0.5640762080486459,0.22472371588193618,182.88378198252266
2.19,2.0,0.5624206396683752,0.5624206396683752,0.22457900310527726,182.73666700913557
2.2,2.0,0.5607738056302084,0.5607738056302084,0.22443265981500002,182.58877535950208
2.21,2.0,0.5591357176941646,0.5591357176941646,0.22428465185539304,182.4400956070317
2.22,2.0,0.55750632264239,0.55750632264239,0.2241353186722038,182.29074595291658
2.23,2.0,0.5558854202189034,0.5558854202189034,0.22398446029995006,182.14069187431582
2.24,2.0,0.5542730371014849,0.5542730371014849,0.22383231739349133,181.9899892474604
2.25,2.0,0.5526690235818994,0.5526690235818994,0.22367890193775186,181.83862840982678
2.26,2.0,0.5510732739131358,0.5510732739131358,0.22352431801772923,181.6866881218368
2.27,2.0,0.5494857443870467,0.5494857443870467,0.22336867312615238,181.53412733769088
2.28,2.0,0.5479064499850145,0.5479064499850145,0.2232119734968593,181.38107497572364
2.29,2.0,0.5463351388329348,0.5463351388329348,0.22305431450374644,181.2274753064704
2.3,2.0,0.5447718369433918,0.5447718369433918,0.22289570145250967,181.0733322256338
2.31,2.0,0.5432164811095086,0.5432164811095086,0.22273635490026947,180.91873078840146
2.32,2.0,0.5416690041731717,0.5416690041731717,0.22257612603246282,180.7636837530881
2.33,2.0,0.540129253587077,0.540129253587077,0.22241521538643869,180.6081568230857
2.34,2.0,0.5385971703999638,0.5385971703999638,0.2222536250208199,180.45222129169565
2.35,2.0,0.5370727795448168,0.5370727795448168,0.2220914139551149,180.29586766155143
2.36,2.0,0.5355560473050959,0.5355560473050959,0.22192869490731737,180.13918142880732
2.37,2.0,0.5340466926173525,0.5340466926173525,0.2217653344724244,179.98207944616578
2.38,2.0,0.5325447826112346,0.5325447826112346,0.22160161762897784,179.82466543241455
2.39,2.0,0.5310503481434719,0.5310503481434719,0.2214374570611031,179.66689547874384
2.4,2.0,0.5295631394790308,0.5295631394790308,0.2212729081088838,179.50882371832174
2.41,2.0,0.5280832052179056,0.5280832052179056,0.22110801697410706,179.35043236692889
2.42,2.0,0.5266104966770211,0.5266104966770211,0.22094285166408414,179.19178551945194
2.43,2.0,0.5251448757086112,0.5251448757086112,0.22077749746419706,179.03288270247958
2.44,2.0,0.5236863576272525,0.5236863576272525,0.22061180440562186,178.87368976582468
2.45,2.0,0.5222349216026163,0.5222349216026163,0.2204460203764136,178.71432207770786
2.46,2.0,0.5207903282828299,0.5207903282828299,0.2202801405608523,178.55472310061725
2.47,2.0,0.5193526987316048,0.5193526987316048,0.2201141163808255,178.3948826946586
2.48,2.0,0.5179219183071944,0.5179219183071944,0.21994801730407854,178.23486814954208
2.49,2.0,0.5164979238526027,0.5164979238526027,0.2197819708906563,178.07472550360333
2.5,2.0,0.5150806661409114,0.5150806661409114,0.21961586026204669,177.91436350134836
2.51,2.0,0.513670120631702,0.513670120631702,0.2194497212030809,177.7538447529264
2.52,2.0,0.5122661264788223,0.5122661264788223,0.21928368705082715,177.59322205318722
2.53,2.0,0.5108687502859149,0.5108687502859149,0.21911777422768625,177.4324683774724
2.54,2.0,0.5094779474841848,0.5094779474841848,0.21895195760196265,177.27156414362983
2.55,2.0,0.5080935850694946,0.5080935850694946,0.21878628147740944,177.11060096362462
2.56,2.0,0.5067156017050432,0.5067156017050432,0.21862077113556336,176.94948480989743
2.57,2.0,0.5053440857546272,0.5053440857546272,0.2184554563928406,176.7883446419085
2.58,2.0,0.5039788764091913,0.5039788764091913,0.21829039160664532,176.6271248241671
2.59,2.0,0.5026199316910317,0.5026199316910317,0.21812554770636794,176.46584483769269
2.6,2.0,0.5012671291321649,0.5012671291321649,0.21796092309453705,176.30446978020606
2.61,2.0,0.49992062237854895,0.49992062237854895,0.21779661867209354,176.14308125941528
2.62,2.0,0.49858026983861997,0.49858026983861997,0.21763262236101935,175.98167845879607
2.63,2.0,0.497245940756733,0.497245940756733,0.21746893551886387,175.82025858701783
2.64,2.0,0.49591769709762223,0.49591769709762223,0.2173055873611705,175.65879508948933
2.65,2.0,0.49459540716895833,0.49459540716895833,0.21714254962454804,175.4972770850679
2.66,2.0,0.4932790157911616,0.4932790157911616,0.21697993755925474,175.33583641425358
2.67,2.0,0.49196861242371365,0.49196861242371365,0.21681768227696074,175.1743589639453
2.68,2.0,0.4906640508787371,0.4906640508787371,0.21665588927488794,175.01293750586922
2.69,2.0,0.4893653905448004,0.4893653905448004,0.21649447429223953,174.85149850455025
2.7,2.0,0.48807240393864876,0.48807240393864876,0.21633349489758663,174.690093405886
2.71,2.0,0.4867851568206996,0.4867851568206996,0.21617303567275664,174.5287735426037
2.72,2.0,0.48550360755753974,0.48550360755753974,0.21601299737941998,174.3674923444098
2.73,2.0,0.48422772925574004,0.48422772925574004,0.21585338125668654,174.20621549282362
2.74,2.0,0.4829573982189118,0.4829573982189118,0.2156943360668611,174.04503847694107
2.75,2.0,0.48169266450038106,0.48169266450038106,0.21553574585584562,173.8839182271995
2.76,2.0,0.48043340204701873,0.48043340204701873,0.21537765261898667,173.72282866467597
2.77,2.0,0.47917967706025655,0.47917967706025655,0.21522013386573907,173.56186295961288
2.78,2.0,0.47793126074407094,0.47793126074407094,0.21506314800111087,173.40098059432322
2.79,2.0,0.4766883168803566,0.4766883168803566,0.21490668842285995,173.24019346767355
2.8,2.0,0.47545072046207976,0.47545072046207976,0.21475079412422043,173.07947331774133
2.81,2.0,0.47421843427452953,0.47421843427452953,0.21459544529086624,172.91886314305202
2.82,2.0,0.4729914341010493,0.4729914341010493,0.21444069002750168,172.75837157765122
2.83,2.0,0.47176967289205674,0.47176967289205674,0.21428649268363034,172.59795510588714
2.84,2.0,0.4705530352547527,0.4705530352547527,0.2141328652286777,172.43768411397483
2.85,2.0,0.4693415879814714,0.4693415879814714,0.21397988224289624,172.27753130151078
2.86,2.0,0.4681351939282925,0.4681351939282925,0.21382748714248095,172.1174693931542
2.87,2.0,0.46693242332430873,0.46693242332430873,0.21363405235215027,171.9599213928306
2.88,2.0,0.46573300773028087,0.46573300773028087,0.21339289920994184,171.80510264506958
2.89,2.0,0.4645385690376294,0.4645385690376294,0.21315232665267186,171.65032856248268
2.9,2.0,0.46334907477503884,0.46334907477503884,0.2129124206667756,171.4955369273049
2.91,2.0,0.462164507956845,0.462164507956845,0.21267312195521829,171.34081185903295
2.92,2.0,0.46098478577730256,0.46098478577730256,0.21243450444818476,171.18610816874303
2.93,2.0,0.45980990095901936,0.45980990095901936,0.21219649533554716,171.03144026645043
2.94,2.0,0.4586398127230543,0.4586398127230543,0.2119591960936395,170.8768505505085
2.95,2.0,0.4574744631850407,0.4574744631850407,0.21172253922803003,170.72230729108483
2.96,2.0,0.45631383841678913,0.45631383841678913,0.21148651901102777,170.5678136293353
2.97,2.0,0.45515788168206195,0.45515788168206195,0.2112511087101174,170.4133090083086
2.98,2.0,0.45400656430857045,0.45400656430857045,0.21101645106372244,170.25891385894016
2.99,2.0,0.452859847380237,0.452859847380237,0.21078244062152043,170.10457290174432
3.0,2.0,0.4517176876661557,0.4517176876661557,0.21054908767588112,169.9502584045089
3.01,2.0,0.45071183712889884,0.45071183712889884,0.21031184536293118,169.79606949952145
3.02,2.0,0.4497342497101433,0.4497342497101433,0.21007440721287607,169.64189623243507
3.03,2.0,0.4487600224533694,0.4487600224533694,0.20983775730527238,169.48782705811018
3.04,2.0,0.4477891302979898,0.4477891302979898,0.2096017920316394,169.33382003841206
3.05,2.0,0.4468215926170143,0.4468215926170143,0.20936657030567477,169.17990444767418
3.06,2.0,0.44585736545484017,0.44585736545484017,0.2091320408291232,169.0260138931823
3.07,2.0,0.4448964800268229,0.4448964800268229,0.2088982902730005,168.87228001624757
3.08,2.0,0.44393891193842955,0.44393891193842955,0.20866527341296448,168.71859544476823
3.09,2.0,0.4429846653866335,0.4429846653866335,0.20843289646722424,168.56495672087152
3.1,2.0,0.44203372317404527,0.44203372317404527,0.20820131795309965,168.41141190279114
3.11,2.0,0.441086090768477,0.441086090768477,0.2079704995432509,168.25801294816958
3.12,2.0,0.4401417529752616,0.4401417529752616,0.2077403680641337,168.10465373630188
3.13,2.0,0.43920071879124023,0.43920071879124023,0.20751099454008412,167.9514390295425
3.14,2.0,0.438262962012405,0.438262962012405,0.20728228595096743,167.79825486042128
3.15,2.0,0.43732849254135137,0.43732849254135137,0.2070543576399658,167.64519844860993
3.16,2.0,0.43639727485895086,0.43639727485895086,0.2068271550486342,167.49220725680863
3.17,2.0,0.4354693369816056,0.4354693369816056,0.20660070566945135,167.3393733270523
3.18,2.0,0.434544663165305,0.434544663165305,0.20637497600719873,167.1866062157349
3.19,2.0,0.4336232393034016,0.4336232393034016,0.20614996305280744,167.0339342282538
3.2,2.0,0.43270506286498056,0.43270506286498056,0.20592571237776208,166.88142542396704
3.21,2.0,0.4317901372776102,0.4317901372776102,0.20570215724198454,166.72894232164057
3.22,2.0,0.43087841947611477,0.43087841947611477,0.20547933787203448,166.5766129650485
3.23,2.0,0.42996994578998504,0.42996994578998504,0.2052572864979327,166.42442043783052
3.24,2.0,0.42906467940337933,0.42906467940337933,0.20503593333996967,166.27229536044035
3.25,2.0,0.4281626244488663,0.4281626244488663,0.20481525679878754,166.12025478795204
3.26,2.0,0.4272637702664745,0.4272637702664745,0.2045953700269482,165.96836931566543
3.27,2.0,0.42636811736016683,0.42636811736016683,0.20437616427674998,165.81661678754855
3.28,2.0,0.42547565254696507,0.42547565254696507,0.2041576784737937,165.66491564137428
3.29,2.0,0.4245863598025403,0.4245863598025403,0.20393991142511508,165.51337121450814
3.3,2.0,0.42370025504627296,0.42370025504627296,0.20372290072227647,165.36193372784814
3.31,2.0,0.422817311912051,0.422817311912051,0.20350660588661923,165.2106529455541
3.32,2.0,0.4219375125102762,0.4219375125102762,0.20329099175979412,165.05944705814457
3.33,2.0,0.4210608633865116,0.4210608633865116,0.20307610677257967,164.90836987913082
3.34,2.0,0.4201873678659383,0.4201873678659383,0.20286193798824648,164.75742367657045
3.35,2.0,0.41931698774461973,0.41931698774461973,0.20264842505357547,164.6065752870001
3.36,2.0,0.4184497406800482,0.4184497406800482,0.2024356762303375,164.45588786456398
3.37,2.0,0.4175856084127114,0.4175856084127114,0.20222364405423557,164.3052987871158
3.38,2.0,0.41672458262745493,0.41672458262745493,0.20201226454640234,164.15483993138776
3.39,2.0,0.41586665008871765,0.41586665008871765,0.20180164057467162,164.00451425406257
3.4,2.0,0.41501181035230633,0.41501181035230633,0.20159165328383047,163.85427735242422
3.41,2.0,0.41416006117791115,0.41416006117791115,0.2013824398281623,163.7042166477288
3.42,2.0,0.4133113729739866,0.4133113729739866,0.20117392231492537,163.55429515753607
3.43,2.0,0.4124657488903485,0.4124657488903485,0.20096609443454558,163.4044929729227
3.44,2.0,0.4116231895082968,0.4116231895082968,0.20075890484175682,163.25480024040516
3.45,2.0,0.41078364836533016,0.41078364836533016,0.20055237536549175,163.10518807874857
3.46,2.0,0.4099471616227221,0.4099471616227221,0.20034658517306744,162.95577234794166
3.47,2.0,0.40911371233045113,0.40911371233045113,0.20014156334037872,162.80651133381042
3.48,2.0,0.4082832649573413,0.4082832649573413,0.1999370798429155,162.6572967042767
3.49,2.0,0.4074558292317854,0.4074558292317854,0.19973333479998162,162.5082585745235
3.5,2.0,0.40663138639743984,0.40663138639743984,0.1995303056533707,162.3593732075233
3.51,2.0,0.40580994558278,0.40580994558278,0.19932790226181435,162.2105955457822
3.52,2.0,0.40499148208281105,0.40499148208281105,0.19912621593933952,162.06197600312
3.53,2.0,0.40417598406367977,0.40417598406367977,0.19892513554288865,161.91342856523295
3.54,2.0,0.40336344875532626,0.40336344875532626,0.19872481218068944,161.76510545428064
3.55,2.0,0.40255386209937183,0.40255386209937183,0.19852508421610607,161.61683756336632
3.56,2.0,0.40174721963972526,0.40174721963972526,0.19832605181245355,161.46873622146308
3.57,2.0,0.40094350156548914,0.40094350156548914,0.19812767284953955,161.33087814184714
3.58,2.0,0.4001427197931876,0.4001427197931876,0.19792996336059768,161.19849671962166
3.59,2.0,0.39934483442043545,0.39934483442043545,0.19773288457816077,161.06629510180892
3.6,2.0,0.39854985813502974,0.39854985813502974,0.1975364641497301,160.93425401637253
3.61,2.0,0.39775776239093413,0.39775776239093413,0.1973407142562126,160.80244966183986
3.62,2.0,0.3969685571270475,0.3969685571270475,0.1971456038211549,160.67083239069066
3.63,2.0,0.3961822142390013,0.3961822142390013,0.1969511396487106,160.53937084367817
3.64,2.0,0.3953987447875479,0.3953987447875479,0.19675732754454472,160.40814127473655
3.65,2.0,0.39461810847912543,0.39461810847912543,0.19656413927657662,160.27705396812541
3.66,2.0,0.3938403076341934,0.3938403076341934,0.19637160676857793,160.14617668213032
3.67,2.0,0.39306535211982685,0.39306535211982685,0.19617970087971645,160.01548527613272
3.68,2.0,0.39229321207800905,0.39229321207800905,0.19598841190113034,159.8849751686173
3.69,2.0,0.3915238789294449,0.3915238789294449,0.19579775324958318,159.7546559125895
3.7,2.0,0.39075734355992725,0.39075734355992725,0.19560773968395181,159.6245439936676
3.71,2.0,0.3899935755398127,0.3899935755398127,0.19541834413936424,159.4946160566791
3.72,2.0,0.38923261608652515,0.38923261608652515,0.19522957802170815,159.36489108649386
3.73,2.0,0.3884743843369679,0.3884743843369679,0.1950414228123157,159.2353145547818
3.74,2.0,0.3877189314054901,0.3877189314054901,0.19485388342756005,159.10593003779996
3.75,2.0,0.3869662175650608,0.3869662175650608,0.19466696862483054,158.97678006966873
3.76,2.0,0.38621623238950864,0.38621623238950864,0.19448066734792296,158.8477904146332
3.77,2.0,0.38546896627038324,0.38546896627038324,0.19429497992005937,158.71899158764435
3.78,2.0,0.3847244084028508,0.3847244084028508,0.19410987444181263,158.59038318654999
3.79,2.0,0.38398254917342023,0.38398254917342023,0.19392538239849005,158.46196355765977
3.8,2.0,0.3832433792537868,0.3832433792537868,0.19374150412815286,158.33374387588478
3.81,2.0,0.3825068864227939,0.3825068864227939,0.19355819981639122,158.2057014673383
3.82,2.0,0.3817730527098212,0.3817730527098212,0.19337551298305425,158.077871197233
3.83,2.0,0.38104187676069606,0.38104187676069606,0.19319343137531106,157.95022875846732
3.84,2.0,0.3803133468213711,0.3803133468213711,0.1930118999294091,157.82273002383886
3.85,2.0,0.3795874439757566,0.3795874439757566,0.19283096711347372,157.6954628906629
3.86,2.0,0.37886415849464644,0.37886415849464644,0.1926506459752865,157.5683692925538
3.87,2.0,0.37814347835506307,0.37814347835506307,0.19247090519075635,157.44146982813356
3.88,2.0,0.37742540312699197,0.37742540312699197,0.1922917338997105,157.31478252027108
3.89,2.0,0.37670990173884394,0.37670990173884394,0.19211313207235783,157.1882536900787
3.9,2.0,0.3759969840670199,0.3759969840670199,0.19193510674620917,157.06191522780216
3.91,2.0,0.3752866192512451,0.3752866192512451,0.19175765398216704,156.93576594496335
3.92,2.0,0.37457880628608636,0.37457880628608636,0.19158076559127327,156.8098081973505
3.93,2.0,0.37387353458065176,0.37387353458065176,0.19140444723207137,156.68404554389065
3.94,2.0,0.37317079305219103,0.37317079305219103,0.1912286981767438,156.5584791177335
3.95,2.0,0.372470561090184,0.372470561090184,0.19105352053303012,156.43307344772893
3.96,2.0,0.371772836256851,0.371772836256851,0.1908788769553569,156.30787313681697
3.97,2.0,0.37107759876517105,0.37107759876517105,0.1907047959287127,156.18283053856084
3.98,2.0,0.370384837644106,0.370384837644106,0.19053128524323426,156.05803202774896
3.99,2.0,0.3696945516225597,0.3696945516225597,0.19035833253183862,155.93339676651718
4.0,2.0,0.36900671758453274,0.36900671758453274,0.19018589327118682,155.80891485099517
4.01,2.0,0.36832132690262853,0.36832132690262853,0.1900140277822714,155.68468057923835
4.02,2.0,0.36763836725278887,0.36763836725278887,0.18984270403350967,155.560602434923
4.03,2.0,0.36695781660745885,0.36695781660745885,0.18967191216748283,155.43670350640335
4.04,2.0,0.36627968366491936,0.36627968366491936,0.18950164463400762,155.31298726489908
4.05,2.0,0.3656039486530246,0.3656039486530246,0.1893319405441922,155.18947565293075
4.06,2.0,0.36493059831998037,0.36493059831998037,0.18916275775397565,155.06614596995743
4.07,2.0,0.36425961189894823,0.36425961189894823,0.18899410911454678,154.943006051992
4.08,2.0,0.36359097747901936,0.36359097747901936,0.18882598123128572,154.8200155141388
4.09,2.0,0.36292470473191085,0.36292470473191085,0.18865840605550263,154.69725891538732
4.1,2.0,0.36226074984852397,0.36226074984852397,0.18849132529484147,154.57467087015192
4.11,2.0,0.36159913278744926,0.36159913278744926,0.18832477485244722,154.45224723396603
4.12,2.0,0.36093982140204434,0.36093982140204434,0.1881587397983698,154.33004301953025
4.13,2.0,0.36028281392126205,0.36028281392126205,0.187993221048431,154.20798658780222
4.14,2.0,0.35962807934183466,0.35962807934183466,0.18782823264186874,154.08615872223248
4.15,2.0,0.3589756344071035,0.3589756344071035,0.18766373376512213,153.96447615536368
4.16,2.0,0.35832542974202797,0.35832542974202797,0.1874997824841298,153.84299987584873
4.17,2.0,0.3576774795843419,0.3576774795843419,0.18733628477782385,153.7216718682099
4.18,2.0,0.35703177620509846,0.35703177620509846,0.18717333443997933,153.60055951797662
4.19,2.0,0.3563882852968218,0.3563882852968218,0.1870108722644035,153.4796292051631
4.2,2.0,0.35574701502411704,0.35574701502411704,0.1868488974208726,153.3588684653919
4.21,2.0,0.3551079343023498,0.3551079343023498,0.18668743351127579,153.23830441697615
4.22,2.0,0.35447104021237613,0.35447104021237613,0.18652645085011135,153.1179086413059
4.23,2.0,0.35383632112254915,0.35383632112254915,0.1863659579452032,152.99769640723972
4.24,2.0,0.3532037757755925,0.3532037757755925,0.18620597428427804,152.877643820023
4.25,2.0,0.3525733714766365,0.3525733714766365,0.1860464698471591,152.75780932408327
4.26,2.0,0.35194509560088305,0.35194509560088305,0.18588744840691265,152.63815173610502
4.27,2.0,0.35131894728554525,0.35131894728554525,0.18572893226150716,152.5186596223788
4.28,2.0,0.35069491289880556,0.35069491289880556,0.18557087638474148,152.3993538437028
4.29,2.0,0.3500729705001473,0.3500729705001473,0.18541328540476334,152.2802004846713
4.3,2.0,0.34945312986902793,0.34945312986902793,0.18525621231379993,152.1612590040213
4.31,2.0,0.3488353457511558,0.3488353457511558,0.18509957960888787,152.0424940297479
4.32,2.0,0.3482196380766524,0.3482196380766524,0.18494342460679,151.92389545069136
4.33,2.0,0.34760596373490016,0.34760596373490016,0.18478774279271887,151.8054666610638
4.34,2.0,0.34699432148746595,0.34699432148746595,0.18463254052672326,151.68723274410928
4.35,2.0,0.346384718208627,0.346384718208627,0.1844778112642541,151.5691865624625
4.36,2.0,0.34577711044184506,0.34577711044184506,0.18432352157036905,151.4513173692689
4.37,2.0,0.34517151775141425,0.34517151775141425,0.1841697018136496,151.33361385426699
4.38,2.0,0.3445678963751881,0.3445678963751881,0.18401633127662606,151.2160464065119
4.39,2.0,0.3439662551221512,0.3439662551221512,0.1838634304970464,151.09869663795905
4.4,2.0,0.34336657113323954,0.34336657113323954,0.1837109943901212,150.98153264763678
4.41,2.0,0.3427688318718686,0.3427688318718686,0.18355899728418934,150.86453654587856
4.42,2.0,0.34217301447847753,0.34217301447847753,0.1834074449819769,150.74771451346882
4.43,2.0,0.3415791372894755,0.3415791372894755,0.18325635599042686,150.6310447819978
4.44,2.0,0.3409871673304968,0.3409871673304968,0.18310570464711287,150.51457277782993
4.45,2.0,0.34039708203712804,0.34039708203712804,0.18295548684690252,150.39824588343114
4.46,2.0,0.3398088801176154,0.3398088801176154,0.18280574397861143,150.28213708794794
4.47,2.0,0.3392225467395474,0.3392225467395474,0.18265639762643124,150.16614577722262
4.48,2.0,0.3386380821068478,0.3386380821068478,0.18250752323653077,150.0503863671275
4.49,2.0,0.33805546213178267,0.33805546213178267,0.1823590843319518,149.9347631863962
4.5,2.0,0.33747466383499175,0.33747466383499175,0.1822110669380377,149.81930828612533
4.51,2.0,0.33689568585760055,0.33689568585760055,0.18206349341126538,149.70406403120924
4.52,2.0,0.3363185147457316,0.3363185147457316,0.18191634595032571,149.58895416401464
4.53,2.0,0.3357431385412546,0.3357431385412546,0.18176963111671013,149.47402215514717
4.54,2.0,0.33516954437489505,0.33516954437489505,0.1816233484935411,149.35927139956414
4.55,2.0,0.3345977188541756,0.3345977188541756,0.18147746436325374,149.2446674366146
4.56,2.0,0.3340276411589183,0.3340276411589183,0.18133203811103696,149.13026066346228
4.57,2.0,0.3334593168344128,0.3334593168344128,0.18118701446586258,149.0160145558821
4.58,2.0,0.3328927033616474,0.3328927033616474,0.18104238740523515,148.9019161866622
4.59,2.0,0.3323278200487578,0.3323278200487578,0.18089821871591277,148.78802490944048
4.6,2.0,0.33176464238481534,0.33176464238481534,0.18075444497228974,148.67428725295696
4.61,2.0,0.3312031487091401,0.3312031487091401,0.18061110281288464,148.5606965600382
4.62,2.0,0.3306433248265677,0.3306433248265677,0.18046814693035246,148.4472838814789
4.63,2.0,0.3300851788287715,0.3300851788287715,0.18032559672342013,148.33404279627075
4.64,2.0,0.3295286786714321,0.3295286786714321,0.1801834611752641,148.22094593138038
4.65,2.0,0.32897381196234776,0.32897381196234776,0.1800417563374114,148.10805842546768
4.66,2.0,0.32842058485224507,0.32842058485224507,0.1799004467706539,147.99533314451733
4.67,2.0,0.3278689645574914,0.3278689645574914,0.17975952987848337,147.88274565810943
4.68,2.0,0.3273189494315809,0.3273189494315809,0.17961902556028023,147.77035123907777
4.69,2.0,0.3267705150230887,0.3267705150230887,0.17947889216335466,147.6580862831336
4.7,2.0,0.32622366028410715,0.32622366028410715,0.17933917585960743,147.54599137933045
4.71,2.0,0.32567836183102516,0.32567836183102516,0.17919985717889506,147.43409413018483
4.72,2.0,0.3251346163808981,0.3251346163808981,0.17906091867165674,147.32232494067844
4.73,2.0,0.32459240284204804,0.32459240284204804,0.17892240686517122,147.21073303971593
4.74,2.0,0.32405171655268933,0.32405171655268933,0.17878425668766856,147.0993340394005
4.75,2.0,0.3235125350697469,0.3235125350697469,0.17864648486160356,146.98805161547887
4.76,2.0,0.3229748572910685,0.3229748572910685,0.1785091454648956,146.8769553390078
4.77,2.0,0.32243866786089403,0.32243866786089403,0.17837214616579086,146.76600372605114
4.78,2.0,0.321903935876418,0.321903935876418,0.1782355486469929,146.65521837607452
4.79,2.0,0.3213706777798496,0.3213706777798496,0.17809932762396347,146.5445971257113
4.8,2.0,0.32083885144731134,0.32083885144731134,0.17796350214421353,146.4341497061659
4.81,2.0,0.3203084625850586,0.3203084625850586,0.17782802661456298,146.32383489972958
4.82,2.0,0.3197795008700635,0.3197795008700635,0.17769297030805847,146.21371971830192
4.83,2.0,0.31925194095775794,0.31925194095775794,0.17755825932645725,146.1037399268252
4.84,2.0,0.31872577066450813,0.31872577066450813,0.17742390986228151,145.99387523646192
4.85,2.0,0.31820098800185875,0.31820098800185875,0.17728994326286135,145.88421633929528
4.86,2.0,0.31767757030187144,0.31767757030187144,0.17715636254945152,145.77472690153763
4.87,2.0,0.3171555144922264,0.3171555144922264,0.17702315819264697,145.66539807107225
4.88,2.0,0.316634797075606,0.316634797075606,0.17689030961143826,145.55618968150918
4.89,2.0,0.31611540481334777,0.31611540481334777,0.17675781112422503,145.4471554101983
4.9,2.0,0.3155973366108627,0.3155973366108627,0.1766256940929546,145.33829868030352
4.91,2.0,0.31508056845202886,0.31508056845202886,0.17649393124110094,145.22955378521547
4.92,2.0,0.3145650980876377,0.3145650980876377,0.17636254475445953,145.12098402063873
4.93,2.0,0.31405090226230525,0.31405090226230525,0.176231513325568,145.0125834135581
4.94,2.0,0.3135379682357047,0.3135379682357047,0.17610083004154092,144.90431986097857
4.95,2.0,0.3130262937702093,0.3130262937702093,0.17597052527614193,144.7962479457395
4.96,2.0,0.3125158454187904,0.3125158454187904,0.17584057294846545,144.68829852928562
4.97,2.0,0.3120066487471325,0.3120066487471325,0.1757109310828893,144.58047237489905
4.98,2.0,0.311498644878116,0.311498644878116,0.17558169847894287,144.47288008911113
4.99,2.0,0.3109918575471754,0.3109918575471754,0.1754527884271511,144.36537609488104
5.0,2.0,0.3104862449103019,0.3104862449103019,0.17532422144926962,144.2580298120082
5.01,2.0,0.31000737693078834,0.31000737693078834,0.17519510754556547,144.15083703876928
5.02,2.0,0.3095109935040301,0.3095109935040301,0.1750670278105358,144.04384637993527
5.03,2.0,0.30901589211861286,0.30901589211861286,0.1749392542688204,143.93695648350393
5.04,2.0,0.3085220519017736,0.3085220519017736,0.17481185570912222,143.83024496184157
5.05,2.0,0.30802945639838364,0.30802945639838364,0.17468477022043438,143.72366408703607
5.06,2.0,0.3075381126081826,0.3075381126081826,0.17455801841476687,143.617229132429
5.07,2.0,0.30704796855864785,0.30704796855864785,0.1744316384229071,143.51097661685068
5.08,2.0,0.3065590469609339,0.3065590469609339,0.17430554125351497,143.40483389523172
5.09,2.0,0.3060713172424994,0.3060713172424994,0.17417981089483495,143.29887205285715
5.1,2.0,0.305584764613992,0.305584764613992,0.17405442391092124,143.1930334980347
5.11,2.0,0.3050993842753862,0.3050993842753862,0.17392934109449856,143.08735457903174
5.12,2.0,0.3046151537607675,0.3046151537607675,0.173804598157956,142.98183439668998
5.13,2.0,0.3041320583602475,0.3041320583602475,0.17368016571618172,142.87644890552627
5.14,2.0,0.3036501050811115,0.3036501050811115,0.17355606936075496,142.77121785620258
5.15,2.0,0.303169250190449,0.303169250190449,0.17343230853747102,142.66613533312838
5.16,2.0,0.30268949067207845,0.30268949067207845,0.17330888658481167,142.56119157927193
5.17,2.0,0.30221082132836874,0.30221082132836874,0.17318577260910875,142.45641232749966
5.18,2.0,0.3017332285707813,0.3017332285707813,0.1730629676669215,142.35173277245687
5.19,2.0,0.3012566899692664,0.3012566899692664,0.17294049214716345,142.2472433414105
5.2,2.0,0.3007811905685571,0.3007811905685571,0.17281832848918993,142.14289149966447
5.21,2.0,0.3003067183114794,0.3003067183114794,0.1726964996562842,142.03866738498755
5.22,2.0,0.2998332780725213,0.2998332780725213,0.1725749744153609,141.93461079429974
5.23,2.0,0.29936083748165476,0.29936083748165476,0.17245378816697934,141.83068578614646
5.24,2.0,0.29888938192001596,0.29888938192001596,0.17233290365868173,141.72691642962042
5.25,2.0,0.2984188979430073,0.2984188979430073,0.1722123239108124,141.62326658198657
5.26,2.0,0.2979493916411261,0.2979493916411261,0.17209204409075554,141.51974770741185
5.27,2.0,0.2974808212695826,0.2974808212695826,0.17197210993534573,141.41642588283477
5.28,2.0,0.2970131913358227,0.2970131913358227,0.17185247057995165,141.3132042398594
5.29,2.0,0.2965464890277373,0.2965464890277373,0.1717331390317303,141.2101260554198
5.3,2.0,0.2960806803980209,0.2960806803980209,0.1716141100713835,141.10721278248369
5.31,2.0,0.29561578314627274,0.29561578314627274,0.17149541589160008,141.0044350680109
5.32,2.0,0.2951517618920046,0.2951517618920046,0.17137698943306987,140.9017716381636
5.33,2.0,0.2946886139211631,0.2946886139211631,0.171258871539933,140.7992482656608
5.34,2.0,0.2942263271098157,0.2942263271098157,0.1711410867362477,140.69689195414676
5.35,2.0,0.2937648667129476,0.2937648667129476,0.17102359860957578,140.59469891600895
5.36,2.0,0.29330423852385795,0.29330423852385795,0.17090639031072988,140.49260217557116
5.37,2.0,0.2928444306114343,0.2928444306114343,0.17078950423010353,140.3906599764208
5.38,2.0,0.29238541800841983,0.29238541800841983,0.17067288949438858,140.28883445565762
5.39,2.0,0.29192719961016705,0.29192719961016705,0.17055661755632925,140.1871851182481
5.4,2.0,0.2914697694609057,0.2914697694609057,0.1704406075853553,140.08564666023693
5.41,2.0,0.29101308548066895,0.29101308548066895,0.17032490449941842,139.98424853678765
5.42,2.0,0.2905571437773495,0.2905571437773495,0.17020949238189934,139.88296172703454
5.43,2.0,0.2901019419443861,0.2901019419443861,0.1700943911353271,139.78185067758088
5.44,2.0,0.2896474751253472,0.2896474751253472,0.1699795566502176,139.68086133185648
5.45,2.0,0.289193711620312,0.289193711620312,0.169865049148833,139.58003322413165
5.46,2.0,0.28874064662622373,0.28874064662622373,0.16975081260668254,139.4793276303349
5.47,2.0,0.28828825655502166,0.28828825655502166,0.16963684560549766,139.37872974524277
5.48,2.0,0.2878365306030342,0.2878365306030342,0.16952321296468525,139.2783119576822
5.49,2.0,0.2873854730364325,0.2873854730364325,0.169409849548026,139.1779894071771
5.5,2.0,0.28693505047844237,0.28693505047844237,0.1692967531642442,139.07781211310186
5.51,2.0,0.2864852709989146,0.2864852709989146,0.16918395442150305,138.97777628641725
5.52,2.0,0.2860361009483391,0.2860361009483391,0.16907144892068987,138.87785099189824
5.53,2.0,0.2855875266821423,0.2855875266821423,0.16895922477907707,138.77808553316703
5.54,2.0,0.2851395553590394,0.2851395553590394,0.16884728560864606,138.6784561278505
5.55,2.0,0.28469215324117897,0.28469215324117897,0.16873562343687637,138.5789300880375
5.56,2.0,0.2842453177943466,0.2842453177943466,0.16862425668125475,138.4795721395554
5.57,2.0,0.2837990348217048,0.2837990348217048,0.16851315634789135,138.38030716684642
5.58,2.0,0.2833533026554175,0.2833533026554175,0.16840235897148162,138.28122152040336
5.59,2.0,0.28290807634998566,0.28290807634998566,0.16829182113555582,138.18222355470684
5.6,2.0,0.28246337353421963,0.28246337353421963,0.1681815575836532,138.0833789354214
5.61,2.0,0.2820191613500964,0.2820191613500964,0.16807158944105138,137.984657839739
5.62,2.0,0.2815754460684645,0.2815754460684645,0.16796188646508567,137.88608046386148
5.63,2.0,0.28113220461079935,0.28113220461079935,0.16785245627557976,137.7876118728686
5.64,2.0,0.2806894036078808,0.2806894036078808,0.1677432923699334,137.68925494542825
5.65,2.0,0.2802470712160086,0.2802470712160086,0.1676344225734804,137.59107553389197
5.66,2.0,0.2798051526833967,0.2798051526833967,0.16752581300404892,137.49299226013252
5.67,2.0,0.27936367579817123,0.27936367579817123,0.16741747443272975,137.39503233739947
5.68,2.0,0.2789225981396679,0.2789225981396679,0.1673094326544172,137.297257390186
5.69,2.0,0.2784819248515822,0.2784819248515822,0.16720162907868208,137.19954938099644
5.7,2.0,0.278041614465708,0.278041614465708,0.16709412187987263,137.10199099805598
5.71,2.0,0.2776016932108023,0.2776016932108023,0.16698687606817258,137.0045548234801
5.72,2.0,0.2771621280561894,0.2771621280561894,0.1668798980869699,136.90727548290974
5.73,2.0,0.27672289591391747,0.27672289591391747,0.16677318609139313,136.81009504557537
5.74,2.0,0.2762840037984261,0.2762840037984261,0.1666667392790757,136.71303502699948
5.75,2.0,0.2758454277513669,0.2758454277513669,0.1665605302478124,136.616077642485
5.76,2.0,0.27540715692071405,0.27540715692071405,0.16645461404603765,136.5192732098725
5.77,2.0,0.274969167129577,0.274969167129577,0.1663489677262127,136.42259882064604
5.78,2.0,0.2745314755066513,0.2745314755066513,0.16624358066897718,136.32605006407266
5.79,2.0,0.2740940491374966,0.2740940491374966,0.16613846029129642,136.22962469852976
5.8,2.0,0.27365686412774076,0.27365686412774076,0.16603357944959185,136.13330443918423
5.81,2.0,0.2732199393993551,0.2732199393993551,0.16592898924058547,136.0371346937687
5.82,2.0,0.27278323109586206,0.27278323109586206,0.1658246584865091,135.94109446281558
5.83,2.0,0.2723467350193099,0.2723467350193099,0.16572056046957861,135.84514621837712
5.84,2.0,0.27191046023028614,0.27191046023028614,0.1656167387802537,135.74934572579318
5.85,2.0,0.2714743527104934,0.2714743527104934,0.1655131737661421,135.65365219930922
5.86,2.0,0.27103843995243154,0.27103843995243154,0.16540986252299172,135.55808812031574
5.87,2.0,0.27060268928606257,0.27060268928606257,0.1653068168183028,135.46265652813946
5.88,2.0,0.2701670976083377,0.2701670976083377,0.16520402863540984,135.36731425012678
5.89,2.0,0.2697316317714785,0.2697316317714785,0.16510148994123292,135.27211816346792
5.9,2.0,0.26929630895923484,0.26929630895923484,0.16499919926941714,135.17703851052983
5.91,2.0,0.2688610968780885,0.2688610968780885,0.16489717243682747,135.0820919444645
5.92,2.0,0.2684259819989972,0.2684259819989972,0.1647953885254354,134.98724874554767
5.93,2.0,0.26799095259357575,0.26799095259357575,0.164693872543816,134.89251983431677
5.94,2.0,0.2675560146427962,0.2675560146427962,0.16459259856926195,134.79792626064256
5.95,2.0,0.2671211260848406,0.2671211260848406,0.1644915830083065,134.70345538696148
5.96,2.0,0.2666862937822664,0.2666862937822664,0.1643908086157459,134.60910623917755
5.97,2.0,0.2662515152401936,0.2662515152401936,0.16429029262023068,134.5148466134302
5.98,2.0,0.26581674735037386,0.26581674735037386,0.16419002061179633,134.42073272833437
5.99,2.0,0.26538200772689374,0.26538200772689374,0.1640899954927481,134.32671141990983
6.0,2.0,0.264947253618324,0.264947253618324,0.1639902282308749,134.2328350368084
6.01,2.0,0.26454367109410304,0.26454367109410304,0.1638896114913453,134.13907854413617
6.02,2.0,0.26417607061114207,0.26417607061114207,0.16378799320464113,134.04541866794185
6.03,2.0,0.2638092278290065,0.2638092278290065,0.16368658752880416,133.95189938262462
6.04,2.0,0.26344314997564217,0.26344314997564217,0.16358540088690707,133.85846614837624
6.05,2.0,0.26307782432552107,0.26307782432552107,0.16348442117712086,133.7651695277413
6.06,2.0,0.26271323876587915,0.26271323876587915,0.1633836740889854,133.67198598769326
6.07,2.0,0.2623494101492366,0.2623494101492366,0.16328313334599887,133.578925322386
6.08,2.0,0.26198632589371995,0.26198632589371995,0.1631828105469654,133.4859663511558
6.09,2.0,0.2616239834616358,0.2616239834616358,0.16308269740815495,133.3931451996677
6.1,2.0,0.2612623897997829,0.2612623897997829,0.16298279033016552,133.30040848599742
6.11,2.0,0.26090152309245856,0.26090152309245856,0.16288310223773764,133.20779253386905
6.12,2.0,0.26054139019160194,0.26054139019160194,0.1627836261656567,133.11532417698953
6.13,2.0,0.26018199830112565,0.26018199830112565,0.16268434986125074,133.0229294395221
6.14,2.0,0.2598233254347842,0.2598233254347842,0.16258529057736282,132.9306513665134
6.15,2.0,0.2594653784704432,0.2594653784704432,0.16248643117960698,132.83852143858635
6.16,2.0,0.25910816541707193,0.25910816541707193,0.16238778170607565,132.74647241599678
6.17,2.0,0.25875166322393894,0.25875166322393894,0.1622893379449569,132.6545432071171
6.18,2.0,0.2583958895667452,0.2583958895667452,0.162191099279002,132.56272782750278
6.19,2.0,0.2580408219876457,0.2580408219876457,0.16209307290830133,132.47104510124743
6.2,2.0,0.2576864673165029,0.2576864673165029,0.16199522911700548,132.3794405691106
6.21,2.0,0.2573328243800221,0.2573328243800221,0.16189761029205163,132.2879696626053
6.22,2.0,0.2569798894221761,0.2569798894221761,0.16180017968023666,132.1966024036475
6.23,2.0,0.25662766016505795,0.25662766016505795,0.16170294739340013,132.10536588329833
6.24,2.0,0.2562761349985925,0.2562761349985925,0.16160592791728623,132.0142227160467
6.25,2.0,0.2559253002090614,0.2559253002090614,0.16150909501468713,131.92318293760655
6.26,2.0,0.25557517423861914,0.25557517423861914,0.1614124678957798,131.8322624494614
6.27,2.0,0.25522573422005346,0.25522573422005346,0.16131603491193344,131.74145542275278
6.28,2.0,0.254876987836329,0.254876987836329,0.16121979832108316,131.6507490749954
6.29,2.0,0.25452893243743246,0.25452893243743246,0.1611237510942271,131.56015747493709
6.3,2.0,0.254181556160884,0.254181556160884,0.16102790900353214,131.4696767872103
6.31,2.0,0.25383486589161475,0.25383486589161475,0.16093225532350705,131.37930176469283
6.32,2.0,0.25348886981532787,0.25348886981532787,0.16083679620876287,131.28904215205662
6.33,2.0,0.253143534939992,0.253143534939992,0.1607415246863818,131.1988844878212
6.34,2.0,0.2527988894760159,0.2527988894760159,0.160646446088036,131.1088646233529
6.35,2.0,0.2524549107064215,0.2524549107064215,0.1605515601912279,131.01889821996247
6.36,2.0,0.252111606197359,0.252111606197359,0.16045685906509075,130.9290680158821
6.37,2.0,0.2517689739548995,0.2517689739548995,0.16036235689867726,130.8393501344149
6.38,2.0,0.2514270014420023,0.2514270014420023,0.16026803875956122,130.7497402166406
6.39,2.0,0.25108569601666775,0.25108569601666775,0.16017390380875954,130.66022559512973
6.4,2.0,0.2507450459687413,0.2507450459687413,0.16007996031936614,130.5708328625176
6.41,2.0,0.25040505830098037,0.25040505830098037,0.159986196689887,130.48153328617587
6.42,2.0,0.25006573114268604,0.25006573114268604,0.15989262013180844,130.39234935227748
6.43,2.0,0.24972705232305206,0.24972705232305206,0.15979923861313575,130.3032512027835
6.44,2.0,0.2493890289037692,0.2493890289037692,0.15970602325159022,130.21427308266018
6.45,2.0,0.24905165917493555,0.24905165917493555,0.15961299866773968,130.12539776605516
6.46,2.0,0.24871493091502392,0.24871493091502392,0.1595201570889169,130.0366354655499
6.47,2.0,0.24837884176682407,0.24837884176682407,0.15942750402211014,129.94798887548802
6.48,2.0,0.24804339864992633,0.24804339864992633,0.15933501447961715,129.8594294543276
6.49,2.0,0.24770860076182635,0.24770860076182635,0.15924272010974747,129.77096589192817
6.5,2.0,0.24737443462307473,0.24737443462307473,0.15915059394910464,129.68261145740433
6.51,2.0,0.24704089887212263,0.24704089887212263,0.15905865118045118,129.59437861912573
6.52,2.0,0.24670800091982928,0.24670800091982928,0.15896688872097806,129.50625037472474
6.53,2.0,0.24637573809965496,0.24637573809965496,0.15887529268035008,129.41818573939375
6.54,2.0,0.2460440991648417,0.2460440991648417,0.15878388137361632,129.3302606846593
6.55,2.0,0.24571308147175386,0.24571308147175386,0.15869264983940945,129.24243955348763
6.56,2.0,0.24538269263081378,0.24538269263081378,0.15860158650424894,129.154701062145
6.57,2.0,0.24505292037326712,0.24505292037326712,0.15851068842744487,129.06706911081773
6.58,2.0,0.24472377328111428,0.24472377328111428,0.15841997573322464,128.97956067856762
6.59,2.0,0.2443952385043711,0.2443952385043711,0.15832943263257623,128.89212117237938
6.6,2.0,0.24406731414848085,0.24406731414848085,0.15823906130997792,128.80480215938286
6.61,2.0,0.24374000793360187,0.24374000793360187,0.15814885646676727,128.717568065827
6.62,2.0,0.24341330813141135,0.24341330813141135,0.15805882940000354,128.63046846106914
6.63,2.0,0.24308721222278412,0.24308721222278412,0.15796897223321646,128.54343229111927
6.64,2.0,0.24276172829434176,0.24276172829434176,0.15787928093160036,128.45653209867137
6.65,2.0,0.24243684397577847,0.24243684397577847,0.15778976036062983,128.36970253815687
6.66,2.0,0.24211256755605653,0.24211256755605653,0.1577004076055769,128.28299595567748
6.67,2.0,0.2417888763674353,0.2417888763674353,0.15761121478788162,128.1963603476743
6.68,2.0,0.2414657892342623,0.2414657892342623,0.15752219761158634,128.10986827624467
6.69,2.0,0.2411432928554484,0.2411432928554484,0.15743333316958125,128.02342857570974
6.7,2.0,0.2408213963329229,0.2408213963329229,0.15734464102282827,127.93712385297283
6.71,2.0,0.24050008711930437,0.24050008711930437,0.15725611515672,127.85089477190462
6.72,2.0,0.2401793631621356,0.2401793631621356,0.15716775049019782,127.76478721658907
6.73,2.0,0.23985922248582212,0.23985922248582212,0.1570795480711169,127.67875287203182
6.74,2.0,0.23953966307667335,0.23953966307667335,0.1569915117222147,127.59282012139674
6.75,2.0,0.2392206926779016,0.2392206926779016,0.1569036293202668,127.50700336086584
6.76,2.0,0.23890230011635116,0.23890230011635116,0.15681592471377662,127.42126783274165
6.77,2.0,0.23858448228955112,0.23858448228955112,0.15672836574665125,127.33563179260689
6.78,2.0,0.23826723774460415,0.23826723774460415,0.15664097132033458,127.25010971379393
6.79,2.0,0.23795056435592254,0.23795056435592254,0.1565537327152569,127.16466967605035
6.8,2.0,0.23763446030700144,0.23763446030700144,0.1564666539090854,127.0793464313984
6.81,2.0,0.23731893359140024,0.23731893359140024,0.15637973670284364,126.9940942409712
6.82,2.0,0.2370039720318446,0.2370039720318446,0.1562929707714726,126.90893920184014
6.83,2.0,0.23668957433329688,0.23668957433329688,0.15620637434213233,126.82389328022997
6.84,2.0,0.23637573739672837,0.23637573739672837,0.15611991773560394,126.73895066253557
6.85,2.0,0.2360624603839931,0.2360624603839931,0.15603362780860927,126.65408695478924
6.86,2.0,0.23574974069826143,0.23574974069826143,0.1559474848345679,126.56931174971213
6.87,2.0,0.23543757667391882,0.23543757667391882,0.15586149947366543,126.4846399776871
6.88,2.0,0.23512596626723686,0.23512596626723686,0.15577566342491952,126.4000825197802
6.89,2.0,0.23481491789396366,0.23481491789396366,0.1556899847667971,126.31560331615636
6.9,2.0,0.23450440938448303,0.23450440938448303,0.15560446007499304,126.23121999419823
6.91,2.0,0.23419444881113785,0.23419444881113785,0.15551908322149738,126.14691993984536
6.92,2.0,0.23388583431319174,0.23388583431319174,0.15545647634777754,126.20436943387787
6.93,2.0,0.23357831789998204,0.23357831789998204,0.15540988178305268,126.12246415573816
6.94,2.0,0.2332713236209376,0.2332713236209376,0.15536314232469758,126.0407805894593
6.95,2.0,0.23296487052995518,0.23296487052995518,0.15531628249018034,125.95927292145053
6.96,2.0,0.2326589358921816,0.2326589358921816,0.1552692812943977,125.87795534087024
6.97,2.0,0.23235353830116792,0.23235353830116792,0.15522214577931823,125.79682203107586
6.98,2.0,0.23204865563672092,0.23204865563672092,0.155174868292785,125.71587542354261
6.99,2.0,0.23174429657253395,0.23174429657253395,0.15512746593854565,125.63512184357293
7.0,2.0,0.23145572822393082,0.23145572822393082,0.15507939028360906,125.55454991397131
7.01,2.0,0.23119936919334075,0.23119936919334075,0.15503008259729528,125.47415702594598
7.02,2.0,0.23094376848045509,0.23094376848045509,0.15498063647412727,125.39397160984102
7.03,2.0,0.23068891400192545,0.23068891400192545,0.1549310437375533,125.31394546148073
7.04,2.0,0.23043481439020605,0.23043481439020605,0.1548813192037756,125.23410466535344
7.05,2.0,0.23018145781137578,0.23018145781137578,0.1548314576485203,125.15444785379083
7.06,2.0,0.22992884227637944,0.22992884227637944,0.15478145244820632,125.07496199623797
7.07,2.0,0.22967696640064686,0.22967696640064686,0.15473131780228042,124.99566789983713
7.08,2.0,0.22942581829386471,0.22942581829386471,0.15468104628641144,124.91653760076784
7.09,2.0,0.22917540620249852,0.22917540620249852,0.15463064057966733,124.83758730494901
7.1,2.0,0.22892572852815074,0.22892572852815074,0.15458010070619288,124.75880890347868
7.11,2.0,0.2286767634373646,0.2286767634373646,0.1545294245247331,124.68019339102126
7.12,2.0,0.2284285393461355,0.2284285393461355,0.15447861788027265,124.60176619201168
7.13,2.0,0.22818102464050977,0.22818102464050977,0.15442768135104884,124.52350126352562
7.14,2.0,0.2279342376232773,0.2279342376232773,0.15437661764242244,124.44540112066946
7.15,2.0,0.22768815613252394,0.22768815613252394,0.15432541073839698,124.36747372701574
7.16,2.0,0.22744278925099604,0.22744278925099604,0.15427408216013386,124.28970458648242
7.17,2.0,0.22720021087585734,0.22720021087585734,0.1542817853945937,124.22486041058816
7.18,2.0,0.22695940034862594,0.22695940034862594,0.15432019754962423,124.16686406726305
7.19,2.0,0.2267192892041786,0.2267192892041786,0.15435848621585857,124.1091364419337
7.2,2.0,0.22647989597124768,0.22647989597124768,0.1543966521259804,124.05165345540597
7.21,2.0,0.22624118860080986,0.22624118860080986,0.15443468550764222,123.99440407379129
7.22,2.0,0.22600317571659187,0.22600317571659187,0.1544725971271459,123.93739292236111
7.23,2.0,0.22576586547959293,0.22576586547959293,0.15451037716005475,123.88059298145346
7.24,2.0,0.22552924637923183,0.22552924637923183,0.15454803316982488,123.82404879760486
7.25,2.0,0.22529329692819822,0.22529329692819822,0.15458556661250566,123.76774534491314
7.26,2.0,0.22505804561950124,0.22505804561950124,0.1546229826563672,123.71166903509553
7.27,2.0,0.22482348064252589,0.22482348064252589,0.15466027261520962,123.65582890574174
7.28,2.0,0.22458959032350523,0.22458959032350523,0.15469743507615602,123.60019228989296
7.29,2.0,0.22435636317238433,0.22435636317238433,0.15473447719280706,123.54479619513005
7.3,2.0,0.22412382757335803,0.22412382757335803,0.15477139671084914,123.48963064283745
7.31,2.0,0.2238919522443669,0.2238919522443669,0.15480820041748794,123.43467754182326
7.32,2.0,0.2236607451517117,0.2236607451517117,0.1548448747967314,123.37995819102034
7.33,2.0,0.22343020518882287,0.22343020518882287,0.15488143667712892,123.32546168533334
7.34,2.0,0.2232003307161335,0.2232003307161335,0.15491788051008287,123.27119637022457
7.35,2.0,0.22297110998745664,0.22297110998745664,0.15495420150906997,123.21712758132215
7.36,2.0,0.22274255178848673,0.22274255178848673,0.1549904123145825,123.16330019507778
7.37,2.0,0.22251465388906705,0.22251465388906705,0.15502649336416102,123.1096830316605
7.38,2.0,0.22228740571291833,0.22228740571291833,0.155062469391706,123.05626315435423
7.39,2.0,0.2220608048381554,0.2220608048381554,0.15509831841023738,123.0030730253127
7.4,2.0,0.22183486070061365,0.22183486070061365,0.15513406072276476,122.95012266739344
7.41,2.0,0.22160955090372073,0.22160955090372073,0.1551696825255371,122.89733374299234
7.42,2.0,0.2213848845493874,0.2213848845493874,0.1552051942122849,122.84479541178796
7.43,2.0,0.22116085988125186,0.22116085988125186,0.15524058874216048,122.79243736884415
7.44,2.0,0.22093746550722998,0.22093746550722998,0.15527587320602443,122.74031272458923
7.45,2.0,0.22071472003202228,0.22071472003202228,0.15531104613188335,122.68838395991334
7.46,2.0,0.22049260150105932,0.22049260150105932,0.1553460986579978,122.63666965844318
7.47,2.0,0.220271108961729,0.220271108961729,0.15538104270738579,122.5851672730393
7.48,2.0,0.22005024100446155,0.22005024100446155,0.15541588361091752,122.53385292681051
7.49,2.0,0.2198300055598622,0.2198300055598622,0.1554506004591375,122.48275098199333
7.5,2.0,0.21961039157092685,0.21961039157092685,0.1554852088407507,122.43183138076958
7.51,2.0,0.21939139796137594,0.21939139796137594,0.1555197164846122,122.38114452028164
7.52,2.0,0.2191730225790644,0.2191730225790644,0.15555410673528683,122.3306252030217
7.53,2.0,0.21895526484012093,0.21895526484012093,0.1555884010996548,122.2803464360345
7.54,2.0,0.21873812217068614,0.21873812217068614,0.15562257048983708,122.23021745639332
7.55,2.0,0.21852158415373601,0.21852158415373601,0.1556566413953871,122.18032338808982
7.56,2.0,0.2183056485389505,0.2183056485389505,0.15569059363984186,122.13058377193258
7.57,2.0,0.21809032490386215,0.21809032490386215,0.15572445219222542,122.08107710046066
7.58,2.0,0.21787561130210586,0.21787561130210586,0.1557582020028544,122.03174623507047
7.59,2.0,0.2176614961707069,0.2176614961707069,0.15579184579617597,121.9826017052978
7.6,2.0,0.21744797844581054,0.21744797844581054,0.1558253837832393,121.93367121657693
7.61,2.0,0.21723505646048188,0.21723505646048188,0.15585881485012845,121.88493032925224
7.62,2.0,0.21702272902421715,0.21702272902421715,0.15589214490915335,121.83635343988675
7.63,2.0,0.2168110047703128,0.2168110047703128,0.15592537095667838,121.78796821124236
7.64,2.0,0.2165998521091716,0.2165998521091716,0.1559584919254829,121.73979516493368
7.65,2.0,0.21638929982396066,0.21638929982396066,0.1559915077493484,121.69177258278734
7.66,2.0,0.2161793364984661,0.2161793364984661,0.1560244209399997,121.64394733740917
7.67,2.0,0.21596995116486287,0.21596995116486287,0.15605724350530992,121.59633186942311
7.68,2.0,0.2157611417090759,0.2157611417090759,0.15608994766174986,121.54886192553727
7.69,2.0,0.21555291749674332,0.21555291749674332,0.15612256305268174,121.50159020746626
7.7,2.0,0.2153452569928903,0.2153452569928903,0.15615507921842187,121.45451622994939
7.71,2.0,0.2151381786639761,0.2151381786639761,0.15618748978762514,121.40760143010557
7.72,2.0,0.2149316711389204,0.2149316711389204,0.15621979756699883,121.36086190241808
7.73,2.0,0.21472574354779295,0.21472574354779295,0.15625201227526278,121.31432609091783
7.74,2.0,0.21452038415512292,0.21452038415512292,0.1562841259569327,121.26794400819611
7.75,2.0,0.21431558183606103,0.21431558183606103,0.15631614487123585,121.22176317881753
7.76,2.0,0.21411134505927384,0.21411134505927384,0.15634805935891574,121.17572730379123
7.77,2.0,0.21390767295079247,0.21390767295079247,0.15637988512556136,121.12987474909511
7.78,2.0,0.21370455377646708,0.21370455377646708,0.15641160746328747,121.08419269017999
7.79,2.0,0.2135019962506119,0.2135019962506119,0.15644322944396044,121.0386768193037
7.8,2.0,0.21329999947421627,0.21329999947421627,0.156474759464271,120.99335971019518
7.81,2.0,0.21309855207344122,0.21309855207344122,0.15650619880302263,120.94820073641708
7.82,2.0,0.21289764253880258,0.21289764253880258,0.15653753861521869,120.903207938991
7.83,2.0,0.21269729959938333,0.21269729959938333,0.15656878071638006,120.85837656533648
7.84,2.0,0.21249749217227765,0.21249749217227765,0.15659992924391955,120.81373365463027
7.85,2.0,0.21229823918686488,0.21229823918686488,0.15663099196142166,120.7692505514702
7.86,2.0,0.212099519023102,0.212099519023102,0.15666195981954112,120.72492210964148
7.87,2.0,0.21190135042002947,0.21190135042002947,0.15669282881938754,120.6807624049165
7.88,2.0,0.2117037223283707,0.2117037223283707,0.15672360844544822,120.6367676362133
7.89,2.0,0.21150662341386392,0.21150662341386392,0.1567542938968124,120.59295896492941
7.9,2.0,0.21131006250989567,0.21131006250989567,0.15678488994511613,120.54929125933577
7.91,2.0,0.21111401847502137,0.21111401847502137,0.1568153975618484,120.50578841443713
7.92,2.0,0.2109185197364045,0.2109185197364045,0.15684580853552363,120.46243591561456
7.93,2.0,0.21072355524181638,0.21072355524181638,0.15687612559837366,120.41925463133033
7.94,2.0,0.2105291038467525,0.2105291038467525,0.15690635806167091,120.3762426501566
7.95,2.0,0.2103351945904257,0.2103351945904257,0.15693650303149467,120.33338916646947
7.96,2.0,0.21014179556754417,0.21014179556754417,0.15696654826759124,120.29067004465617
7.97,2.0,0.2099489161669594,0.2099489161669594,0.1569965104652163,120.24812512286374
7.98,2.0,0.20975656532694975,0.20975656532694975,0.1570263932775052,120.20573344185793
7.99,2.0,0.20956472113628943,0.20956472113628943,0.15705617166600946,120.16348356058904
8.0,2.0,0.20937340287550515,0.20937340287550515,0.1570858670033707,120.12139715331327
8.01,2.0,0.20918258954065533,0.20918258954065533,0.1571154799637475,120.07946281510003
8.02,2.0,0.20899228987540006,0.20899228987540006,0.15714501097514597,120.03769714445212
8.03,2.0,0.20880250222134605,0.20880250222134605,0.15717444357045923,119.99606670645059
8.04,2.0,0.20861321584723916,0.20861321584723916,0.15720379397542403,119.95459107608058
8.05,2.0,0.2084244396553358,0.2084244396553358,0.15723306099754686,119.91326611717938
8.06,2.0,0.2082361721339068,0.2082361721339068,0.15726223770404557,119.87209528902162
8.07,2.0,0.2080484024481343,0.2080484024481343,0.157291331225638,119.83109378145808
8.08,2.0,0.2078611291768799,0.2078611291768799,0.1573203426101795,119.79021188871336
8.09,2.0,0.20767435147754604,0.20767435147754604,0.15734926381230582,119.74948930408478
8.1,2.0,0.20748807805199787,0.20748807805199787,0.15737810709394398,119.70888458019877
8.11,2.0,0.20730230757632312,0.20730230757632312,0.15740686169876392,119.66844603076197
8.12,2.0,0.2071170093057262,0.2071170093057262,0.15743553495262896,119.62815585349044
8.13,2.0,0.20693221192299857,0.20693221192299857,0.15746412576495145,119.58803149599646
8.14,2.0,0.206747914326732,0.206747914326732,0.15749263502816885,119.54803205875089
8.15,2.0,0.20656409523568053,0.20656409523568053,0.15752105940356365,119.5081514920892
8.16,2.0,0.20638076380530965,0.20638076380530965,0.15754940080109056,119.46843993063591
8.17,2.0,0.20619790885941022,0.20619790885941022,0.15757766369290763,119.42886808237955
8.18,2.0,0.20601553890456478,0.20601553890456478,0.15760584223542376,119.3894259748658
8.19,2.0,0.20583366368562866,0.20583366368562866,0.1576339438052305,119.35014124359222
8.2,2.0,0.20565225125173164,0.20565225125173164,0.15766196235860644,119.31099288829785
8.21,2.0,0.2054713209361148,0.2054713209361148,0.15768990376518124,119.27197867278932
8.22,2.0,0.20529087164258686,0.20529087164258686,0.15771776257399245,119.23310359428923
8.23,2.0,0.20511088199491403,0.20511088199491403,0.1577455372128796,119.19436232228425
8.24,2.0,0.2049313812448627,0.2049313812448627,0.15777323584794925,119.15575691380612
8.25,2.0,0.2047523382741153,0.2047523382741153,0.15780085906777347,119.11729584548351
8.26,2.0,0.2045737621185117,0.2045737621185117,0.15782840423615516,119.07896844175112
8.27,2.0,0.20439566123230568,0.20439566123230568,0.1578558682134855,119.04075510910336
8.28,2.0,0.2042180150799465,0.2042180150799465,0.157883256557718,119.00269411135015
8.29,2.0,0.20404084217535456,0.20404084217535456,0.15791056163676048,118.96477147885194
8.3,2.0,0.2038641318913431,0.2038641318913431,0.15793779644481512,118.92698183225791
8.31,2.0,0.2036878827124586,0.2036878827124586,0.15796494254097396,118.88931688412237
8.32,2.0,0.20351208404623755,0.20351208404623755,0.1579920243948128,118.85178430364417
8.33,2.0,0.20333674471419957,0.20333674471419957,0.1580190271104005,118.81438848649834
8.34,2.0,0.20316185340609982,0.20316185340609982,0.15804594899727906,118.77712219627622
8.35,2.0,0.20298743941815642,0.20298743941815642,0.15807279816270978,118.7399593863679
8.36,2.0,0.2028134517315616,0.2028134517315616,0.15809957776803038,118.70295401168693
8.37,2.0,0.20263992922340898,0.20263992922340898,0.1581262778827356,118.66608054306386
8.38,2.0,0.20246684076666516,0.20246684076666516,0.1581529025884864,118.62932532611855
8.39,2.0,0.20229421538520892,0.20229421538520892,0.15817945172572498,118.59269613557694
8.4,2.0,0.20212203212333918,0.20212203212333918,0.15820592822424023,118.55618682479685
8.41,2.0,0.20195028988307978,0.20195028988307978,0.15823232977609444,118.51980480541943
8.42,2.0,0.2017789978631547,0.2017789978631547,0.15825866193079793,118.48355727830713
8.43,2.0,0.20160813506277245,0.20160813506277245,0.1582849207824209,118.44744061417674
8.44,2.0,0.2014377202453015,0.2014377202453015,0.1583111038868726,118.4114473778771
8.45,2.0,0.20126773228741138,0.20126773228741138,0.15833721397825068,118.37554457810546
8.46,2.0,0.20109818066358176,0.20109818066358176,0.15836324852164743,118.33979026669115
8.47,2.0,0.20092907426480505,0.20092907426480505,0.15838921921496743,118.30416806653551
8.48,2.0,0.20076039183062716,0.20076039183062716,0.15841511417754991,118.26865459804888
8.49,2.0,0.2005921525807358,0.2005921525807358,0.15844093311972007,118.23324791443638
8.5,2.0,0.20042433586058045,0.20042433586058045,0.15846669161551707,118.19798078179008
8.51,2.0,0.20025694024077906,0.20025694024077906,0.15849237674194003,118.16284321847539
8.52,2.0,0.2000899744707365,0.2000899744707365,0.1585179800613738,118.12780707079959
8.53,2.0,0.19992344828451003,0.19992344828451003,0.15854352122405713,118.0928866164843
8.54,2.0,0.19975733067026136,0.19975733067026136,0.1585689954422103,118.05809727562752
8.55,2.0,0.19959165027364173,0.19959165027364173,0.1585943950224642,118.02342832603115
8.56,2.0,0.19942637610440642,0.19942637610440642,0.15861972568631647,117.98884454196923
8.57,2.0,0.1992615275224958,0.1992615275224958,0.1586449853186633,117.95440194876676
8.58,2.0,0.19909709367655362,0.19909709367655362,0.15867017735041944,117.92006548294812
8.59,2.0,0.1989330836349325,0.1989330836349325,0.15869531176937013,117.88586468493347
8.6,2.0,0.19876947575998802,0.19876947575998802,0.15872035974219462,117.85176574165493
8.61,2.0,0.19860629989683054,0.19860629989683054,0.15874535219355335,117.81778841610372
8.62,2.0,0.19844351472274357,0.19844351472274357,0.15877027019278786,117.78390816426571
8.63,2.0,0.19828116972113247,0.19828116972113247,0.15879512804284393,117.75016212317415
8.64,2.0,0.19811920349174433,0.19811920349174433,0.1588199154090227,117.71652325169049
8.65,2.0,0.19795765556440392,0.19795765556440392,0.15884463830965156,117.68298815458856
8.66,2.0,0.19779652443569004,0.19779652443569004,0.15886928998758135,117.64956699584675
8.67,2.0,0.19763578970909854,0.19763578970909854,0.15889387658500104,117.61627249028436
8.68,2.0,0.1974754602891599,0.1974754602891599,0.1589183973501476,117.58306487693726
8.69,2.0,0.19731552520303053,0.19731552520303053,0.15894285105326228,117.54998246401973
8.7,2.0,0.19715600357947982,0.19715600357947982,0.15896723770038057,117.51698547968286
8.71,2.0,0.1969968747299961,0.1969968747299961,0.15899155965856906,117.48412454793235
8.72,2.0,0.1968381476225057,0.1968381476225057,0.15901582239643447,117.45135771383318
8.73,2.0,0.19667982131885656,0.19667982131885656,0.1590400150275702,117.41871395029729
8.74,2.0,0.1965218849836943,0.1965218849836943,0.15906414462339594,117.38617507712766
8.75,2.0,0.1963643375289024,0.1963643375289024,0.15908820552709543,117.35371946419494
8.76,2.0,0.19620718854753963,0.19620718854753963,0.15911221096567835,117.32140259263903
8.77,2.0,0.1960504267065556,0.1960504267065556,0.15913614859520298,117.2891673218501
8.78,2.0,0.1958940511279034,0.1958940511279034,0.15916001369042945,117.2570472033278
8.79,2.0,0.19573808172234594,0.19573808172234594,0.1591838373470077,117.22502665948821
8.8,2.0,0.19558248632542177,0.19558248632542177,0.1592075746018502,117.19312396607307
8.81,2.0,0.1954272753927585,0.1954272753927585,0.15923126768334797,117.16132884667084
8.82,2.0,0.19527244701333893,0.19527244701333893,0.15925488668781812,117.1296149272123
8.83,2.0,0.1951180208304377,0.1951180208304377,0.15927844507637204,117.0980042974287
8.84,2.0,0.19496395614384612,0.19496395614384612,0.15930194480006407,117.0665203232065
8.85,2.0,0.1948102814228991,0.1948102814228991,0.15932537444568098,117.03512392005467
8.86,2.0,0.19465698670116502,0.19465698670116502,0.1593487505027588,117.00383544057314
8.87,2.0,0.19450406090241054,0.19450406090241054,0.1593720717451503,116.97265710116132
8.88,2.0,0.19435152267493966,0.19435152267493966,0.15939532266887688,116.94155689663538
8.89,2.0,0.19419935135539693,0.19419935135539693,0.15941850948476302,116.91054860442624
8.9,2.0,0.19404756655479796,0.19404756655479796,0.15944164407175176,116.8796760482029
8.91,2.0,0.19389613680473639,0.19389613680473639,0.15946470527724263,116.8488884694093
8.92,2.0,0.19374509208395288,0.19374509208395288,0.15948771947089727,116.8181963101077
8.93,2.0,0.1935944208710982,0.1935944208710982,0.15951067202838723,116.78761318221059
8.94,2.0,0.1934441124579871,0.1934441124579871,0.15953355762681132,116.75710751960486
8.95,2.0,0.19329416653007434,0.19329416653007434,0.15955639550432602,116.72671052008387
8.96,2.0,0.1931445814650559,0.1931445814650559,0.15957915812511614,116.69640712361621
8.97,2.0,0.19299537707593845,0.19299537707593845,0.15960187171573992,116.66619783565393
8.98,2.0,0.1928465425577581,0.1928465425577581,0.15962452790469941,116.63610733749576
8.99,2.0,0.19269805661951675,0.19269805661951675,0.15964712317971827,116.60608639105286
9.0,2.0,0.19254992873740434,0.19254992873740434,0.15966965603573008,116.57618714701792
9.01,2.0,0.1924021784190925,0.1924021784190925,0.15969213897202159,116.54635323478207
9.02,2.0,0.19225477438092728,0.19225477438092728,0.15971455978392465,116.51663077159242
9.03,2.0,0.19210773625226987,0.19210773625226987,0.15973692518067784,116.48700957811351
9.04,2.0,0.19196105254716964,0.19196105254716964,0.1597592250000841,116.4574561886773
9.05,2.0,0.19181471323840907,0.19181471323840907,0.15978147717284,116.42802705449418
9.06,2.0,0.19166874714949578,0.19166874714949578,0.15980366457652664,116.39866459736719
9.07,2.0,0.1915231237544764,0.1915231237544764,0.15982580078362033,116.36940559547135
9.08,2.0,0.19137785197294477,0.19137785197294477,0.1598478767931445,116.34024322041056
9.09,2.0,0.19123294135307217,0.19123294135307217,0.15986990151858424,116.3111658412268
9.1,2.0,0.1910883709874159,0.1910883709874159,0.1598918723138665,116.28219776500208
9.11,2.0,0.19094414994004572,0.19094414994004572,0.15991377961555017,116.25330121861872
9.12,2.0,0.19080027723864526,0.19080027723864526,0.15993562660055333,116.22448542608777
9.13,2.0,0.19065674293814813,0.19065674293814813,0.15995742852622205,116.19578718665285
9.14,2.0,0.19051356549630313,0.19051356549630313,0.15997916657837036,116.16715802506909
9.15,2.0,0.19037073478402958,0.19037073478402958,0.16000085945626435,116.13862424711877
9.16,2.0,0.1902282396596112,0.1902282396596112,0.16002249677809147,116.11019487662982
9.17,2.0,0.1900860792973214,0.1900860792973214,0.16004407660387504,116.08184148473615
9.18,2.0,0.1899442730975767,0.1899442730975767,0.1600655979636071,116.05356587656436
9.19,2.0,0.1898028001827015,0.1898028001827015,0.16008706707559406,116.02539901088728
9.2,2.0,0.18966166001595194,0.18966166001595194,0.16010848128809835,115.99730308490335
9.21,2.0,0.18952087190159272,0.18952087190159272,0.16012984538456945,115.9692963561516
9.22,2.0,0.18938040476628762,0.18938040476628762,0.16015115149975648,115.94138959706578
9.23,2.0,0.18924027809307808,0.18924027809307808,0.16017240499995736,115.91355236719969
9.24,2.0,0.18910049137703488,0.18910049137703488,0.1601936125641725,115.88580570606574
9.25,2.0,0.18896103328383423,0.18896103328383423,0.16021475756508657,115.85815579030339
9.26,2.0,0.1888218937999197,0.1888218937999197,0.160235856818082,115.83058431652547
9.27,2.0,0.18868310127251348,0.18868310127251348,0.1602568909304098,115.80308023319702
9.28,2.0,0.1885446361688544,0.1885446361688544,0.16027788656167288,115.77568951777617
9.29,2.0,0.18840648693161222,0.18840648693161222,0.16029882468272072,115.74836305952853
9.3,2.0,0.18826868285831752,0.18826868285831752,0.16031970427045952,115.72112225275782
9.31,2.0,0.18813119386171917,0.18813119386171917,0.16034054498599887,115.69396641830106
9.32,2.0,0.18799402855131814,0.18799402855131814,0.16036132275320986,115.66688719493999
9.33,2.0,0.187857206647916,0.187857206647916,0.16038205745864964,115.63991607612522
9.34,2.0,0.18772067707610518,0.18772067707610518,0.16040273280524686,115.61300024244582
9.35,2.0,0.18758448941275682,0.18758448941275682,0.16042336279612304,115.58617040909787
9.36,2.0,0.18744862294971876,0.18744862294971876,0.1604439399630282,115.55944595526306
9.37,2.0,0.18731306706289844,0.18731306706289844,0.16046447131271374,115.53278943225503
9.38,2.0,0.1871778304917177,0.1871778304917177,0.1604849402758326,115.50619404657722
9.39,2.0,0.1870429234106238,0.1870429234106238,0.1605053713024636,115.47969098116864
9.4,2.0,0.18690832442738253,0.18690832442738253,0.16052574130484512,115.45326966789462
9.41,2.0,0.18677404322658342,0.18677404322658342,0.1605460689070697,115.4269440554001
9.42,2.0,0.18664006883958348,0.18664006883958348,0.16056633831697503,115.40068119941742
9.43,2.0,0.18650642092975797,0.18650642092975797,0.16058656684362935,115.37449432628314
9.44,2.0,0.18637307866344918,0.18637307866344918,0.16060674297296018,115.34838452820188
9.45,2.0,0.1862400516515851,0.1862400516515851,0.1606268787275538,115.32237021432027
9.46,2.0,0.1861073384096191,0.1861073384096191,0.16064695105779933,115.29643748773124
9.47,2.0,0.18597491890427972,0.18597491890427972,0.16066697534011612,115.27055883318525
9.48,2.0,0.18584282250238834,0.18584282250238834,0.16068695941441224,115.24477033895401
9.49,2.0,0.18571102819417645,0.18571102819417645,0.16070689054132248,115.21905210923588
9.5,2.0,0.1855795355853057,0.1855795355853057,0.16072677251993567,115.1934203705526
9.51,2.0,0.18544835400978202,0.18544835400978202,0.1607466089578967,115.1678523185217
9.52,2.0,0.18531748258883385,0.18531748258883385,0.16076639372262555,115.14238245622924
9.53,2.0,0.18518691066608947,0.18518691066608947,0.16078613156065727,115.11696934129945
9.54,2.0,0.18505663798452165,0.18505663798452165,0.16080582183256212,115.09163604109754
9.55,2.0,0.1849266636035649,0.1849266636035649,0.16082546859576974,115.06637500133984
9.56,2.0,0.18479700662557358,0.18479700662557358,0.16084505979155986,115.0411933625068
9.57,2.0,0.18466762709023493,0.18466762709023493,0.16086461331275229,115.016104052845
9.58,2.0,0.18453855346334927,0.18453855346334927,0.16088411031987412,114.9910611668431
9.59,2.0,0.1844097860202829,0.1844097860202829,0.16090356920615212,114.96610396405977
9.6,2.0,0.18428132353406657,0.18428132353406657,0.16092297733404756,114.9412233920944
9.61,2.0,0.18415313541711092,0.18415313541711092,0.16094233785712295,114.91640491192311
9.62,2.0,0.18402525116471263,0.18402525116471263,0.16096165308988558,114.89166956123265
9.63,2.0,0.18389766017346829,0.18389766017346829,0.16098092454912252,114.86699921794026
9.64,2.0,0.18377037157494172,0.18377037157494172,0.16100014504698695,114.84240260786191
9.65,2.0,0.18364336520314098,0.18364336520314098,0.16101932506035282,114.8178820304338
9.66,2.0,0.18351664976464682,0.18351664976464682,0.16103845301618838,114.7934475312787
9.67,2.0,0.1833902251486795,0.1833902251486795,0.16105753584461857,114.76906503181488
9.68,2.0,0.18326410082809197,0.18326410082809197,0.1610765798189211,114.74476255570144
9.69,2.0,0.18313824568969583,0.18313824568969583,0.1610955764288551,114.72051979047518
9.7,2.0,0.18301268940661894,0.18301268940661894,0.16111452469550525,114.69635753753064
9.71,2.0,0.18288742150053686,0.18288742150053686,0.16113342921090817,114.6722653506891
9.72,2.0,0.18276243101367592,0.18276243101367592,0.1611522885688565,114.64823682786215
9.73,2.0,0.18263773773337877,0.18263773773337877,0.16117110932882162,114.62428784649563
9.74,2.0,0.18251332033125134,0.18251332033125134,0.16118986816357075,114.60039128071784
9.75,2.0,0.18238917928002388,0.18238917928002388,0.16120860386478905,114.57658067844817
9.76,2.0,0.18226533307641435,0.18226533307641435,0.16122728199915146,114.55283271373251
9.77,2.0,0.18214176178347158,0.18214176178347158,0.16124592665685633,114.5291626853291
9.78,2.0,0.18201847407326777,0.18201847407326777,0.1612645165783482,114.50556628062836
9.79,2.0,0.18189546993455843,0.18189546993455843,0.16128306867053496,114.48200916720224
9.8,2.0,0.18177273842577057,0.18177273842577057,0.16130157365945005,114.45854780260314
9.81,2.0,0.1816502791612814,0.1816502791612814,0.16132003760522087,114.4351337361221
9.82,2.0,0.18152810159582727,0.18152810159582727,0.16133845759213364,114.41178706350043
9.83,2.0,0.18140686595230573,0.18140686595230573,0.16137576455250727,114.20423365655884
9.84,2.0,0.18128475301845068,0.18128475301845068,0.16138015923788523,114.1814136900629
9.85,2.0,0.18116290272331181,0.18116290272331181,0.1613843094134709,114.15864887774816
9.86,2.0,0.1810413249892142,0.1810413249892142,0.1613882215271798,114.13593798339681
9.87,2.0,0.18092000877744488,0.18092000877744488,0.16139188689330358,114.11329361255709
9.88,2.0,0.18079895392433257,0.18079895392433257,0.16139531749708444,114.09070554440086
9.89,2.0,0.1806781696633315,0.1806781696633315,0.16139850747463144,114.06817300723806
9.9,2.0,0.18055765583359704,0.18055765583359704,0.16140146501500138,114.04571578627315
9.91,2.0,0.18043739132313233,0.18043739132313233,0.16140418333362994,114.02329689167613
9.92,2.0,0.1803173960835668,0.1803173960835668,0.16140666892448757,114.00094887773147
9.93,2.0,0.1801976594548536,0.1801976594548536,0.1614089272709901,113.9786621847081
9.94,2.0,0.18007818097885175,0.18007818097885175,0.16141095409256775,113.95642175219386
9.95,2.0,0.17995896993375282,0.17995896993375282,0.1614127481894547,113.93424395660712
9.96,2.0,0.17984000593947716,0.17984000593947716,0.16141431592044522,113.91212125842775
9.97,2.0,0.179721298366457,0.179721298366457,0.16141565486921944,113.89004974244247
9.98,2.0,0.17960286683081741,0.17960286683081741,0.16141676907308372,113.86804030057208
9.99,2.0,0.17948467054013834,0.17948467054013834,0.1614176539564285,113.84607916264488
10.0,2.0,0.1793667395619229,0.1793667395619229,0.16141832216133423,113.82416012582246
10.01,2.0,0.1793436622104864,0.1793436622104864,0.16141546681144991,113.80232481128049
10.02,2.0,0.17931523844005248,0.17931523844005248,0.1614125819372317,113.78053136550571
10.03,2.0,0.17928688275662572,0.17928688275662572,0.16140948238117733,113.75878202010988
10.04,2.0,0.17925858579838713,0.17925858579838713,0.1614061800433347,113.73710799366296
10.05,2.0,0.17923036684089663,0.17923036684089663,0.16140265721917588,113.71546847957515
10.06,2.0,0.17920221636343242,0.17920221636343242,0.16139892857952134,113.69388406011339
10.07,2.0,0.17917412423636842,0.17917412423636842,0.1613949913577345,113.6723599676258
10.08,2.0,0.17914610053933205,0.17914610053933205,0.1613908477292142,113.6508835525562
10.09,2.0,0.17911814535990672,0.17911814535990672,0.16138649700615743,113.62945088510658
10.1,2.0,0.1790902486357582,0.1790902486357582,0.16138194558106778,113.60807828718575
10.11,2.0,0.17906243033745892,0.17906243033745892,0.16137718835717219,113.58674878066752
10.12,2.0,0.1790345102320504,0.1790345102320504,0.16137222491723585,113.5654672700228
10.13,2.0,0.17900480802603883,0.17900480802603883,0.1613671389041333,113.54425161991945
10.14,2.0,0.17897518435239984,0.17897518435239984,0.16136185139779494,113.52308130965588
10.15,2.0,0.17894560938007809,0.17894560938007809,0.16135636921933688,113.50194388005612
10.16,2.0,0.17891612270438687,0.17891612270438687,0.16135067909351414,113.48085550058552
10.17,2.0,0.17888670483803618,0.17888670483803618,0.16134479715922523,113.45982844031752
10.18,2.0,0.17885735567724378,0.17885735567724378,0.1613387208519114,113.43884697139515
10.19,2.0,0.1788280749783521,0.1788280749783521,0.1613324436003757,113.41791420318428
10.2,2.0,0.1787988734461698,0.1787988734461698,0.1613259819324491,113.3970366234421
10.21,2.0,0.17876973029272397,0.17876973029272397,0.1613193218149183,113.37619641841499
10.22,2.0,0.17874066611808062,0.17874066611808062,0.16131247272037233,113.3554076992921
10.23,2.0,0.17871166090267798,0.17871166090267798,0.16130543907458608,113.33465099482957
10.24,2.0,0.17868272392627244,0.17868272392627244,0.1612982036366322,113.31395008350113
10.25,2.0,0.1786538563926464,0.1786538563926464,0.16129079425398665,113.29330349527488
10.26,2.0,0.17862505730960607,0.17862505730960607,0.16128318642692796,113.27269312781483
10.27,2.0,0.17859633735720848,0.17859633735720848,0.161275399502435,113.25212674188603
10.28,2.0,0.17856767629632161,0.17856767629632161,0.16126742459511878,113.23160944430428
10.29,2.0,0.17853908415914777,0.17853908415914777,0.16125926946617544,113.21114292296812
10.3,2.0,0.17851056096815815,0.17851056096815815,0.16125093166470253,113.1907156547135
10.31,2.0,0.17848209688855132,0.17848209688855132,0.1612424133766012,113.17031661502358
10.32,2.0,0.17845371184740583,0.17845371184740583,0.1612337153305016,113.14997319940683
10.33,2.0,0.17842539547794992,0.17842539547794992,0.16122483138408814,113.12968325242419
10.34,2.0,0.17839712831279106,0.17839712831279106,0.16121577132509585,113.10941662540884
10.35,2.0,0.1783689404794188,0.1783689404794188,0.16120654107326868,113.08921994475772
10.36,2.0,0.17834081166167257,0.17834081166167257,0.16119713300923977,113.06905011802098
10.37,2.0,0.17831275160136326,0.17831275160136326,0.16118753960029006,113.04890671446731
10.38,2.0,0.17828476100307625,0.17828476100307625,0.1611777814068852,113.02882232328221
10.39,2.0,0.17825682952298452,0.17825682952298452,0.1611678460831296,113.00878781533697
10.4,2.0,0.17822896734549015,0.17822896734549015,0.16115774558746995,112.98878708023824
10.41,2.0,0.1782011740817554,0.1782011740817554,0.1611474657521477,112.96882465920693
10.42,2.0,0.1781734405370074,0.1781734405370074,0.1611370271517439,112.94889824341406
10.43,2.0,0.1781457656989626,0.1781457656989626,0.1611264045769893,112.92901259815358
10.44,2.0,0.17811816006841233,0.17811816006841233,0.16111561559546306,112.90918131361987
10.45,2.0,0.17809062417042165,0.17809062417042165,0.16110466886458108,112.88938111378204
10.46,2.0,0.178063147225772,0.178063147225772,0.1610935463495144,112.86961995043386
10.47,2.0,0.17803572985701538,0.17803572985701538,0.16108226625174774,112.84988874977647
10.48,2.0,0.17800839157436663,0.17800839157436663,0.16107081387003552,112.83020873180676
10.49,2.0,0.17798110318264704,0.17798110318264704,0.16105921085334293,112.81057853361351
10.5,2.0,0.1779538838214329,0.1779538838214329,0.16104743857447482,112.79098780284347
10.51,2.0,0.17792671367435767,0.17792671367435767,0.16103550036111725,112.77140548263876
10.52,2.0,0.17789962315497906,0.17789962315497906,0.1610234035295007,112.75187745797491
10.53,2.0,0.17787258199520337,0.17787258199520337,0.16101114899287863,112.73239689965952
10.54,2.0,0.177845620530605,0.177845620530605,0.16099873851608484,112.71295327909756
10.55,2.0,0.17781869833294228,0.17781869833294228,0.16098616561943482,112.69352873277815
10.56,2.0,0.17779185577194379,0.17779185577194379,0.16097343915799414,112.6741652823581
10.57,2.0,0.17776506244126003,0.17776506244126003,0.16096054943013624,112.65482295823749
10.58,2.0,0.17773834891164178,0.17773834891164178,0.1609475115694132,112.63552543466874
10.59,2.0,0.1777116748511908,0.1777116748511908,0.1609343185284149,112.61625646356127
10.6,2.0,0.17768508033724772,0.17768508033724772,0.1609209707848035,112.59703231971302
10.61,2.0,0.1776585355177278,0.1776585355177278,0.16090747450488127,112.57784650547232
10.62,2.0,0.17763206017517946,0.17763206017517946,0.16089381951124956,112.55869788975306
10.63,2.0,0.1776056344873716,0.1776056344873716,0.1608800188241439,112.53956589294873
10.64,2.0,0.17757926856752296,0.17757926856752296,0.16086606900374312,112.52048563904822
10.65,2.0,0.17755297224575792,0.17755297224575792,0.1608519682751405,112.50144585174397
10.66,2.0,0.17752673533445734,0.17752673533445734,0.16083771537734148,112.48243265137549
10.67,2.0,0.17750054832099876,0.17750054832099876,0.160823318667182,112.46343925773083
10.68,2.0,0.17747442102914848,0.17747442102914848,0.1608087761657647,112.44450452929406
10.69,2.0,0.17744837363126004,0.17744837363126004,0.1607940921102717,112.42560586719509
10.7,2.0,0.17742236585454849,0.17742236585454849,0.16077926113429725,112.40672832232877
10.71,2.0,0.17739642788125057,0.17739642788125057,0.16076428723173541,112.38788594879766
10.72,2.0,0.17737053952197668,0.17737053952197668,0.16074916317567847,112.36907947094397
10.73,2.0,0.17734471109076108,0.17734471109076108,0.16073390418352865,112.35032333300434
10.74,2.0,0.17731894239510732,0.17731894239510732,0.16071850188286468,112.33156648722277
10.75,2.0,0.1772932235725378,0.1772932235725378,0.16070295789878808,112.31285840804397
10.76,2.0,0.17726757475242624,0.17726757475242624,0.1606872784232046,112.29420578116456
10.77,2.0,0.17724198560795112,0.17724198560795112,0.16067145813132802,112.27554966343715
10.78,2.0,0.17721645636277414,0.17721645636277414,0.16065549742506524,112.25694616258262
10.79,2.0,0.17719096695243533,0.17719096695243533,0.1606393990208649,112.23837588322299
10.8,2.0,0.17716554767560555,0.17716554767560555,0.1606231702377996,112.21982920724463
10.81,2.0,0.17714018802143572,0.17714018802143572,0.16060679730818042,112.20132130208705
10.82,2.0,0.17711486849171038,0.17711486849171038,0.1605902959863144,112.18286023043957
10.83,2.0,0.17708961897118194,0.17708961897118194,0.16057366173472326,112.16440284338499
10.84,2.0,0.17706443916264433,0.17706443916264433,0.16055688324961692,112.14598813903324
10.85,2.0,0.17703929960656095,0.17703929960656095,0.16053998417430956,112.12761730829905
10.86,2.0,0.1770142098592032,0.1770142098592032,0.16052294847692775,112.10925697882348
10.87,2.0,0.17698918051110124,0.17698918051110124,0.16050578976545538,112.09093965205057
10.88,2.0,0.17696421064329965,0.17696421064329965,0.16048848517640688,112.07264706790049
10.89,2.0,0.1769393010694599,0.1769393010694599,0.16047106143802026,112.05438494382611
10.9,2.0,0.17691444157429048,0.17691444157429048,0.16045350703447517,112.03616395754027
10.91,2.0,0.1768896421642027,0.1768896421642027,0.16043582505743842,112.01795763872357
10.92,2.0,0.17686489272915928,0.17686489272915928,0.1604180132060494,111.99978954479593
10.93,2.0,0.17684019361615191,0.17684019361615191,0.16040008174254447,111.98167252710559
10.94,2.0,0.17681555456849657,0.17681555456849657,0.16038202311670371,111.96356579146729
10.95,2.0,0.176790975247872,0.176790975247872,0.16036382796385307,111.94547119675109
10.96,2.0,0.17676644672337158,0.17676644672337158,0.1603455246866406,111.92743766964409
10.97,2.0,0.17674196798779326,0.17674196798779326,0.1603270908873119,111.90942107039757
10.98,2.0,0.1767175492913695,0.1767175492913695,0.16030853046399796,111.89142439207122
10.99,2.0,0.1766931810986383,0.1766931810986383,0.16028985452062483,111.8734736139551
11.0,2.0,0.17666886281518657,0.17666886281518657,0.1602710524441281,111.85553517606388
11.01,2.0,0.17664461503231282,0.17664461503231282,0.1602521343580334,111.83763850070657
11.02,2.0,0.1766204073300549,0.1766204073300549,0.16023309316716042,111.8197575016917
11.03,2.0,0.1765962396202648,0.1765962396202648,0.16021392666314277,111.80190326215359
11.04,2.0,0.17657215264894302,0.17657215264894302,0.16019465442716177,111.78410419810022
11.05,2.0,0.17654810589687564,0.17654810589687564,0.16017526400132953,111.766311191222
11.06,2.0,0.17652410926876239,0.17652410926876239,0.16015575244523214,111.74855486153677
11.07,2.0,0.17650016253122064,0.17650016253122064,0.1601361133878806,111.73081013797595
11.08,2.0,0.17647627646428088,0.17647627646428088,0.16011636895341688,111.71311302628159
11.09,2.0,0.1764524406922039,0.1764524406922039,0.16009650921645768,111.69543929204379
11.1,2.0,0.17642865545119726,0.17642865545119726,0.1600765382687473,111.67778506903488
11.11,2.0,0.1764049202516083,0.1764049202516083,0.16005644836518435,111.6601712249103
11.12,2.0,0.17638124566188298,0.17638124566188298,0.16003624960982943,111.64256159196765
11.13,2.0,0.1763576113566633,0.1763576113566633,0.16001593998703506,111.62500868053922
11.14,2.0,0.1763340374298136,0.1763340374298136,0.15999551550591026,111.60747608345532
11.15,2.0,0.17631051174699122,0.17631051174699122,0.15997497622385848,111.58995236643362
11.16,2.0,0.17628703873559404,0.17628703873559404,0.1599543344739633,111.57247418991368
11.17,2.0,0.17626361082621717,0.17626361082621717,0.15993357462017868,111.5549989663355
11.18,2.0,0.1762402335317678,0.1762402335317678,0.15991271139024324,111.53757600778647
11.19,2.0,0.1762169196729653,0.1762169196729653,0.15989173927000672,111.5201510787893
11.2,2.0,0.17619364906772947,0.17619364906772947,0.15987065439343795,111.50277723997525
11.21,2.0,0.17617042013979026,0.17617042013979026,0.15984946929862084,111.48540765136562
11.22,2.0,0.17614725354138674,0.17614725354138674,0.15982817322493187,111.46808903571238
11.23,2.0,0.17612412865514335,0.17612412865514335,0.1598067756147447,111.45078687447204
11.24,2.0,0.17610105605799214,0.17610105605799214,0.15978526990305553,111.43349805648361
11.25,2.0,0.1760780351901377,0.1760780351901377,0.15976366322423857,111.41625491059166
11.26,2.0,0.17605506561415443,0.17605506561415443,0.15974194915590906,111.3990237483251
11.27,2.0,0.17603213858770286,0.17603213858770286,0.1597201300431739,111.38182685485991
11.28,2.0,0.17600927228353455,0.17600927228353455,0.15969821308488052,111.36462983913498
11.29,2.0,0.17598644725548787,0.17598644725548787,0.15967618679219814,111.34748529693505
11.3,2.0,0.17596367417198897,0.17596367417198897,0.1596540700736143,111.33035434913175
11.31,2.0,0.17594094034804056,0.17594094034804056,0.15963184423259255,111.31325115452566
11.32,2.0,0.1759182690885227,0.1759182690885227,0.15960951708396867,111.29616284076538
11.33,2.0,0.17589563876585132,0.17589563876585132,0.15958710073382268,111.27912946446084
11.34,2.0,0.17587305772314052,0.17587305772314052,0.1595645761875905,111.26209413590009
11.35,2.0,0.17585052825965936,0.17585052825965936,0.1595419521973056,111.2450782500877
11.36,2.0,0.17582803954980403,0.17582803954980403,0.15951923177380153,111.22810086669617
11.37,2.0,0.17580561130778224,0.17580561130778224,0.1594964116666397,111.21114104289563
11.38,2.0,0.17578322189967188,0.17578322189967188,0.15947350094536827,111.19421612255088
11.39,2.0,0.17576088428924397,0.17576088428924397,0.1594504953442847,111.17729686769688
11.4,2.0,0.17573858512638182,0.17573858512638182,0.15942738864177525,111.160391915606
11.41,2.0,0.17571634657743074,0.17571634657743074,0.15940418755088764,111.14353637958712
11.42,2.0,0.17569414796270544,0.17569414796270544,0.15938089697946076,111.12669364672935
11.43,2.0,0.17567198908540743,0.17567198908540743,0.15935751439757975,111.10989470892626
11.44,2.0,0.17564988860030464,0.17564988860030464,0.159334029202823,111.09308871316563
11.45,2.0,0.1756278278187581,0.1756278278187581,0.15931045158541737,111.07631641520321
11.46,2.0,0.17560582721217885,0.17560582721217885,0.1592867942743557,111.0595867338117
11.47,2.0,0.17558853374168928,0.17558853374168928,0.1593970184503919,111.08183813274248
11.48,2.0,0.17557211512109014,0.17557211512109014,0.1595304927230734,111.110862870035
11.49,2.0,0.175555734195667,0.175555734195667,0.15966387554333453,111.13986831395731
11.5,2.0,0.17553940316081038,0.17553940316081038,0.1597971693758367,111.16884293492713
11.51,2.0,0.17552311983349028,0.17552311983349028,0.15993037491484857,111.19782987404751
11.52,2.0,0.1755068861787692,0.1755068861787692,0.16006348578017007,111.2267636946932
11.53,2.0,0.17549069023206326,0.17549069023206326,0.16019650942451477,111.25570142395775
11.54,2.0,0.1754745424119777,0.1754745424119777,0.16032945205407068,111.28461394139332
11.55,2.0,0.17545844322699758,0.17545844322699758,0.16046230533006692,111.31351944400262
11.56,2.0,0.17544238190377384,0.17544238190377384,0.16059507107982268,111.34238327942788
11.57,2.0,0.17542636948265175,0.17542636948265175,0.16072775290780442,111.37125190856652
11.58,2.0,0.17541040366555158,0.17541040366555158,0.16086034265072696,111.40007317869348
11.59,2.0,0.17539448596303006,0.17539448596303006,0.16099285514370376,111.42889714444763
11.6,2.0,0.1753786058452262,0.1753786058452262,0.16112527600364598,111.45769449552576
11.61,2.0,0.17536277472177422,0.17536277472177422,0.16125761665004384,111.48647522974191
11.62,2.0,0.1753469894812885,0.1753469894812885,0.16138987431511734,111.51524439596332
11.63,2.0,0.17533124204102715,0.17533124204102715,0.16152204731247716,111.5439760195657
11.64,2.0,0.17531554158552876,0.17531554158552876,0.1616541380087987,111.57270994528518
11.65,2.0,0.1752998880694228,0.1752998880694228,0.16178615079049782,111.60141699629246
11.66,2.0,0.17528428209559463,0.17528428209559463,0.1619180717807915,111.63009844546383
11.67,2.0,0.17526871268445704,0.17526871268445704,0.1620499283947361,111.65877720057529
11.68,2.0,0.175253189951371,0.175253189951371,0.16218169768775761,111.6874330958197
11.69,2.0,0.1752377037161593,0.1752377037161593,0.162313377969435,111.71605245433373
11.7,2.0,0.17522227559999617,0.17522227559999617,0.1624449808092488,111.74465913223864
11.71,2.0,0.1752068827950144,0.1752068827950144,0.16257651586265331,111.77326288856739
11.72,2.0,0.17519152555602524,0.17519152555602524,0.1627079646669127,111.8018260082809
11.73,2.0,0.1751762262473013,0.1751762262473013,0.16283933140778473,111.83038377861845
11.74,2.0,0.17516096217811192,0.17516096217811192,0.16297062907886894,111.85891387938268
11.75,2.0,0.17514574397450305,0.17514574397450305,0.1631018466498066,111.88743256161433
11.76,2.0,0.17513056253425074,0.17513056253425074,0.16323298191867175,111.91593765483577
11.77,2.0,0.1751154254416688,0.1751154254416688,0.16336404885496136,111.9444117188584
11.78,2.0,0.1751003351618743,0.1751003351618743,0.16349503754011702,111.97288338874377
11.79,2.0,0.1750852898055759,0.1750852898055759,0.1636259488468876,112.00131450961688
11.8,2.0,0.1750702815602893,0.1750702815602893,0.16375678881498276,112.02974075507282
11.81,2.0,0.17505530732349855,0.17505530732349855,0.16388755228479002,112.05815057699628
11.82,2.0,0.17504038921100123,0.17504038921100123,0.1640182469360792,112.086535128105
11.83,2.0,0.17502550514876378,0.17502550514876378,0.16414886679200305,112.11491565611115
11.84,2.0,0.17501066577669747,0.17501066577669747,0.16427940646169584,112.1432503038222
11.85,2.0,0.17499586272078543,0.17499586272078543,0.16440987934937884,112.17157314991307
11.86,2.0,0.17498111480069545,0.17498111480069545,0.16454028216428043,112.19989217382978
11.87,2.0,0.1749663907383191,0.1749663907383191,0.1646706088124155,112.22818083654413
11.88,2.0,0.17495172309550552,0.17495172309550552,0.1648008739512632,112.25646899680133
11.89,2.0,0.17493708800306035,0.17493708800306035,0.16493105673557182,112.28472097923972
11.9,2.0,0.17492249831402007,0.17492249831402007,0.16506117601178394,112.31295485257421
11.91,2.0,0.17490794278469995,0.17490794278469995,0.16519122563406505,112.341179715814
11.92,2.0,0.174893432152071,0.174893432152071,0.16532120291440158,112.36936916276156
11.93,2.0,0.17487896475833317,0.17487896475833317,0.16545111540688082,112.39755332897668
11.94,2.0,0.1748645322681203,0.1748645322681203,0.16558095416764598,112.42572252353052
11.95,2.0,0.17485014403813445,0.17485014403813445,0.1657107291797092,112.45385583171023
11.96,2.0,0.17483579900479476,0.17483579900479476,0.1658404363487074,112.48199907408905
11.97,2.0,0.174821487672957,0.174821487672957,0.165970067340545,112.51009160130485
11.98,2.0,0.1748072211740564,0.1748072211740564,0.16609964914283967,112.53818332015736
11.99,2.0,0.17479299720787977,0.17479299720787977,0.16622914992958457,112.56625232368297
12.0,2.0,0.1747788067473449,0.1747788067473449,0.1663585932128068,112.59430856508646
12.01,2.0,0.17476466012823402,0.17476466012823402,0.1664879647315807,112.62233296887842
12.02,2.0,0.1747505467865797,0.1747505467865797,0.16661727269176504,112.65034828068556
12.03,2.0,0.17473647691133498,0.17473647691133498,0.16674652476271132,112.67835287296546
12.04,2.0,0.17472244995865596,0.17472244995865596,0.16687570560437276,112.70631608577524
12.05,2.0,0.1747084562813389,0.1747084562813389,0.16700482607642014,112.73428968748334
12.06,2.0,0.17469450569378486,0.17469450569378486,0.1671338805723154,112.76222704095136
12.07,2.0,0.17468059734339492,0.17468059734339492,0.16726287359706685,112.79015555791806
12.08,2.0,0.17466672199047778,0.17466672199047778,0.16739179898921697,112.8180557026651
12.09,2.0,0.1746528889519268,0.1746528889519268,0.16752066558211018,112.84593756246612
12.1,2.0,0.17463908901819616,0.17463908901819616,0.1676494680762272,112.87380938789238
12.11,2.0,0.17462533266413605,0.17462533266413605,0.16777821727263736,112.90165746348175
12.12,2.0,0.17461161634316885,0.17461161634316885,0.1679069029125195,112.9294829825199
12.13,2.0,0.1745979341573898,0.1745979341573898,0.16803552595536567,112.95730541864897
12.14,2.0,0.17458429335518033,0.17458429335518033,0.1681640908848168,112.98509755373522
12.15,2.0,0.17457068544337875,0.17457068544337875,0.16829258920653775,113.01285981612261
12.16,2.0,0.1745571192986918,0.1745571192986918,0.16842104085807788,113.04062232696131
12.17,2.0,0.1745435948631154,0.1745435948631154,0.1685494206808168,113.06836592095694
12.18,2.0,0.17453010198615984,0.17453010198615984,0.16867774884413445,113.09607935777217
12.19,2.0,0.17451665114448006,0.17451665114448006,0.16880601248959284,113.12378096876078
12.2,2.0,0.17450324302490244,0.17450324302490244,0.16893423150817047,113.15147440342064
12.21,2.0,0.17448986473775763,0.17448986473775763,0.1690623812741087,113.17912600290894
12.22,2.0,0.17447651856551344,0.17447651856551344,0.16919047244954075,113.20677083850158
12.23,2.0,0.17446322423555238,0.17446322423555238,0.16931852017213883,113.23441439096045
12.24,2.0,0.17444995067708155,0.17444995067708155,0.16944649803132286,113.26201361471706
12.25,2.0,0.17443672894224668,0.17443672894224668,0.1695744323597244,113.28960893365289
12.26,2.0,0.17442353804903057,0.17442353804903057,0.16970230119604718,113.31718990844603
12.27,2.0,0.17441037849225083,0.17441037849225083,0.16983011647981633,113.3447414062432
12.28,2.0,0.17439726927352675,0.17439726927352675,0.16995787747956245,113.37227089849944
12.29,2.0,0.17438418165467945,0.17438418165467945,0.17008559100105372,113.39979322432082
12.3,2.0,0.17437114394142944,0.17437114394142944,0.17021324072052194,113.42728841266909
12.31,2.0,0.1743581376211619,0.1743581376211619,0.17034083937376743,113.45477919131473
12.32,2.0,0.1743451617271436,0.1743451617271436,0.17046838576439408,113.48223550376261
12.33,2.0,0.17433222715146715,0.17433222715146715,0.17059588127766886,113.5096870360528
12.34,2.0,0.17431933285912654,0.17431933285912654,0.17072332034826584,113.5371161063193
12.35,2.0,0.1743064680577927,0.1743064680577927,0.1708507121293421,113.56452682938728
12.36,2.0,0.1742936442728902,0.1742936442728902,0.17097804501548752,113.59191061016688
12.37,2.0,0.17428085005774907,0.17428085005774907,0.171105330887272,113.61930053125873
12.38,2.0,0.17426809628403828,0.17426809628403828,0.17123256810961593,113.64664836906641
12.39,2.0,0.17425538273705204,0.17425538273705204,0.17135975074488538,113.67397740845459
12.4,2.0,0.1742426995175196,0.1742426995175196,0.17148688241180662,113.7013004915347
12.41,2.0,0.17423005568771646,0.17423005568771646,0.1716139646317301,113.7286029418632
12.42,2.0,0.17421744232340886,0.17421744232340886,0.17174100025483938,113.75589275631351
12.43,2.0,0.17420485725137455,0.17420485725137455,0.17186798463387565,113.78315208939506
12.44,2.0,0.17419232333481802,0.17419232333481802,0.17199491285413643,113.81038896622832
12.45,2.0,0.1741798179886284,0.1741798179886284,0.17212179820877793,113.83763343472762
12.46,2.0,0.17416734233250297,0.17416734233250297,0.1722486419174771,113.8648454300434
12.47,2.0,0.17415490578507478,0.17415490578507478,0.17237543174226427,113.89203694705898
12.48,2.0,0.17414250933008305,0.17414250933008305,0.172502165004392,113.91920027165582
12.49,2.0,0.17413014168926075,0.17413014168926075,0.17262886085434526,113.94636789877786
12.5,2.0,0.1741178031857619,0.1741178031857619,0.17275550476694393,113.97350409426414
12.51,2.0,0.1741055132704614,0.1741055132704614,0.17288210416373262,114.00062374587014
12.52,2.0,0.17409324285284136,0.17409324285284136,0.17300866052591943,114.0277400571389
12.53,2.0,0.17408102169123896,0.17408102169123896,0.173135167899364,114.05482469939342
12.54,2.0,0.17406881895424983,0.17406881895424983,0.1732616282629364,114.08188266732752
12.55,2.0,0.17405666463974545,0.17405666463974545,0.1733880425244128,114.10893106238689
12.56,2.0,0.17404452956711575,0.17404452956711575,0.1735144095565245,114.13595523039587
12.57,2.0,0.17403244219835773,0.17403244219835773,0.1736407366692171,114.16298976613854
12.58,2.0,0.17402038405939596,0.17402038405939596,0.17376701375763384,114.18998001739746
12.59,2.0,0.17400836469524514,0.17400836469524514,0.17389325615625342,114.2169554581004
12.6,2.0,0.17399637324120837,0.17399637324120837,0.17401943982571966,114.24390363873106
12.61,2.0,0.1739844095902125,0.1739844095902125,0.17414559058623025,114.27085438653181
12.62,2.0,0.173972485648214,0.173972485648214,0.1742717030107439,114.2977850665008
12.63,2.0,0.17396059871516523,0.17396059871516523,0.17439776196235698,114.32468498730671
12.64,2.0,0.17394873912156908,0.17394873912156908,0.17452377531934357,114.35156646966581
12.65,2.0,0.17393691931511926,0.17393691931511926,0.17464975546866487,114.37843823781682
12.66,2.0,0.17392512681365607,0.17392512681365607,0.17477568713905864,114.40529592181304
12.67,2.0,0.17391337177063768,0.17391337177063768,0.17490157897442163,114.43213363426716
12.68,2.0,0.17390164429330374,0.17390164429330374,0.17502743247210284,114.45894565718505
12.69,2.0,0.17388995417028372,0.17388995417028372,0.17515323897161908,114.48574090173562
12.7,2.0,0.17387829278055525,0.17387829278055525,0.17527901227376785,114.51253423124322
12.71,2.0,0.17386666847536728,0.17386666847536728,0.17540473579090501,114.53929851976974
12.72,2.0,0.17385507111803802,0.17385507111803802,0.175530430470289,114.56604038899071
12.73,2.0,0.17384351171288337,0.17384351171288337,0.1756560718971278,114.5927687165175
12.74,2.0,0.17383197908557418,0.17383197908557418,0.17578168000626343,114.61947399069268
12.75,2.0,0.17382048401533756,0.17382048401533756,0.1759072503551424,114.64617554223446
12.76,2.0,0.17380901621529887,0.17380901621529887,0.17603277544204973,114.67284798758968
12.77,2.0,0.1737975861242505,0.1737975861242505,0.17615826749719227,114.69949911279683
12.78,2.0,0.1737861917130652,0.1737861917130652,0.17628372597955355,114.72614614670992
12.79,2.0,0.17377482520657914,0.17377482520657914,0.17640912924575453,114.75276545022209
12.8,2.0,0.173763484686932,0.173763484686932,0.17653450862866044,114.77936345825249
12.81,2.0,0.1737521814827831,0.1737521814827831,0.1766598444614004,114.80596131599339
12.82,2.0,0.17374090575388654,0.17374090575388654,0.17678514202882445,114.83252268189244
12.83,2.0,0.1737296655930942,0.1737296655930942,0.17691040375630684,114.85907332545175
12.84,2.0,0.1737184622123175,0.1737184622123175,0.17703563362115074,114.88561680897398
12.85,2.0,0.1737072862294554,0.1737072862294554,0.1771608257882461,114.91213072451573
12.86,2.0,0.17369613542011852,0.17369613542011852,0.1772859718935693,114.93862501054736
12.87,2.0,0.1736850215343811,0.1736850215343811,0.1774110908103062,114.96511124815906
12.88,2.0,0.17367393386090235,0.17367393386090235,0.17753616730512126,114.99158444299081
12.89,2.0,0.1736628830037216,0.1736628830037216,0.17766121391084064,115.01801603011388
12.9,2.0,0.17365185741038397,0.17365185741038397,0.177786219981614,115.04444299508555
12.91,2.0,0.1736408687228696,0.1736408687228696,0.1779111990970201,115.07087388090815
12.92,2.0,0.17362991546942222,0.17362991546942222,0.17803614018737574,115.09724875931678
12.93,2.0,0.17361898829204192,0.17361898829204192,0.17816103584531906,115.12362802634637
12.94,2.0,0.17360808710101425,0.17360808710101425,0.17828590798160113,115.14999138358033
12.95,2.0,0.17359722134233094,0.17359722134233094,0.17841074258283765,115.1763354198138
12.96,2.0,0.17358638222646633,0.17358638222646633,0.17853554632654084,115.20264977256586
12.97,2.0,0.17357557763321693,0.17357557763321693,0.17866031552963768,115.22896251406172
12.98,2.0,0.17356479946230713,0.17356479946230713,0.1787850479174996,115.25523711908927
12.99,2.0,0.17355405605217702,0.17355405605217702,0.17890975293987837,115.28152095624618
13.0,2.0,0.17354333913013134,0.17354333913013134,0.17903442338366357,115.30777428409934
13.01,2.0,0.17353265675083393,0.17353265675083393,0.17915906057136408,115.33401671143851
13.02,2.0,0.17352200089102704,0.17352200089102704,0.17928366443174745,115.3602316678051
13.03,2.0,0.17351136965878775,0.17351136965878775,0.17940823833985972,115.3864264336161
13.04,2.0,0.17350078262364851,0.17350078262364851,0.1795327690954912,115.41260988990837
13.05,2.0,0.17349021167641748,0.17349021167641748,0.17965728174954826,115.4387729718404
13.06,2.0,0.17347967611580706,0.17347967611580706,0.17978175965335375,115.46492727788387
13.07,2.0,0.173469175277022,0.173469175277022,0.179906210476038,115.49106026393147
13.08,2.0,0.17345869886381024,0.17345869886381024,0.18003062428843997,115.5171760249674
13.09,2.0,0.17344824805558137,0.17344824805558137,0.18015501063592088,115.54326938396366
13.1,2.0,0.173437831828829,0.173437831828829,0.18027936426428592,115.56934436216441
13.11,2.0,0.17342745025774117,0.17342745025774117,0.1804036917439761,115.59541152149028
13.12,2.0,0.1734170831708714,0.1734170831708714,0.18052798511598284,115.62146267430133
13.13,2.0,0.17340676073288666,0.17340676073288666,0.1806522498298216,115.64748890682424
13.14,2.0,0.1733964526147895,0.1733964526147895,0.18077648032863836,115.67349395533894
13.15,2.0,0.17338618949883625,0.17338618949883625,0.18090069049856178,115.69948572343137
13.16,2.0,0.17337594080264895,0.17337594080264895,0.18102486752912392,115.72545871432001
13.17,2.0,0.17336573707382,0.17336573707382,0.18114902569777042,115.75142373165954
13.18,2.0,0.17335554648690668,0.17335554648690668,0.1812731431591837,115.77736210982577
13.19,2.0,0.1733453907525587,0.1733453907525587,0.18139723933074145,115.80327849523252
13.2,2.0,0.1733352694333429,0.1733352694333429,0.1815213018529646,115.82919944983104
13.21,2.0,0.17332517174739034,0.17332517174739034,0.18164533771513725,115.85508770917124
13.22,2.0,0.1733150976772091,0.1733150976772091,0.1817693465823742,115.88095367553157
13.23,2.0,0.1733050583069316,0.1733050583069316,0.18189333045308728,115.90681332460126
13.24,2.0,0.17329504240415233,0.17329504240415233,0.1820172834135014,115.93264428905296
13.25,2.0,0.17328506118748407,0.17328506118748407,0.1821412113120983,115.95846373289666
13.26,2.0,0.17327510262522214,0.17327510262522214,0.18226511194966646,115.98426369361309
13.27,2.0,0.17326517862693847,0.17326517862693847,0.18238898644314697,116.01004785327048
13.28,2.0,0.17325527844987382,0.17325527844987382,0.18251284081120814,116.03582098763175
13.29,2.0,0.17324541058286416,0.17324541058286416,0.1826366580324426,116.0615811428002
13.3,2.0,0.1732355675747106,0.1732355675747106,0.18276045855659476,116.0873130769518
13.31,2.0,0.17322574723212095,0.17322574723212095,0.18288423296873774,116.11303582617181
13.32,2.0,0.17321596127828173,0.17321596127828173,0.18300797701466864,116.13873130825397
13.33,2.0,0.1732061980411477,0.1732061980411477,0.18313169674160273,116.16441409707399
13.34,2.0,0.17319646832507293,0.17319646832507293,0.1832553902587478,116.19007487744595
13.35,2.0,0.17318676156080748,0.17318676156080748,0.18337906651617641,116.21572483783311
13.36,2.0,0.17317708831833878,0.17317708831833878,0.18350271484532646,116.24135436092394
13.37,2.0,0.17316743870497206,0.17316743870497206,0.183626339002109,116.26697283740381
13.38,2.0,0.1731578114615169,0.1731578114615169,0.18374993382211313,116.29256489122301
13.39,2.0,0.17314821703743513,0.17314821703743513,0.18387350771391414,116.31815305338725
13.4,2.0,0.17313864545820162,0.17313864545820162,0.1839970641386103,116.34370625552818
13.41,2.0,0.17312910733203146,0.17312910733203146,0.18412059145786158,116.36926088780451
13.42,2.0,0.1731195918729744,0.1731195918729744,0.1842440965345568,116.39479400520874
13.43,2.0,0.17311010901856824,0.17311010901856824,0.18436757721247854,116.42030765624735
13.44,2.0,0.1731006498910154,0.1731006498910154,0.18449103761861765,116.4457983889864
13.45,2.0,0.17309121130371644,0.17309121130371644,0.18461447272230908,116.47127721980944
13.46,2.0,0.1730818073528371,0.1730818073528371,0.1847378846988854,116.49673324963153
13.47,2.0,0.17307243539213513,0.17307243539213513,0.18486128197119878,116.5221807623619
13.48,2.0,0.17306307572660967,0.17306307572660967,0.18498464982857485,116.5476115204377
13.49,2.0,0.17305374871194545,0.17305374871194545,0.18510799554008484,116.5730193944649
13.5,2.0,0.17304445380754535,0.17304445380754535,0.18523133045670623,116.59841473785355
13.51,2.0,0.1730351811103638,0.1730351811103638,0.18535463336687694,116.62378695092688
13.52,2.0,0.17302593086809745,0.17302593086809745,0.18547790950289383,116.6491396250788
13.53,2.0,0.17301671265065888,0.17301671265065888,0.18560117286410743,116.6744966572234
13.54,2.0,0.17300752610839973,0.17300752610839973,0.18572441759538857,116.6998112943446
13.55,2.0,0.1729983520984968,0.1729983520984968,0.18584763675373425,116.72512427482687
13.56,2.0,0.17298921067683004,0.17298921067683004,0.1859708350362202,116.75041851837233
13.57,2.0,0.17298010112726447,0.17298010112726447,0.1860940167864853,116.7756894781343
13.58,2.0,0.1729710133799982,0.1729710133799982,0.1862171826751843,116.80095000887924
13.59,2.0,0.17296194696012532,0.17296194696012532,0.18634032123602645,116.82618935523418
13.6,2.0,0.1729529134287987,0.1729529134287987,0.18646344414076815,116.85141177102042
13.61,2.0,0.17294390033830462,0.17294390033830462,0.1865865413328333,116.8766173027309
13.62,2.0,0.1729349091372347,0.1729349091372347,0.18670962575409394,116.90181692234079
13.63,2.0,0.1729259504450023,0.1729259504450023,0.18683268607749734,116.92698489675152
13.64,2.0,0.1729170126959085,0.1729170126959085,0.18695573551618583,116.95214165093367
13.65,2.0,0.17290810712703802,0.17290810712703802,0.18707875174137592,116.97727416217806
13.66,2.0,0.17289922265208466,0.17289922265208466,0.18720176169338804,117.00239249415563
13.67,2.0,0.17289036977578687,0.17289036977578687,0.18732475075965588,117.02750959715338
13.68,2.0,0.17288153742748533,0.17288153742748533,0.18744771763906248,117.05258856413964
13.69,2.0,0.1728727267840875,0.1728727267840875,0.18757066749066267,117.07766751885589
13.7,2.0,0.17286394815871187,0.17286394815871187,0.1876936089020925,117.10272240173909
13.71,2.0,0.17285518969562702,0.17285518969562702,0.18781651808948482,117.12775917129844
13.72,2.0,0.17284645432855256,0.17284645432855256,0.1879394198844228,117.15277875909284
13.73,2.0,0.17283774850458958,0.17283774850458958,0.18806230212615513,117.17779331378736
13.74,2.0,0.17282907337645836,0.17282907337645836,0.18818516733016596,117.20279138789655
13.75,2.0,0.17282040973657165,0.17282040973657165,0.188308008752942,117.22774887079129
13.76,2.0,0.17281177712743484,0.17281177712743484,0.18843084495493834,117.25270284798808
13.77,2.0,0.17280317583853316,0.17280317583853316,0.18855365373914004,117.27765132588591
13.78,2.0,0.1727945954729987,0.1727945954729987,0.18867645116627307,117.30255519547956
13.79,2.0,0.17278603485911567,0.17278603485911567,0.1887992344476449,117.32747468707129
13.8,2.0,0.1727774957460051,0.1727774957460051,0.18892199835871804,117.35236383761789
13.81,2.0,0.17276899654325029,0.17276899654325029,0.18904474997635215,117.37723485695945
13.82,2.0,0.17276050869548365,0.17276050869548365,0.18916747884840504,117.40208717091227
13.83,2.0,0.17275205162802515,0.17275205162802515,0.1892901924604111,117.42692591635655
13.84,2.0,0.1727436143938141,0.1727436143938141,0.189412894964887,117.45174773948389
13.85,2.0,0.17273520915794985,0.17273520915794985,0.18953559060008354,117.4765580463641
13.86,2.0,0.17272682185106714,0.17272682185106714,0.18965825147009485,117.50133851850889
13.87,2.0,0.1727184569595125,0.1727184569595125,0.18978091630327512,117.52611264721656
13.88,2.0,0.1727101224260473,0.1727101224260473,0.1899035564002047,117.55086540113142
13.89,2.0,0.17270180753592795,0.17270180753592795,0.19002618064361995,117.57560387453778
13.9,2.0,0.17269351242390532,0.17269351242390532,0.19014879302956184,117.60032948920876
13.91,2.0,0.17268524786846157,0.17268524786846157,0.19027138677507194,117.62502569059716
13.92,2.0,0.17267700308619302,0.17267700308619302,0.19039396879560955,117.64971028639653
13.93,2.0,0.1726687892591324,0.1726687892591324,0.1905165438636027,117.67439385156199
13.94,2.0,0.17266059465814843,0.17266059465814843,0.1906390918116747,117.6990442360527
13.95,2.0,0.17265242035291306,0.17265242035291306,0.19076164152448938,117.72368586319963
13.96,2.0,0.17264427628261875,0.17264427628261875,0.19088416595006413,117.74830542563052
13.97,2.0,0.1726361521731554,0.1726361521731554,0.19100668470138055,117.77291733459828
13.98,2.0,0.17262804754152453,0.17262804754152453,0.1911291840814557,117.79749722434171
13.99,2.0,0.17261997285466343,0.17261997285466343,0.19125167520032546,117.82206985888274
14.0,2.0,0.1726119177876165,0.1726119177876165,0.19137415315521702,117.8466312071085
14.01,2.0,0.17260389221738467,0.17260389221738467,0.19149661215915872,117.87116673019663
14.02,2.0,0.17259588668587839,0.17259588668587839,0.19161906652400826,117.89568624174456
14.03,2.0,0.17258790061681287,0.17258790061681287,0.19174150360871317,117.92019478045935
14.04,2.0,0.17257994333766197,0.17257994333766197,0.19186392872764202,117.94468090256674
14.05,2.0,0.17257200649396648,0.17257200649396648,0.1919863359997593,117.96915685186141
14.06,2.0,0.1725640887858815,0.1725640887858815,0.19210874199793151,117.99361695735877
14.07,2.0,0.17255620066145155,0.17255620066145155,0.19223113232873665,118.01805029378963
14.08,2.0,0.17254833198132677,0.17254833198132677,0.19235350550365796,118.04247334789466
14.09,2.0,0.1725404923637143,0.1725404923637143,0.19247587518730475,118.06689016812467
14.1,2.0,0.17253267231396402,0.17253267231396402,0.1925982296662156,118.09128191215093
14.11,2.0,0.17252487112349044,0.17252487112349044,0.19272057746740645,118.11564545593804
14.12,2.0,0.17251708921015965,0.17251708921015965,0.19284290383437036,118.1400042639233
14.13,2.0,0.17250933633009838,0.17250933633009838,0.19296522640081848,118.1643555082075
14.14,2.0,0.1725016129009065,0.1725016129009065,0.19308753040453663,118.18865985300368
14.15,2.0,0.1724938977115253,0.1724938977115253,0.1932098397188356,118.212983586041
14.16,2.0,0.1724862130010166,0.1724862130010166,0.19333213147591288,118.23727482078563
14.17,2.0,0.17247854556566466,0.17247854556566466,0.19345440065084374,118.26154731809459
14.18,2.0,0.17247090826884162,0.17247090826884162,0.19357667146566426,118.28580126061334
14.19,2.0,0.17246328858172633,0.17246328858172633,0.19369892953257387,118.31004427331996
14.2,2.0,0.1724556985543297,0.1724556985543297,0.19382117578128308,118.33427108182721
14.21,2.0,0.17244811753777514,0.17244811753777514,0.1939434196796543,118.35849121105106
14.22,2.0,0.17244056470649635,0.17244056470649635,0.19406564029397688,118.38267474289874
14.23,2.0,0.1724330400328059,0.1724330400328059,0.1941878638293774,118.40685976069182
14.24,2.0,0.17242553480415848,0.17242553480415848,0.1943100704254354,118.43102312373564
14.25,2.0,0.1724180475740841,0.1724180475740841,0.19443227435951163,118.4551624278129
14.26,2.0,0.17241057959188757,0.17241057959188757,0.19455445776318334,118.47929070223402
14.27,2.0,0.17240313974886703,0.17240313974886703,0.19467664405900406,118.50340743122287
14.28,2.0,0.17239571858630412,0.17239571858630412,0.19479881891062828,118.52750665084729
14.29,2.0,0.17238832579478827,0.17238832579478827,0.1949209766509621,118.55158475488308
14.3,2.0,0.172380940932414,0.172380940932414,0.19504313089638983,118.57564089202995
14.31,2.0,0.17237359392301665,0.17237359392301665,0.19516528160041383,118.59969163891002
14.32,2.0,0.1723662565447011,0.1723662565447011,0.19528742041951175,118.62372298507233
14.33,2.0,0.17235776301313857,0.17235776301313857,0.1953756509584906,118.64091820116936
14.34,2.0,0.17234557829989408,0.17234557829989408,0.19535766294060314,118.63673990184924
14.35,2.0,0.17233342338758867,0.17233342338758867,0.19533969769844198,118.63257678910023
14.36,2.0,0.1723212856434179,0.1723212856434179,0.19532173963640123,118.62843926494753
14.37,2.0,0.1723091684595996,0.1723091684595996,0.19530379639581996,118.62430170726617
14.38,2.0,0.1722970799660279,0.1722970799660279,0.1952858731758622,118.62018611792273
14.39,2.0,0.17228499892883845,0.17228499892883845,0.1952679644999922,118.61609323777894
14.4,2.0,0.17227295810693036,0.17227295810693036,0.19525006362031083,118.61201406090672
14.41,2.0,0.17226092523870057,0.17226092523870057,0.19523218999643036,118.60795587048827
14.42,2.0,0.1722489205057937,0.1722489205057937,0.19521432098069877,118.60390796485432
14.43,2.0,0.17223693570135049,0.17223693570135049,0.19519647987610525,118.59988339165324
14.44,2.0,0.17222497811608586,0.17222497811608586,0.19517864607070196,118.59587079465683
14.45,2.0,0.1722130402243072,0.1722130402243072,0.19516083368423792,118.59187766823796
14.46,2.0,0.17220111967747473,0.17220111967747473,0.19514303295852678,118.58789553336482
14.47,2.0,0.17218922852624202,0.17218922852624202,0.19512524483280244,118.58392533315362
14.48,2.0,0.17217734535757642,0.17217734535757642,0.19510748563949862,118.57998170109971
14.49,2.0,0.17216550033131875,0.17216550033131875,0.19508973330694807,118.57605490596308
14.5,2.0,0.17215366382017785,0.17215366382017785,0.19507199844807438,118.57213684112698
14.51,2.0,0.17214185504875404,0.17214185504875404,0.1950542866153237,118.56824639784475
14.52,2.0,0.17213006445949222,0.17213006445949222,0.19503658243001565,118.56435251979694
14.53,2.0,0.17211830269780676,0.17211830269780676,0.19501890223187474,118.56049037602264
14.54,2.0,0.17210655942999445,0.17210655942999445,0.19500124057499155,118.55664510067062
14.55,2.0,0.1720948333531281,0.1720948333531281,0.19498358721553674,118.55280999843134
14.56,2.0,0.17208312596797445,0.17208312596797445,0.19496595482903004,118.54898942141773
14.57,2.0,0.17207144637948368,0.17207144637948368,0.1949483495199919,118.54520055916133
14.58,2.0,0.17205978417610535,0.17205978417610535,0.19493075668974802,118.54141452999397
14.59,2.0,0.17204815012195557,0.17204815012195557,0.1949131725676798,118.53764659305575
14.6,2.0,0.17203652490928775,0.17203652490928775,0.19489561469677702,118.53389027328987
14.61,2.0,0.17202492609637426,0.17202492609637426,0.19487807303503218,118.53016179035485
14.62,2.0,0.17201335587253969,0.17201335587253969,0.19486054957951288,118.526440551229
14.63,2.0,0.17200179411293434,0.17200179411293434,0.19484304363298546,118.5227329908742
14.64,2.0,0.17199026884455568,0.17199026884455568,0.1948255563219122,118.51904124222035
14.65,2.0,0.17197875110626581,0.17197875110626581,0.19480808697214183,118.5153708516874
14.66,2.0,0.17196726199371906,0.17196726199371906,0.19479063904464677,118.51171749159812
14.67,2.0,0.17195578028892067,0.17195578028892067,0.19477320920971297,118.50807959526605
14.68,2.0,0.17194433601299283,0.17194433601299283,0.19475579320701414,118.50446432287666
14.69,2.0,0.1719328991940375,0.1719328991940375,0.19473839522738465,118.50084376693755
14.7,2.0,0.17192149036473978,0.17192149036473978,0.19472102958752138,118.49726672040102
14.71,2.0,0.17191009758653392,0.17191009758653392,0.19470367009707215,118.49368845822147
14.72,2.0,0.17189873351740756,0.17189873351740756,0.1946863350794518,118.49012499979091
14.73,2.0,0.17188738697918243,0.17188738697918243,0.19466902011838813,118.48658120666785
14.74,2.0,0.17187605665678066,0.17187605665678066,0.1946517163530064,118.48305412416573
14.75,2.0,0.17186474412447258,0.17186474412447258,0.1946344402848976,118.47954286427223
14.76,2.0,0.1718534590997342,0.1718534590997342,0.1946171834085298,118.47605277243544
14.77,2.0,0.1718421913552053,0.1718421913552053,0.1945999398455561,118.47257240480381
14.78,2.0,0.17183094037091548,0.17183094037091548,0.1945827235028976,118.4691170935625
14.79,2.0,0.17181971673746668,0.17181971673746668,0.19456552218847545,118.46566065285796
14.8,2.0,0.17180850974377435,0.17180850974377435,0.19454834318864048,118.4622368482432
14.81,2.0,0.17179732118973035,0.17179732118973035,0.19453118412012207,118.45881190492858
14.82,2.0,0.17178615816035653,0.17178615816035653,0.19451404548455312,118.45541558889937
14.83,2.0,0.17177501260091613,0.17177501260091613,0.19449692624047898,118.45202653165485
14.84,2.0,0.1717638845036573,0.1717638845036573,0.1944798246102615,118.44866148763464
14.85,2.0,0.17175277189555832,0.17175277189555832,0.19446274490401771,118.44530559998032
14.86,2.0,0.17174168805581538,0.17174168805581538,0.194445691219621,118.44197850159969
14.87,2.0,0.17173062027711256,0.17173062027711256,0.19442864735418816,118.43865228498872
14.88,2.0,0.1717195784375793,0.1717195784375793,0.19441163642801643,118.43534802674088
14.89,2.0,0.17170854496711097,0.17170854496711097,0.19439464146035193,118.43206513408964
14.9,2.0,0.17169753700744256,0.17169753700744256,0.19437766902815745,118.42878171050762
14.91,2.0,0.17168655541415495,0.17168655541415495,0.19436071174835426,118.42552072884106
14.92,2.0,0.1716755816594009,0.1716755816594009,0.19434378589235757,118.42228095562132
14.93,2.0,0.17166463402114365,0.17166463402114365,0.1943268715342665,118.41905085763271
14.94,2.0,0.17165370312433367,0.17165370312433367,0.19430998391175466,118.41584207450661
14.95,2.0,0.17164279861922227,0.17164279861922227,0.19429311423303955,118.4126474187952
14.96,2.0,0.17163190063613615,0.17163190063613615,0.19427626901678835,118.40947215205568
14.97,2.0,0.17162103927463956,0.17162103927463956,0.19425944637207307,118.40629922216422
14.98,2.0,0.1716101842500709,0.1716101842500709,0.1942426414594783,118.40315073306382
14.99,2.0,0.17159934479511005,0.17159934479511005,0.19422586057291466,118.40001464134875
15.0,2.0,0.17158853259791776,0.17158853259791776,0.19420909588246907,118.39689877919945
15.01,2.0,0.17157774628488032,0.17157774628488032,0.19419236227659764,118.39379247076054
15.02,2.0,0.17156696637045482,0.17156696637045482,0.1941756485771884,118.39071045015748
15.03,2.0,0.17155621274752614,0.17155621274752614,0.19415895077022943,118.38764373178289
15.04,2.0,0.17154547617168484,0.17154547617168484,0.19414229111806608,118.38459389612946
15.05,2.0,0.17153475478394176,0.17153475478394176,0.19412564517560016,118.38154741293128
15.06,2.0,0.17152405954946964,0.17152405954946964,0.19410901146970436,118.37851593771362
15.07,2.0,0.17151338109358452,0.17151338109358452,0.19409240853131035,118.37550709345093
15.08,2.0,0.171502718111548,0.171502718111548,0.19407582778625504,118.37251714799426
15.09,2.0,0.17149207189468424,0.17149207189468424,0.1940592776243069,118.36953906865412
15.1,2.0,0.17148145085866978,0.17148145085866978,0.19404273933549032,118.36657761514067
15.11,2.0,0.17147084659581033,0.17147084659581033,0.19402623366430355,118.36363534337364
15.12,2.0,0.17146026753592397,0.17146026753592397,0.19400974230306706,118.36070164833336
15.13,2.0,0.17144969507130545,0.17144969507130545,0.1939932775798386,118.35778185955671
15.14,2.0,0.17143914814407255,0.17143914814407255,0.19397683534343815,118.35487809431291
15.15,2.0,0.17142861648369756,0.17142861648369756,0.19396041166443706,118.35198759626738
15.16,2.0,0.17141811145199543,0.17141811145199543,0.19394401482670406,118.34912093665767
15.17,2.0,0.17140761208770075,0.17140761208770075,0.19392764554723285,118.34626555677472
15.18,2.0,0.17139713818810862,0.17139713818810862,0.1939113002534322,118.34341636416653
15.19,2.0,0.17138668931545548,0.17138668931545548,0.19389496491420158,118.34058992523585
15.2,2.0,0.17137624761477366,0.17137624761477366,0.1938786718274711,118.33778702169175
15.21,2.0,0.17136583099353367,0.17136583099353367,0.19386239197849006,118.33498966016442
15.22,2.0,0.17135543004346696,0.17135543004346696,0.19384613976671808,118.33220528580773
15.23,2.0,0.1713450533071142,0.1713450533071142,0.19382990487858387,118.32944812374316
15.24,2.0,0.17133468348540454,0.17133468348540454,0.19381370526754274,118.32670366836506
15.25,2.0,0.17132433999483562,0.17132433999483562,0.19379752485185142,118.3239579520959
15.26,2.0,0.1713140096358034,0.1713140096358034,0.1937813602636802,118.32124062334157
15.27,2.0,0.17130370610754642,0.17130370610754642,0.19376522779553246,118.31853713043344
15.28,2.0,0.1712934181374828,0.1712934181374828,0.19374912188656362,118.3158474919346
15.29,2.0,0.17128314542813747,0.17128314542813747,0.19373303567819333,118.31317317658052
15.3,2.0,0.1712728875391544,0.1712728875391544,0.1937169822106876,118.31052308404281
15.31,2.0,0.17126264574189462,0.17126264574189462,0.193700942175306,118.30787154827424
15.32,2.0,0.17125242863866338,0.17125242863866338,0.193684932494667,118.30524541621105
15.33,2.0,0.17124222712346765,0.17124222712346765,0.19366895069872492,118.30262874013204
15.34,2.0,0.17123205079263135,0.17123205079263135,0.19365298635229164,118.30003569648085
15.35,2.0,0.17122187921927448,0.17122187921927448,0.19363705394883468,118.29746257734335
15.36,2.0,0.17121173176608917,0.17121173176608917,0.193621135840359,118.29487860947351
15.37,2.0,0.1712016111568209,0.1712016111568209,0.19360525274015894,118.29232667849799
15.38,2.0,0.17119149588524013,0.17119149588524013,0.19358939134458522,118.28978450191259
15.39,2.0,0.17118140413964508,0.17118140413964508,0.19357355619492944,118.28727000324815
15.4,2.0,0.17117132867473397,0.17117132867473397,0.19355774072544465,118.28475683548587
15.41,2.0,0.17116126684196228,0.17116126684196228,0.19354195524956921,118.28226608274564
15.42,2.0,0.17115122037711694,0.17115122037711694,0.19352619218792402,118.2797796256795
15.43,2.0,0.1711411997671327,0.1711411997671327,0.19351046351496637,118.27731760526743
15.44,2.0,0.17113119360233994,0.17113119360233994,0.19349476124259343,118.27487454120717
15.45,2.0,0.17112121251631157,0.17112121251631157,0.1934790728532607,118.27243828492696
15.46,2.0,0.17111123606346101,0.17111123606346101,0.19346341541428833,118.27002587473133
15.47,2.0,0.17110128400167052,0.17110128400167052,0.19344778103479218,118.2676210264475
15.48,2.0,0.17109134667395234,0.17109134667395234,0.1934321786245012,118.2652188885747
15.49,2.0,0.17108142458333037,0.17108142458333037,0.19341659704532443,118.26284797868001
15.5,2.0,0.1710715268226742,0.1710715268226742,0.1934010370459033,118.26048697013981
15.51,2.0,0.1710616441193498,0.1710616441193498,0.19338551854769068,118.2581437681712
15.52,2.0,0.17105177632793572,0.17105177632793572,0.1933700118309646,118.25581442853336
15.53,2.0,0.17104192215476902,0.17104192215476902,0.19335453579341566,118.25349447578434
15.54,2.0,0.17103209384531,0.17103209384531,0.19333909540894315,118.25120411933966
15.55,2.0,0.17102227843649886,0.17102227843649886,0.19332366684876182,118.24891585791325
15.56,2.0,0.1710124787631429,0.1710124787631429,0.19330827097380243,118.24664660679368
15.57,2.0,0.1710026933028569,0.1710026933028569,0.19329289598977667,118.24438361460241
15.58,2.0,0.17099293177777256,0.17099293177777256,0.1932775591717495,118.24214433250732
15.59,2.0,0.17098318547743482,0.17098318547743482,0.19326224219291582,118.23991668191573
15.6,2.0,0.1709734524955911,0.1709734524955911,0.1932469494335607,118.2377042827132
15.61,2.0,0.17096373518417549,0.17096373518417549,0.19323168794532714,118.23550892629291
15.62,2.0,0.1709540411518016,0.1709540411518016,0.19321644769355734,118.23331294081866
15.63,2.0,0.17094436273189043,0.17094436273189043,0.19320124022981255,118.2311534048617
15.64,2.0,0.17093469770223874,0.17093469770223874,0.1931860563851055,118.2289986653692
15.65,2.0,0.17092505634786245,0.17092505634786245,0.19317090538322662,118.22686177755955
15.66,2.0,0.17091542001098925,0.17091542001098925,0.1931557709090834,118.2247333481352
15.67,2.0,0.17090580736603447,0.17090580736603447,0.19314066843252636,118.22261788659215
15.68,2.0,0.17089620933301133,0.17089620933301133,0.1931255977140237,118.22052511759958
15.69,2.0,0.17088663559881637,0.17088663559881637,0.1931105493489942,118.21845026761478
15.7,2.0,0.17087706541077946,0.17087706541077946,0.19309553160562887,118.21638137119805
15.71,2.0,0.17086751973076816,0.17086751973076816,0.19308054237657724,118.21433350504618
15.72,2.0,0.1708579881596539,0.1708579881596539,0.1930655708411247,118.2122854492129
15.73,2.0,0.1708484795043432,0.1708484795043432,0.19305063977144854,118.2102702710013
15.74,2.0,0.17083897598145006,0.17083897598145006,0.19303572770942418,118.20825943161016
15.75,2.0,0.17082949605213146,0.17082949605213146,0.1930208470018875,118.20626970467595
15.76,2.0,0.17082003054810901,0.17082003054810901,0.19300599338551144,118.20428094248071
15.77,2.0,0.17081058870612206,0.17081058870612206,0.19299117325174034,118.2023230173563
15.78,2.0,0.1708011499593043,0.1708011499593043,0.19297637149921285,118.20038020045169
15.79,2.0,0.1707917357963648,0.1707917357963648,0.19296160110560834,118.1984433096004
15.8,2.0,0.1707823350663994,0.1707823350663994,0.19294685840910158,118.19651895324542
15.81,2.0,0.17077294875798696,0.17077294875798696,0.19293214311313514,118.19460736800183
15.82,2.0,0.17076358496293897,0.17076358496293897,0.19291745604864083,118.19271351634653
15.83,2.0,0.17075423651887756,0.17075423651887756,0.19290279594027826,118.19083897088838
15.84,2.0,0.17074490071724308,0.17074490071724308,0.19288816990969637,118.18897683934027
15.85,2.0,0.17073557803977715,0.17073557803977715,0.19287356314564558,118.18711379177063
15.86,2.0,0.17072628013414692,0.17072628013414692,0.1928589922458844,118.1852821780374
15.87,2.0,0.1707169854129917,0.1707169854129917,0.19284444448323543,118.18346234952298
15.88,2.0,0.17070772435141562,0.17070772435141562,0.1928299290655411,118.18166019135487
15.89,2.0,0.17069846656130228,0.17069846656130228,0.1928154394349893,118.17986403933412
15.9,2.0,0.17068922341169285,0.17068922341169285,0.19280098421163097,118.17808516933532
15.91,2.0,0.17068000271648362,0.17068000271648362,0.19278655628261956,118.17632792518839
15.92,2.0,0.17067079530206308,0.17067079530206308,0.1927721541208629,118.17457502101244
15.93,2.0,0.17066160226119195,0.17066160226119195,0.19275777752205284,118.17284200401724
15.94,2.0,0.17065243167955005,0.17065243167955005,0.1927434314857728,118.1711189169203
15.95,2.0,0.1706432648949673,0.1706432648949673,0.19272912388046595,118.1694094798377
15.96,2.0,0.17063412220068705,0.17063412220068705,0.1927148363243848,118.16772626075146
15.97,2.0,0.17062499195104863,0.17062499195104863,0.19270057679884997,118.16604641863749
15.98,2.0,0.17061588505350037,0.17061588505350037,0.19268634359451903,118.16437834067189
15.99,2.0,0.170606781667969,0.170606781667969,0.19267214384898132,118.1627246205277
16.0,2.0,0.17059770075910383,0.17059770075910383,0.19265797277015106,118.16108958019949
16.01,2.0,0.17058863447091427,0.17058863447091427,0.1926438364124082,118.15947450832299
16.02,2.0,0.17057959158581237,0.17057959158581237,0.19262972815192156,118.15786336489795
16.03,2.0,0.17057055074729666,0.17057055074729666,0.19261564038220538,118.15626386163842
16.04,2.0,0.17056153377555375,0.17056153377555375,0.19260159129748677,118.15468813632458
16.05,2.0,0.1705525287608512,0.1705525287608512,0.19258756261160687,118.15312519653824
16.06,2.0,0.1705435372697418,0.1705435372697418,0.19257356346674037,118.15157849588667
16.07,2.0,0.17053455960058367,0.17053455960058367,0.19255960532803182,118.15003433282982
16.08,2.0,0.17052560409217746,0.17052560409217746,0.19254566886706795,118.14851601599095
16.09,2.0,0.17051666200020701,0.17051666200020701,0.19253176195451907,118.14700938433603
16.1,2.0,0.1705077333161874,0.1705077333161874,0.19251788442450085,118.14550914221873
16.11,2.0,0.17049881727074856,0.17049881727074856,0.19250404301065382,118.14402744369421
16.12,2.0,0.17048992429706208,0.17048992429706208,0.19249022098147958,118.1425543664003
16.13,2.0,0.17048104399116618,0.17048104399116618,0.1924764360581256,118.14110470987485
16.14,2.0,0.17047217607475082,0.17047217607475082,0.1924626803471527,118.1396683759295
16.15,2.0,0.17046332133198552,0.17046332133198552,0.19244894769171295,118.13823534549861
16.16,2.0,0.17045449043563948,0.17045449043563948,0.19243525690931362,118.13683144895538
16.17,2.0,0.17044566170367162,0.17044566170367162,0.19242158964502246,118.13544425544085
16.18,2.0,0.1704368553612311,0.1704368553612311,0.19240795137384287,118.13406408532529
16.19,2.0,0.1704280623658306,0.1704280623658306,0.19239434142600778,118.13268540075657
16.2,2.0,0.17041929230395805,0.17041929230395805,0.1923807734125219,118.1313352720689
16.21,2.0,0.17041052428975695,0.17041052428975695,0.19236722866705902,118.1299920322551
16.22,2.0,0.17040177858967798,0.17040177858967798,0.1923537110557773,118.1286698673875
16.23,2.0,0.1703930461418002,0.1703930461418002,0.19234021935164244,118.12735007862116
16.24,2.0,0.17038432637636908,0.17038432637636908,0.1923267660020795,118.12604703009156
16.25,2.0,0.17037562882061907,0.17037562882061907,0.19231333701924314,118.12476690461229
16.26,2.0,0.1703669436631199,0.1703669436631199,0.19229993840104084,118.12348306719593
16.27,2.0,0.17035826248570915,0.17035826248570915,0.19228658459110723,118.12222868348421
16.28,2.0,0.17034961332258858,0.17034961332258858,0.19227325201713089,118.12099138249617
16.29,2.0,0.17034096634426335,0.17034096634426335,0.19225994444034433,118.11976451994727
16.3,2.0,0.17033234084048576,0.17033234084048576,0.19224666923597628,118.11854141218329
16.31,2.0,0.1703237188216301,0.1703237188216301,0.19223342771739826,118.11733160383949
16.32,2.0,0.17031511965804286,0.17031511965804286,0.1922202268208704,118.11615484647757
16.33,2.0,0.1703065322524892,0.1703065322524892,0.19220704121884177,118.11497994660816
16.34,2.0,0.17029796750958562,0.17029796750958562,0.19219389361495742,118.11381302495822
16.35,2.0,0.17028940473731605,0.17028940473731605,0.1921807653128264,118.11266147427703
16.36,2.0,0.17028086515979363,0.17028086515979363,0.19216768765779227,118.1115331128574
16.37,2.0,0.17027234650234838,0.17027234650234838,0.1921546297419723,118.11041913544373
16.38,2.0,0.17026383106483908,0.17026383106483908,0.19214159843083803,118.10929940556295
16.39,2.0,0.17025532865605597,0.17025532865605597,0.19212861376232043,118.10821515619104
16.4,2.0,0.17024684712363705,0.17024684712363705,0.19211564778640153,118.10714105945159
16.41,2.0,0.17023837805559086,0.17023837805559086,0.1921027151580402,118.10606388320808
16.42,2.0,0.17022992152484964,0.17022992152484964,0.19208981532399405,118.105018986556
16.43,2.0,0.17022147711801627,0.17022147711801627,0.19207694194643413,118.10397522894932
16.44,2.0,0.17021305456473404,0.17021305456473404,0.19206411009622862,118.10294430671289
16.45,2.0,0.17020464492912546,0.17020464492912546,0.19205129887925726,118.10194073521936
16.46,2.0,0.1701962467660813,0.1701962467660813,0.19203852165116164,118.10094442291714
16.47,2.0,0.17018786030070632,0.17018786030070632,0.19202578223194097,118.09996452847813
16.48,2.0,0.1701794868296455,0.1701794868296455,0.19201306584177177,118.0989915564166
16.49,2.0,0.17017113491955005,0.17017113491955005,0.19200038296856664,118.09803240048075
16.5,2.0,0.1701627945781837,0.1701627945781837,0.19198773981155284,118.09709251826162
16.51,2.0,0.17015446644723692,0.17015446644723692,0.19197512075079415,118.09616879172876
16.52,2.0,0.17014615055408328,0.17014615055408328,0.19196253200967772,118.0952411065238
16.53,2.0,0.1701378471624299,0.1701378471624299,0.191949975845503,118.09433504505722
16.54,2.0,0.17012956401296217,0.17012956401296217,0.19193744983958297,118.0934504193983
16.55,2.0,0.1701212946358458,0.1701212946358458,0.19192496425904412,118.09257846315232
16.56,2.0,0.17011303608893563,0.17011303608893563,0.19191249764198384,118.09171643761711
16.57,2.0,0.17010478949026103,0.17010478949026103,0.19190007673574147,118.0908732307548
16.58,2.0,0.17009656496774817,0.17009656496774817,0.19188768139048856,118.09004092478528
16.59,2.0,0.1700883418278404,0.1700883418278404,0.19187531622568152,118.08921233969511
16.6,2.0,0.1700801408306293,0.1700801408306293,0.19186297865723245,118.08840061457903
16.61,2.0,0.17007195052661617,0.17007195052661617,0.19185067983440604,118.08761611088973
16.62,2.0,0.17006378375522463,0.17006378375522463,0.19183841720298667,118.08682458001499
16.63,2.0,0.1700556167538037,0.1700556167538037,0.19182617284100814,118.08605839271549
16.64,2.0,0.1700474727830269,0.1700474727830269,0.19181397647159087,118.08530819090326
16.65,2.0,0.17003934057288386,0.17003934057288386,0.1918017976038355,118.08455961069997
16.66,2.0,0.17003121922361622,0.17003121922361622,0.1917896626367763,118.08384340575755
16.67,2.0,0.17002311010777552,0.17002311010777552,0.1917775562062243,118.0831303626255
16.68,2.0,0.17001502208302732,0.17001502208302732,0.1917654764603286,118.08242800401266
16.69,2.0,0.17000693582238247,0.17000693582238247,0.1917534385254471,118.08173208177273
16.7,2.0,0.16999887170909866,0.16999887170909866,0.19174142633852695,118.08106806415432
16.71,2.0,0.16999081790852086,0.16999081790852086,0.19172944794883068,118.08041119737864
16.72,2.0,0.16998277655176097,0.16998277655176097,0.19171750183050232,118.07975424820394
16.73,2.0,0.1699747564289891,0.1699747564289891,0.19170558419172648,118.07912185921545
16.74,2.0,0.16996674793479238,0.16996674793479238,0.19169370692182855,118.07849188796074
16.75,2.0,0.16995875039482275,0.16995875039482275,0.1916818533824899,118.07789080631473
16.76,2.0,0.1699507645581617,0.1699507645581617,0.19167003987340717,118.07730023653201
16.77,2.0,0.16994279014986619,0.16994279014986619,0.1916582611966011,118.0767228555424
16.78,2.0,0.16993483685619942,0.16993483685619942,0.19164650790900287,118.07614827399591
16.79,2.0,0.16992688464306585,0.16992688464306585,0.19163478274164633,118.0755895481209
16.8,2.0,0.1699189543603006,0.1699189543603006,0.19162310385579165,118.0750517596604
16.81,2.0,0.1699110363367558,0.1699110363367558,0.1916114551660432,118.07452500109684
16.82,2.0,0.16990312836369484,0.16990312836369484,0.19159983086436036,118.07400891185456
16.83,2.0,0.16989524187836977,0.16989524187836977,0.19158824296012064,118.07350868197668
16.84,2.0,0.16988736575752064,0.16988736575752064,0.19157668856422025,118.07302287586222
16.85,2.0,0.16987950176728392,0.16987950176728392,0.19156516351482789,118.07254355628747
16.86,2.0,0.16987163938741698,0.16987163938741698,0.19155367703608886,118.07208649588785
16.87,2.0,0.1698638073409876,0.1698638073409876,0.19154222232088497,118.07163945578473
16.88,2.0,0.16985597657618184,0.16985597657618184,0.19153079946862112,118.07119618675273
16.89,2.0,0.16984816734701247,0.16984816734701247,0.19151941476889772,118.07078066977988
16.9,2.0,0.16984035913904597,0.16984035913904597,0.19150805460152895,118.07036420458202
16.91,2.0,0.16983258251979982,0.16983258251979982,0.1914967337093896,118.06996640460096
16.92,2.0,0.16982480615966383,0.16982480615966383,0.1914854443410635,118.06959301215994
16.93,2.0,0.1698170409333492,0.1698170409333492,0.19147418239530103,118.06921779481944
16.94,2.0,0.1698092973525254,0.1698092973525254,0.19146296206317429,118.06885734302895
16.95,2.0,0.16980155398444013,0.16980155398444013,0.19145177211525538,118.06851407413785
16.96,2.0,0.1697938318941548,0.1697938318941548,0.19144061337677984,118.06818662365349
16.97,2.0,0.16978613109042648,0.16978613109042648,0.19142948616078106,118.06786234440092
16.98,2.0,0.1697784308475244,0.1697784308475244,0.1914183994838413,118.06756625904359
16.99,2.0,0.16977074172190343,0.16977074172190343,0.19140734013013314,118.06727346750304
17.0,2.0,0.16976307282265246,0.16976307282265246,0.191396310813829,118.06698812489037
17.01,2.0,0.16975541559762686,0.16975541559762686,0.19138532489317991,118.06672749049508
17.02,2.0,0.1697477693512221,0.1697477693512221,0.19137436251016876,118.06647526276438
17.03,2.0,0.1697401335340474,0.1697401335340474,0.19136343668241762,118.06622951903152
17.04,2.0,0.16973251815342738,0.16973251815342738,0.19135254715698466,118.06599961534607
17.05,2.0,0.1697249149620732,0.1697249149620732,0.1913416873327357,118.0657921822
17.06,2.0,0.16971731119612452,0.16971731119612452,0.191330864714021,118.0655820511215
17.07,2.0,0.1697097286075283,0.1697097286075283,0.1913200711055846,118.06539579922979
17.08,2.0,0.16970216656387305,0.16970216656387305,0.19130931714690755,118.06522588450609
17.09,2.0,0.16969460580993345,0.16969460580993345,0.1912985965853728,118.06506161676387
17.1,2.0,0.16968706498857522,0.16968706498857522,0.19128789825888315,118.0649140136373
17.11,2.0,0.1696795262441013,0.1696795262441013,0.19127725349389454,118.06478078982647
17.12,2.0,0.16967200734802548,0.16967200734802548,0.19126663117444093,118.06464631460233
17.13,2.0,0.16966449863115413,0.16966449863115413,0.19125603885670014,118.06453615025394
17.14,2.0,0.16965701148660528,0.16965701148660528,0.1912454872815748,118.06444473079151
17.15,2.0,0.16964952433234162,0.16964952433234162,0.19123496094174808,118.06435784522516
17.16,2.0,0.16964205761085518,0.16964205761085518,0.19122447152012306,118.06428771864147
17.17,2.0,0.16963460169270433,0.16963460169270433,0.19121402773116392,118.06422230761432
17.18,2.0,0.1696271565226839,0.1696271565226839,0.19120360432822034,118.06417575222567
17.19,2.0,0.1696197218468595,0.1696197218468595,0.1911932203040589,118.06414331906319
17.2,2.0,0.16960977500421895,0.16960977500421895,0.191110636158025,118.04905393698876
17.21,2.0,0.16960154047541545,0.16960154047541545,0.19107653836044847,118.04407800893624
17.22,2.0,0.1695933156069235,0.1695933156069235,0.19104245377293055,118.03910999772738
17.23,2.0,0.16958510094129914,0.16958510094129914,0.191008374236971,118.03414944382477
17.24,2.0,0.16957689474705104,0.16957689474705104,0.19097430513607846,118.02919063065247
17.25,2.0,0.16956869934496815,0.16956869934496815,0.19094025315257313,118.02424460113268
17.26,2.0,0.1695605232129039,0.1695605232129039,0.19090620783824322,118.01930723288864
17.27,2.0,0.1695523466793883,0.1695523466793883,0.19087217724678673,118.01437074599295
17.28,2.0,0.1695441892618238,0.1695441892618238,0.1908381465683493,118.0094329082599
17.29,2.0,0.1695360421093519,0.1695360421093519,0.19080414684577277,118.00450818715001
17.3,2.0,0.16952790381575486,0.16952790381575486,0.19077014276262527,117.99958877432947
17.31,2.0,0.16951977504709362,0.16951977504709362,0.19073615100108837,117.9946840141246
17.32,2.0,0.16951166627137473,0.16951166627137473,0.19070218205902523,117.98977370125989
17.33,2.0,0.16950356668448727,0.16950356668448727,0.19066821836863956,117.98488250355138
17.34,2.0,0.16949547656749406,0.16949547656749406,0.19063426316347926,117.97998721253074
17.35,2.0,0.16948739579581393,0.16948739579581393,0.19060031779937614,117.97509063092615
17.36,2.0,0.16947932463323592,0.16947932463323592,0.1905663874524745,117.97021453861542
17.37,2.0,0.16947127221822378,0.16947127221822378,0.19053247324959455,117.9653409056927
17.38,2.0,0.16946321981181806,0.16946321981181806,0.19049855987886263,117.96046690897454
17.39,2.0,0.16945518750535632,0.16945518750535632,0.19046467280906057,117.9556088394139
17.4,2.0,0.169447163112268,0.169447163112268,0.1904307835322613,117.9507478685067
17.41,2.0,0.16943914827614462,0.16943914827614462,0.19039690806169188,117.9459000205836
17.42,2.0,0.16943114316899235,0.16943114316899235,0.1903630489694999,117.94105408624525
17.43,2.0,0.1694231574140558,0.1694231574140558,0.19032919982040772,117.9362240319192
17.44,2.0,0.169415170320283,0.169415170320283,0.19029536580149162,117.93138757748486
17.45,2.0,0.16940720238011456,0.16940720238011456,0.19026153614402375,117.92656372124833
17.46,2.0,0.1693992453158343,0.1693992453158343,0.19022772725349593,117.9217400864388
17.47,2.0,0.16939129537658812,0.16939129537658812,0.19019392264036664,117.91693935830169
17.48,2.0,0.16938336596074713,0.16938336596074713,0.19016012829246032,117.91211988079911
17.49,2.0,0.1693754350665024,0.1693754350665024,0.1901263501544245,117.90731554077226
17.5,2.0,0.16936752367826988,0.16936752367826988,0.19009258195155285,117.90251954552963
17.51,2.0,0.16935961067703403,0.16935961067703403,0.1900588262084037,117.89772868846403
17.52,2.0,0.16935172721976044,0.16935172721976044,0.19002508107818505,117.89294349569505
17.53,2.0,0.16934384353787768,0.16934384353787768,0.1899913572020798,117.88816889308546
17.54,2.0,0.16933596788684563,0.16933596788684563,0.18995763521861636,117.88339959888518
17.55,2.0,0.1693281018293059,0.1693281018293059,0.18992392648595421,117.87862977660953
17.56,2.0,0.1693202552066956,0.1693202552066956,0.18989023074394085,117.87387657922955
17.57,2.0,0.16931241728712246,0.16931241728712246,0.18985655155578712,117.8691247564979
17.58,2.0,0.16930458867670323,0.16930458867670323,0.1898228800174923,117.86437672192783
17.59,2.0,0.16929676817998265,0.16929676817998265,0.18978921300113685,117.85963491361898
17.6,2.0,0.16928895668866106,0.16928895668866106,0.18975557136675653,117.85489255361897
17.61,2.0,0.16928116412869051,0.16928116412869051,0.18972192855804673,117.85016500576401
17.62,2.0,0.16927338150773386,0.16927338150773386,0.18968830929028604,117.84543535923797
17.63,2.0,0.16926560714339048,0.16926560714339048,0.18965469648806735,117.84071787821063
17.64,2.0,0.16925783116027107,0.16925783116027107,0.18962109664652754,117.83601319474958
17.65,2.0,0.16925008475496997,0.16925008475496997,0.18958750912235264,117.83129786900543
17.66,2.0,0.16924233791142498,0.16924233791142498,0.18955393743261512,117.82660648559553
17.67,2.0,0.1692346082006389,0.1692346082006389,0.18952037074382952,117.82191554538548
17.68,2.0,0.1692268791378979,0.1692268791378979,0.1894868200693808,117.81721832649562
17.69,2.0,0.16921916764458078,0.16921916764458078,0.18945328466405553,117.8125365452087
17.7,2.0,0.16921146558267774,0.16921146558267774,0.18941976104732638,117.80785121397086
17.71,2.0,0.16920377147913052,0.16920377147913052,0.1893862381082986,117.80318869506834
17.72,2.0,0.16919609641734612,0.16919609641734612,0.18935274173539704,117.79852053408148
17.73,2.0,0.16918842076959525,0.16918842076959525,0.1893192573339861,117.79386721679803
17.74,2.0,0.16918076319271214,0.16918076319271214,0.1892857741336303,117.7892031207516
17.75,2.0,0.16917310423255688,0.16917310423255688,0.1892523111858751,117.78455486577236
17.76,2.0,0.16916546473424035,0.16916546473424035,0.18921885836318728,117.77991514385964
17.77,2.0,0.1691578327520225,0.1691578327520225,0.18918542022291893,117.77528344530718
17.78,2.0,0.16915022122872686,0.16915022122872686,0.1891519944979422,117.77064600960426
17.79,2.0,0.1691426070489313,0.1691426070489313,0.18911857913962912,117.76602580518887
17.8,2.0,0.16913501221596244,0.16913501221596244,0.18908517544909453,117.76140838758853
17.81,2.0,0.1691274248428067,0.1691274248428067,0.18905178272445067,117.75679351747637
17.82,2.0,0.16911984703677968,0.16911984703677968,0.18901840629499353,117.75218773404625
17.83,2.0,0.16911227662341213,0.16911227662341213,0.18898504132034627,117.74758043452803
17.84,2.0,0.1691047156489712,0.1691047156489712,0.18895168907132798,117.74299234006396
17.85,2.0,0.16909716302572464,0.16909716302572464,0.18891834713878194,117.73839798203169
17.86,2.0,0.16908962988836573,0.16908962988836573,0.18888501885395725,117.73381323143398
17.87,2.0,0.16908210421422407,0.16908210421422407,0.18885170653617064,117.7292426813818
17.88,2.0,0.1690745867499903,0.1690745867499903,0.1888183983484675,117.72465800080779
17.89,2.0,0.16906707900733775,0.16906707900733775,0.18878511123278596,117.72009575580758
17.9,2.0,0.16905957872286145,0.16905957872286145,0.1887518378012581,117.71553719205733
17.91,2.0,0.1690520864841615,0.1690520864841615,0.18871856624176636,117.710971846045
17.92,2.0,0.16904461409313917,0.16904461409313917,0.18868531899129284,117.70643166127057
17.93,2.0,0.16903713997766598,0.16903713997766598,0.1886520808163103,117.70188096652524
17.94,2.0,0.16902968321382175,0.16902968321382175,0.18861885294962322,117.6973408739203
17.95,2.0,0.16902223499671798,0.16902223499671798,0.188585641499515,117.69281234543037
17.96,2.0,0.16901479621131818,0.16901479621131818,0.18855244316885172,117.68828871895855
17.97,2.0,0.16900737473134142,0.16900737473134142,0.1885192539715389,117.68376839214817
17.98,2.0,0.16899995163949863,0.16899995163949863,0.18848607732082212,117.67924025538164
17.99,2.0,0.16899254698270283,0.16899254698270283,0.18845291356126342,117.67473624448932
18.0,2.0,0.16898515081936774,0.16898515081936774,0.1884197649385494,117.67023645425424
18.01,2.0,0.1689777530311927,0.1689777530311927,0.188386628637877,117.66573197640568
18.02,2.0,0.16897037256939362,0.16897037256939362,0.18835350231536965,117.66124519013945
18.03,2.0,0.16896301183500723,0.16896301183500723,0.18832039739908232,117.65676066004079
18.04,2.0,0.1689556481318451,0.1689556481318451,0.18828729515410242,117.65226603996678
18.05,2.0,0.16894830394499946,0.16894830394499946,0.18825420836724707,117.64779207906611
18.06,2.0,0.16894095617548271,0.16894095617548271,0.1882211354574134,117.64331431104821
18.07,2.0,0.16893362781064142,0.16893362781064142,0.18818807490522244,117.63885959361774
18.08,2.0,0.16892630796661293,0.16892630796661293,0.18815503066094041,117.63440357222515
18.09,2.0,0.16891899536896116,0.16891899536896116,0.18812199496606521,117.6299451918469
18.1,2.0,0.16891170102421843,0.16891170102421843,0.1880889674791904,117.62548668565978
18.11,2.0,0.16890440545353064,0.16890440545353064,0.1880559642196581,117.62104662833575
18.12,2.0,0.1688971275343332,0.1688971275343332,0.1880229785034783,117.61661653391378
18.13,2.0,0.1688898472969188,0.1688898472969188,0.1879899880600644,117.61216974515882
18.14,2.0,0.16888258574587978,0.16888258574587978,0.1879570184278566,117.60775056974279
18.15,2.0,0.1688753317147954,0.1688753317147954,0.187924065464899,117.60333043044336
18.16,2.0,0.168868086912858,0.168868086912858,0.18789112078594528,117.59891034324383
18.17,2.0,0.1688608594464297,0.1688608594464297,0.18785818706482185,117.59450379907682
18.18,2.0,0.16885362949877458,0.16885362949877458,0.1878252706444122,117.59009180510373
18.19,2.0,0.16884641817112525,0.16884641817112525,0.1877923711610209,117.58570587830246
18.2,2.0,0.16883921512015088,0.16883921512015088,0.18775948377453192,117.58131771853621
18.21,2.0,0.16883201923663496,0.16883201923663496,0.18772660324480098,117.57691524897194
18.22,2.0,0.1688248308738205,0.1688248308738205,0.1876937397340205,117.5725419790289
18.23,2.0,0.16881765168153554,0.16881765168153554,0.1876608831562315,117.56815437589162
18.24,2.0,0.1688104803782751,0.1688104803782751,0.1876280520405836,117.56378387888272
18.25,2.0,0.16880332602698964,0.16880332602698964,0.18759522347229923,117.55941615092682
18.26,2.0,0.16879618011161462,0.16879618011161462,0.18756240962769014,117.55505668808551
18.27,2.0,0.1687890318118075,0.1687890318118075,0.1875296162739827,117.5507052082679
18.28,2.0,0.16878190205183294,0.16878190205183294,0.18749683800056186,117.54635806377877
18.29,2.0,0.16877479018410488,0.16877479018410488,0.18746406068603028,117.54201208961655
18.3,2.0,0.16876767592936726,0.16876767592936726,0.18743130392612153,117.5376648494029
18.31,2.0,0.1687605686574071,0.1687605686574071,0.187398549195575,117.53333683585417
18.32,2.0,0.16875347946855623,0.16875347946855623,0.1873658253474946,117.52901105459742
18.33,2.0,0.1687463993746328,0.1687463993746328,0.18733310890667176,117.52468987943453
18.34,2.0,0.16873931529287453,0.16873931529287453,0.1873003960494963,117.5203673063317
18.35,2.0,0.1687322500009359,0.1687322500009359,0.187267705766779,117.51605137495926
18.36,2.0,0.1687251920875157,0.1687251920875157,0.18723503124573235,117.51175447779826
18.37,2.0,0.16871815236345108,0.16871815236345108,0.18720236436501367,117.50744308835593
18.38,2.0,0.16871111015554988,0.16871111015554988,0.18716971346482178,117.50314878770877
18.39,2.0,0.1687040851890431,0.1687040851890431,0.18713707400327975,117.49886235963882
18.4,2.0,0.16869705828497297,0.16869705828497297,0.18710443973003069,117.49456814487992
18.41,2.0,0.1686900493561188,0.1686900493561188,0.18707183367619976,117.49028435803498
18.42,2.0,0.1686830485675798,0.1686830485675798,0.1870392367648616,117.48601619600936
18.43,2.0,0.16867606395723148,0.16867606395723148,0.18700664754706364,117.48174805601171
18.44,2.0,0.16866907796732936,0.16866907796732936,0.1869740775252139,117.47748384245897
18.45,2.0,0.16866209915833538,0.16866209915833538,0.18694151798667674,117.4732244044209
18.46,2.0,0.16865513906688506,0.16865513906688506,0.18690897946975124,117.46897896747575
18.47,2.0,0.16864817491279294,0.16864817491279294,0.18687644512164095,117.46471956438585
18.48,2.0,0.16864122914180793,0.16864122914180793,0.18684392445093378,117.46048319940054
18.49,2.0,0.1686342910047108,0.1686342910047108,0.18681142312138296,117.45624130834523
18.5,2.0,0.16862736977281,0.16862736977281,0.1867789240638562,117.4520080773221
18.51,2.0,0.1686204475141823,0.1686204475141823,0.18674645462981584,117.44778145423865
18.52,2.0,0.16861353114229158,0.16861353114229158,0.186713987598111,117.44356182228023
18.53,2.0,0.16860663328978243,0.16860663328978243,0.18668153623578962,117.43933123545962
18.54,2.0,0.16859973288737432,0.16859973288737432,0.18664910396216558,117.43513280409437
18.55,2.0,0.16859284973993907,0.16859284973993907,0.1866166799298888,117.4309285258057
18.56,2.0,0.1685859739065054,0.1685859739065054,0.18658427064678457,117.4267240013637
18.57,2.0,0.16857910549184882,0.16857910549184882,0.1865518749105431,117.42253126076672
18.58,2.0,0.1685722551559104,0.1685722551559104,0.1865194866908623,117.41833373900211
18.59,2.0,0.1685654015312946,0.1685654015312946,0.18648712106228088,117.41415035147863
18.6,2.0,0.16855855610705708,0.16855855610705708,0.18645476703922917,117.40997306068427
18.61,2.0,0.16855172714503244,0.16855172714503244,0.186422427515724,117.40580057090034
18.62,2.0,0.16854490597508698,0.16854490597508698,0.1863900879863096,117.40162387661213
18.63,2.0,0.16853809194082656,0.16853809194082656,0.18635778285577712,117.39746589536006
18.64,2.0,0.16853128577616286,0.16853128577616286,0.18632548001950325,117.39331114819501
18.65,2.0,0.1685244870966419,0.1685244870966419,0.18629319298979632,117.38914280635676
18.66,2.0,0.16851770470404573,0.16851770470404573,0.18626091986590612,117.3850057198133
18.67,2.0,0.1685109206905225,0.1685109206905225,0.18622866007158598,117.3808524430898
18.68,2.0,0.1685041529153536,0.1685041529153536,0.18619641077732474,117.37671754156719
18.69,2.0,0.16849738341591974,0.16849738341591974,0.1861641761308532,117.37258267337309
18.7,2.0,0.16849063173985004,0.16849063173985004,0.18613196667375292,117.36845630170744
18.71,2.0,0.16848388573343417,0.16848388573343417,0.18609975416852642,117.36433773310752
18.72,2.0,0.16847715728806412,0.16847715728806412,0.18606755942877112,117.36020712648721
18.73,2.0,0.16847042733594475,0.16847042733594475,0.18603538364014977,117.35609538307402
18.74,2.0,0.16846370361093257,0.16846370361093257,0.1860032208846947,117.35198873060689
18.75,2.0,0.1684569973231886,0.1684569973231886,0.18597107248132086,117.34789344210358
18.76,2.0,0.16845029727279043,0.16845029727279043,0.18593893540591488,117.3437833415486
18.77,2.0,0.1684436055553182,0.1684436055553182,0.18590681440626425,117.33970433502998
18.78,2.0,0.1684369110605687,0.1684369110605687,0.18587470279311102,117.33560443569635
18.79,2.0,0.16843024328567527,0.16843024328567527,0.18584261540056793,117.33153243705185
18.8,2.0,0.1684235721663115,0.1684235721663115,0.1858105253784901,117.3274447884456
18.81,2.0,0.16841690872674459,0.16841690872674459,0.18577845743719665,117.3233695106206
18.82,2.0,0.16841026270175047,0.16841026270175047,0.1857464055684197,117.31931062405377
18.83,2.0,0.16840361365624654,0.16840361365624654,0.1857143604627019,117.31524631550643
18.84,2.0,0.16839698152767005,0.16839698152767005,0.18568234388535684,117.31118965446261
18.85,2.0,0.168390357337502,0.168390357337502,0.18565033033814823,117.30713812447789
18.86,2.0,0.16838373961573705,0.16838373961573705,0.18561833514340606,117.3030927616801
18.87,2.0,0.1683771278879184,0.1683771278879184,0.18558634680713637,117.29904560426799
18.88,2.0,0.16837052474252936,0.16837052474252936,0.18555437800965824,117.29501020171736
18.89,2.0,0.16836393793342036,0.16836393793342036,0.185522423377787,117.29098111470903
18.9,2.0,0.16835735827057338,0.16835735827057338,0.18549047798169402,117.28695458184778
18.91,2.0,0.16835077484122402,0.16835077484122402,0.18545854697946895,117.28293985888197
18.92,2.0,0.1683442088186486,0.1683442088186486,0.18542663018306013,117.27891241311295
18.93,2.0,0.16833765037883572,0.16833765037883572,0.1853947352417156,117.27489959579074
18.94,2.0,0.16833109910611813,0.16833109910611813,0.1853628502919616,117.27089959079883
18.95,2.0,0.16832455388040568,0.16832455388040568,0.18533097198687531,117.26689469093937
18.96,2.0,0.16831802594862832,0.16831802594862832,0.1852991088936462,117.26289331534103
18.97,2.0,0.16831149463892703,0.16831149463892703,0.1852672674808076,117.25890640163092
18.98,2.0,0.16830498044881353,0.16830498044881353,0.18523543433302905,117.25490680200392
18.99,2.0,0.16829846358880196,0.16829846358880196,0.18520361656578319,117.2509331164758
19.0,2.0,0.16829196323405565,0.16829196323405565,0.18517181823880852,117.24695639163194
19.01,2.0,0.16828546967829955,0.16828546967829955,0.18514002165978374,117.2429848366959
19.02,2.0,0.16827898284013973,0.16827898284013973,0.18510824917908902,117.23901552514306
19.03,2.0,0.16827251312268066,0.16827251312268066,0.1850764851906823,117.23504927365869
19.04,2.0,0.1682660408409548,0.1682660408409548,0.18504473980271763,117.2310977569018
19.05,2.0,0.16825957473784742,0.16825957473784742,0.18501300521954925,117.22714345453063
19.06,2.0,0.16825312506448192,0.16825312506448192,0.1849812881471139,117.22318931981042
19.07,2.0,0.1682466826106248,0.1682466826106248,0.1849495830752107,117.21925485582896
19.08,2.0,0.16824024747721947,0.16824024747721947,0.1849178929329526,117.21531607640783
19.09,2.0,0.1682338184031943,0.1682338184031943,0.18488621033512584,117.21137880187442
19.1,2.0,0.16822739562114908,0.16822739562114908,0.18485454398385615,117.20745298753664
19.11,2.0,0.16822098046442732,0.16822098046442732,0.18482289940240323,117.20352860465674
19.12,2.0,0.1682145721402231,0.1682145721402231,0.18479125593110526,117.19960220125883
19.13,2.0,0.16820818053565365,0.16820818053565365,0.1847596385402426,117.19569109680106
19.14,2.0,0.16820179515427428,0.16820179515427428,0.18472803357538858,117.19178785945363
19.15,2.0,0.16819540672681568,0.16819540672681568,0.18469643383521053,117.18788077219398
19.16,2.0,0.16818903482162967,0.16818903482162967,0.18466485463744642,117.18397897231768
19.17,2.0,0.16818267020048344,0.16818267020048344,0.1846332896693055,117.18008558688032
19.18,2.0,0.16817631195050012,0.16817631195050012,0.1846017415156862,117.17619955078293
19.19,2.0,0.1681699599506707,0.1681699599506707,0.18457020674898744,117.17231888381188
19.2,2.0,0.1681636239747065,0.1681636239747065,0.18453867840269417,117.1684292336503
19.21,2.0,0.16815728565875607,0.16815728565875607,0.18450717572656278,117.16455717214308
19.22,2.0,0.16815096436782787,0.16815096436782787,0.18447567952630942,117.16069330799239
19.23,2.0,0.1681446491449526,0.1681446491449526,0.18444419164777698,117.15681478551879
19.24,2.0,0.16813834060466515,0.16813834060466515,0.18441272972608536,117.1529645758745
19.25,2.0,0.16813203807000549,0.16813203807000549,0.1843812744127663,117.14910437791188
19.26,2.0,0.16812574301547634,0.16812574301547634,0.18434983928039803,117.14525009635227
19.27,2.0,0.16811945425048935,0.16811945425048935,0.18431841896059578,117.1414119315408
19.28,2.0,0.1681131714543033,0.1681131714543033,0.184287004305351,117.13756623625909
19.29,2.0,0.16810690499904563,0.16810690499904563,0.1842556054838511,117.13373476019187
19.3,2.0,0.1681006358986283,0.1681006358986283,0.18422422392664708,117.12989164851608
19.31,2.0,0.16809438307688218,0.16809438307688218,0.18419285649369893,117.12607471016383
19.32,2.0,0.1680881376369605,0.1680881376369605,0.1841615066469878,117.12225245013245
19.33,2.0,0.16808189738359275,0.16808189738359275,0.18413016698038764,117.11843069964256
19.34,2.0,0.16807566433115984,0.16807566433115984,0.18409884175052926,117.11461493807288
19.35,2.0,0.16806943754019577,0.16806943754019577,0.18406753082192992,117.1108149274362
19.36,2.0,0.1680632169859411,0.1680632169859411,0.18403623352181286,117.10700418984281
19.37,2.0,0.16805701261776956,0.16805701261776956,0.18400494791259672,117.10320704303919
19.38,2.0,0.16805081585363948,0.16805081585363948,0.18397368647067153,117.09941426558065
19.39,2.0,0.1680446138534481,0.1680446138534481,0.18394242580343667,117.09562303341397
19.4,2.0,0.16803842916386266,0.16803842916386266,0.18391118044856158,117.0918301289784
19.41,2.0,0.1680322513585615,0.1680322513585615,0.18387996550676003,117.0880610467181
19.42,2.0,0.1680260791490428,0.1680260791490428,0.18384874799692166,117.08427661027665
19.43,2.0,0.16801991353322654,0.16801991353322654,0.1838175545898676,117.0805102747571
19.44,2.0,0.16801376480750474,0.16801376480750474,0.1837863645962093,117.07673989746291
19.45,2.0,0.1680076117017248,0.1680076117017248,0.18375520010433904,117.0729916057229
19.46,2.0,0.16800147548710995,0.16800147548710995,0.1837240391274464,117.06921867571361
19.47,2.0,0.16799533605916395,0.16799533605916395,0.18369290651766537,117.06547604464052
19.48,2.0,0.16798921150416254,0.16798921150416254,0.18366177900616806,117.0617248918814
19.49,2.0,0.16798309398427086,0.16798309398427086,0.18363065976158355,117.05798309114023
19.5,2.0,0.16797698297760666,0.16797698297760666,0.18359956256303386,117.05424602646217
19.51,2.0,0.16797087818007136,0.16797087818007136,0.18356847873728047,117.0505141576544
19.52,2.0,0.1679647798447078,0.1679647798447078,0.1835374136480046,117.04678733639236
19.53,2.0,0.16795869738047092,0.16795869738047092,0.1835063537180011,117.04305607224445
19.54,2.0,0.167952611331329,0.167952611331329,0.18347531368770648,117.0393412658686
19.55,2.0,0.16794654136241613,0.16794654136241613,0.18344428295463233,117.03562557669514
19.56,2.0,0.16794046800132306,0.16794046800132306,0.18341327579992944,117.03190855329875
19.57,2.0,0.16793472773032975,0.16793472773032975,0.18339135789846758,117.02582243288214
19.58,2.0,0.16792873007895964,0.16792873007895964,0.18336190539747416,117.02171475764992
19.59,2.0,0.1679227381870761,0.1679227381870761,0.18333248235991478,117.01761806612322
19.6,2.0,0.16791675435836748,0.16791675435836748,0.1833030955098817,117.01351960159795
19.61,2.0,0.16791077691495512,0.16791077691495512,0.18327372932807745,117.00940520958149
19.62,2.0,0.16790481643315996,0.16790481643315996,0.18324439792459998,117.00530380370947
19.63,2.0,0.1678988522916309,0.1678988522916309,0.18321508458838712,117.00120105608922
19.64,2.0,0.16789290478850413,0.16789290478850413,0.1831858236376203,116.99710363682956
19.65,2.0,0.16788696450034019,0.16788696450034019,0.18315657855383216,116.99300321041085
19.66,2.0,0.16788102969505708,0.16788102969505708,0.18312735525186688,116.98890201130453
19.67,2.0,0.16787509239158743,0.16787509239158743,0.1830981815272047,116.9847983871397
19.68,2.0,0.16786918218953195,0.16786918218953195,0.1830690194659063,116.98069331519176
19.69,2.0,0.1678632679096991,0.1678632679096991,0.18303989239298465,116.97659243857935
19.7,2.0,0.16785735987034417,0.16785735987034417,0.18301080704921274,116.9724929807535
19.71,2.0,0.16785145883395,0.16785145883395,0.18298173169270907,116.96839292111424
19.72,2.0,0.16784557505710604,0.16784557505710604,0.18295269810607845,116.9642967443668
19.73,2.0,0.16783969657324127,0.16783969657324127,0.18292368297977232,116.96019990670558
19.74,2.0,0.1678338152488594,0.1678338152488594,0.18289470975145403,116.95610427146535
19.75,2.0,0.1678279514694505,0.1678279514694505,0.18286575788374088,116.95199737594554
19.76,2.0,0.16782209254360614,0.16782209254360614,0.1828368406761369,116.94790703712
19.77,2.0,0.16781624115305901,0.16781624115305901,0.18280794701559402,116.94380888910054
19.78,2.0,0.1678104068917315,0.1678104068917315,0.18277909160393535,116.93971520041956
19.79,2.0,0.16780456788668724,0.16780456788668724,0.18275025431377076,116.93561831165698
19.8,2.0,0.16779873602694473,0.16779873602694473,0.18272145632683165,116.93152659622483
19.81,2.0,0.16779291947239514,0.16779291947239514,0.1826926768761006,116.92742679511296
19.82,2.0,0.16778711099840468,0.16778711099840468,0.18266393489177915,116.9233421656575
19.83,2.0,0.16778129771230793,0.16778129771230793,0.18263520919443152,116.91923921786972
19.84,2.0,0.16777550140679062,0.16777550140679062,0.18260651955423962,116.91514282867855
19.85,2.0,0.16776971203634033,0.16776971203634033,0.18257786337025703,116.91105695128905
19.86,2.0,0.16776392818324273,0.16776392818324273,0.18254923247605773,116.90695815555395
19.87,2.0,0.1677581510969334,0.1677581510969334,0.18252063028804094,116.90287140950885
19.88,2.0,0.1677523906401015,0.1677523906401015,0.1824920560854117,116.89877461173813
19.89,2.0,0.16774662710227856,0.16774662710227856,0.18246351554047976,116.89468809479335
19.9,2.0,0.1677408788211279,0.1677408788211279,0.18243499241861325,116.890605291457
19.91,2.0,0.16773512658298995,0.16773512658298995,0.18240650662610036,116.88650920384998
19.92,2.0,0.16772939215027338,0.16772939215027338,0.18237805392657125,116.88242291043619
19.93,2.0,0.16772366313113998,0.16772366313113998,0.1823496200759184,116.87833213293483
19.94,2.0,0.16771794080737776,0.16771794080737776,0.18232121680360625,116.87424314190683
19.95,2.0,0.16771222422027734,0.16771222422027734,0.18229284169965582,116.87015582253184
19.96,2.0,0.16770651410167536,0.16770651410167536,0.1822644907374389,116.86606050934752
19.97,2.0,0.16770082107125955,0.16770082107125955,0.1822361775008736,116.86197648236767
19.98,2.0,0.16769512335928172,0.16769512335928172,0.18220788474520533,116.85788968501119
19.99,2.0,0.1676894426936935,0.1676894426936935,0.1821796285854375,116.85380917140746
20.0,2.0,0.16768375733929142,0.16768375733929142,0.18215139275854045,116.84971685524035
20.01,2.0,0.16767808978648388,0.16767808978648388,0.18212318653197515,116.84563594397467
20.02,2.0,0.1676724270202315,0.1676724270202315,0.18209501201611275,116.84154571440988
20.03,2.0,0.16766677065744984,0.16766677065744984,0.18206685998837824,116.83746823979506
20.04,2.0,0.1676611213491622,0.1676611213491622,0.18203874547926271,116.83338493912416
20.05,2.0,0.1676554771282207,0.1676554771282207,0.18201064451709556,116.82930251746531
20.06,2.0,0.1676498402471651,0.1676498402471651,0.18198258931226874,116.82522468673794
20.07,2.0,0.16764421829736545,0.16764421829736545,0.18195454271938857,116.82114035789647
20.08,2.0,0.16763859349316926,0.16763859349316926,0.1819265369101455,116.81705762626439
20.09,2.0,0.1676329841737803,0.1676329841737803,0.18189855381294237,116.81298259973413
20.1,2.0,0.16762737154599827,0.16762737154599827,0.18187060218446055,116.80890589803418
20.11,2.0,0.16762177447712706,0.16762177447712706,0.18184267364181628,116.80482906615973
20.12,2.0,0.16761618419148722,0.16761618419148722,0.1818147769211842,116.80074839953187
20.13,2.0,0.16761059910743814,0.16761059910743814,0.18178689725267305,116.79666843964459
20.14,2.0,0.16760502119286064,0.16760502119286064,0.1817590587234553,116.79258497735992
20.15,2.0,0.16759944866317794,0.16759944866317794,0.18173124255327672,116.78850531958327
20.16,2.0,0.1675938919555645,0.1675938919555645,0.18170345716739292,116.78444385238757
20.17,2.0,0.1675883316491039,0.1675883316491039,0.1816756933394325,116.78036016671906
20.18,2.0,0.16758278789654205,0.16758278789654205,0.18164795622000626,116.77629105301855
20.19,2.0,0.16757724015524594,0.16757724015524594,0.18162025644741933,116.77220988274088
20.2,2.0,0.16757170753580164,0.16757170753580164,0.18159256933032655,116.76813457958075
20.21,2.0,0.16756618166650625,0.16756618166650625,0.181564915151237,116.7640651771674
20.22,2.0,0.16756066172770628,0.16756066172770628,0.1815372955782719,116.75999552705352
20.23,2.0,0.16755514731045215,0.16755514731045215,0.18150970072114794,116.75592027426725
20.24,2.0,0.1675496396196373,0.1675496396196373,0.18148213642490438,116.7518609346281
20.25,2.0,0.1675441370023688,0.1675441370023688,0.18145458585712507,116.74778838518239
20.26,2.0,0.1675386512349228,0.1675386512349228,0.18142706713620738,116.74371778091624
20.27,2.0,0.16753316136882268,0.16753316136882268,0.1813995846511321,116.73964881531008
20.28,2.0,0.1675276866766299,0.1675276866766299,0.18137211832889802,116.73558410327053
20.29,2.0,0.1675222089457549,0.1675222089457549,0.18134468818911353,116.73151698139172
20.3,2.0,0.16751674661397165,0.16751674661397165,0.1813172789438304,116.72744687951926
20.31,2.0,0.16751128979539848,0.16751128979539848,0.18128989441467894,116.72337748563609
20.32,2.0,0.16750583842843905,0.16750583842843905,0.18126253463656686,116.71930627533048
20.33,2.0,0.16750039404395758,0.16750039404395758,0.18123521124837544,116.71525105422883
20.34,2.0,0.16749495508723042,0.16749495508723042,0.18120791021772753,116.71118945980905
20.35,2.0,0.16748953285106533,0.16748953285106533,0.18118063938257928,116.70712471792075
20.36,2.0,0.16748410609800543,0.16748410609800543,0.1811533930727825,116.70305965973552
20.37,2.0,0.16747868454751746,0.16747868454751746,0.18112616452077054,116.69899307866403
20.38,2.0,0.16747327901902584,0.16747327901902584,0.18109897317422607,116.69493837785012
20.39,2.0,0.16746787895666412,0.16746787895666412,0.18107180543062162,116.69087756395088
20.4,2.0,0.1674624856625668,0.1674624856625668,0.18104466991869161,116.6868220466105
20.41,2.0,0.16745708768578355,0.16745708768578355,0.18101755433027933,116.68276668269313
20.42,2.0,0.1674517060547649,0.1674517060547649,0.18099046016072698,116.67870136100413
20.43,2.0,0.16744632933071865,0.16744632933071865,0.18096340063304225,116.67464597186661
20.44,2.0,0.1674409690755936,0.1674409690755936,0.1809363643568263,116.67058931460416
20.45,2.0,0.1674356034780215,0.1674356034780215,0.1809093579153555,116.66653051479388
20.46,2.0,0.16743024531726494,0.16743024531726494,0.18088237433506435,116.66248175178816
20.47,2.0,0.16742490167838345,0.16742490167838345,0.18085541571373479,116.65841922050589
20.48,2.0,0.16741955369855588,0.16741955369855588,0.18082848874546456,116.65437037617627
20.49,2.0,0.16741422197462288,0.16741422197462288,0.18080157732845498,116.65031357482053
20.5,2.0,0.1674088961289841,0.1674088961289841,0.18077470163422832,116.64626330211044
20.51,2.0,0.16740357590444715,0.16740357590444715,0.18074785432618692,116.64221321759885
20.52,2.0,0.16739826108894687,0.16739826108894687,0.18072102935996623,116.63816745669004
20.53,2.0,0.16739295152135944,0.16739295152135944,0.18069422214994654,116.63410814421458
20.54,2.0,0.16738764785329308,0.16738764785329308,0.180667451384043,116.63006014465833
20.55,2.0,0.1673823505924846,0.1673823505924846,0.18064070294147747,116.6260085575829
20.56,2.0,0.16737706862540955,0.16737706862540955,0.1806139748560528,116.62196214064413
20.57,2.0,0.16737178248732232,0.16737178248732232,0.18058728007362765,116.61791775002155
20.58,2.0,0.16736651073841247,0.16736651073841247,0.18056060676201138,116.61386989181742
20.59,2.0,0.1673612459241861,0.1673612459241861,0.18053397098957527,116.60983518900359
20.6,2.0,0.16735597622309084,0.16735597622309084,0.1805073498344693,116.60578541234591
20.61,2.0,0.1673507220747372,0.1673507220747372,0.18048075486543977,116.60174380298098
20.62,2.0,0.16734547434624666,0.16734547434624666,0.18045418277672715,116.59768746064604
20.63,2.0,0.1673402313866258,0.1673402313866258,0.1804276436952048,116.59365501380333
20.64,2.0,0.16733499404851232,0.16733499404851232,0.1804011333762377,116.5896149278881
20.65,2.0,0.16732977289498557,0.16732977289498557,0.18037463875930101,116.58557178624822
20.66,2.0,0.16732454654022202,0.16732454654022202,0.1803481786125546,116.58153577249986
20.67,2.0,0.16731932643979297,0.16731932643979297,0.18032173674428245,116.57749865169694
20.68,2.0,0.16731412082181538,0.16731412082181538,0.1802953192953076,116.57345434516095
20.69,2.0,0.16730892198702746,0.16730892198702746,0.18026893532422197,116.56941709954467
20.7,2.0,0.16730371719162657,0.16730371719162657,0.18024256418742893,116.56538215221565
20.71,2.0,0.16729852930599676,0.16729852930599676,0.18021622968406112,116.56134244800002
20.72,2.0,0.1672933459175211,0.1672933459175211,0.18018992065438197,116.55731109979591
20.73,2.0,0.16728816881596673,0.16728816881596673,0.1801636310004971,116.55327675325029
20.74,2.0,0.16728299614674358,0.16728299614674358,0.18013736501840968,116.5492443961409
20.75,2.0,0.167277840114671,0.167277840114671,0.18011112797161977,116.54521076269276
20.76,2.0,0.16727267855042816,0.16727267855042816,0.18008491619133243,116.54118788915879
20.77,2.0,0.16726752257643304,0.16726752257643304,0.18005873263365074,116.5371493782102
20.78,2.0,0.16726238299368776,0.16726238299368776,0.1800325710506584,116.53312504081173
20.79,2.0,0.16725723770950718,0.16725723770950718,0.18000642996780167,116.52909115888774
20.8,2.0,0.16725210887877215,0.16725210887877215,0.17998031269437248,116.5250581961265
20.81,2.0,0.167246985062317,0.167246985062317,0.17995423594617704,116.52104312924793
20.82,2.0,0.16724186638302413,0.16724186638302413,0.17992817458010002,116.51701386918461
20.83,2.0,0.16723675317171685,0.16723675317171685,0.17990213809639113,116.51299535845199
20.84,2.0,0.1672316451734796,0.1672316451734796,0.17987611922182242,116.50895734540244
20.85,2.0,0.16722654304572326,0.16722654304572326,0.17985013680875964,116.50494055805322
20.86,2.0,0.1672214451137335,0.1672214451137335,0.17982417161484657,116.50091156945017
20.87,2.0,0.16721636360924996,0.16721636360924996,0.17979822967384915,116.49689038556306
20.88,2.0,0.16721127806313085,0.16721127806313085,0.17977232563895565,116.4928755242282
20.89,2.0,0.16720620649231374,0.16720620649231374,0.17974643374217789,116.48885270491819
20.9,2.0,0.16720113043582438,0.16720113043582438,0.17972056876398884,116.4848314737542
20.91,2.0,0.16719606994267858,0.16719606994267858,0.17969473108634265,116.48081645083887
20.92,2.0,0.1671910148846177,0.1671910148846177,0.17966891758651715,116.47679091269444
20.93,2.0,0.1671859653247969,0.1671859653247969,0.17964313009921493,116.47278260832684
20.94,2.0,0.1671809211536123,0.1671809211536123,0.17961736551186427,116.46877318575855
20.95,2.0,0.16717588129235064,0.16717588129235064,0.17959162164883866,116.46474720695502
20.96,2.0,0.16717084724653708,0.16717084724653708,0.17956591129749674,116.46073567280864
20.97,2.0,0.16716581926726384,0.16716581926726384,0.17954021631219597,116.45671846639196
20.98,2.0,0.16716080588956433,0.16716080588956433,0.17951454995689317,116.45271249231689
20.99,2.0,0.16715578685039031,0.16715578685039031,0.17948890577258242,116.44869555551244
21.0,2.0,0.167150784265206,0.167150784265206,0.1794632859387225,116.44468473034838
21.01,2.0,0.16714577608081774,0.16714577608081774,0.17943769011058963,116.44067759313603
21.02,2.0,0.1671407835722188,0.1671407835722188,0.17941212508823684,116.43667509881168
21.03,2.0,0.16713579607853013,0.16713579607853013,0.1793865708446493,116.4326587458095
21.04,2.0,0.16713081454111592,0.16713081454111592,0.1793610576671957,116.4286560832753
21.05,2.0,0.16712583695861968,0.16712583695861968,0.17933555530552409,116.42465120088158
21.06,2.0,0.1671208660045498,0.1671208660045498,0.17931008296711376,116.42064828321534
21.07,2.0,0.16711589840678967,0.16711589840678967,0.17928463304220643,116.41664372559102
21.08,2.0,0.1671109371464193,0.1671109371464193,0.17925920321340638,116.4126396337586
21.09,2.0,0.16710599170299753,0.16710599170299753,0.17923381005619252,116.40863105617693
21.1,2.0,0.16710103910155305,0.16710103910155305,0.179208425183842,116.4046333060492
21.11,2.0,0.16709610314908674,0.16709610314908674,0.17918307052586774,116.40063392921883
21.12,2.0,0.16709116292677356,0.16709116292677356,0.17915774789485442,116.39663152514822
21.13,2.0,0.16708623682659332,0.16708623682659332,0.17913244218548446,116.39263513950884
21.14,2.0,0.16708131630773368,0.16708131630773368,0.179107165404729,116.38864583144415
21.15,2.0,0.16707640074986743,0.16707640074986743,0.17908189981376146,116.38464002975823
21.16,2.0,0.16707148994968551,0.16707148994968551,0.17905666667295655,116.38064158244923
21.17,2.0,0.16706658448594225,0.16706658448594225,0.1790314571559989,116.37665261901354
21.18,2.0,0.16706168427402696,0.16706168427402696,0.17900626723201593,116.37266195663274
21.19,2.0,0.1670567884668572,0.1670567884668572,0.17898110135717787,116.36867110223024
21.2,2.0,0.16705190840095416,0.16705190840095416,0.17895596699152935,116.36467406103746
21.21,2.0,0.16704702349684525,0.16704702349684525,0.17893085186551028,116.36067893387467
21.22,2.0,0.16704214285937294,0.16704214285937294,0.17890575690791063,116.3566988811899
21.23,2.0,0.16703727759733622,0.16703727759733622,0.1788806846825478,116.35270430383882
21.24,2.0,0.16703241820176948,0.16703241820176948,0.1788556481803812,116.34872200016531
21.25,2.0,0.16702756266886618,0.16702756266886618,0.17883062197255492,116.3447335691994
21.26,2.0,0.16702270253495444,0.16702270253495444,0.17880562029301633,116.34074201045016
21.27,2.0,0.16701786699441398,0.16701786699441398,0.17878064559868523,116.3367566293173
21.28,2.0,0.16701301678927985,0.16701301678927985,0.17875569580044778,116.33277661104012
21.29,2.0,0.1670081920377553,0.1670081920377553,0.17873077059580372,116.32879887133569
21.3,2.0,0.16700336157665654,0.16700336157665654,0.1787058653505383,116.32481096170117
21.31,2.0,0.16699853633894884,0.16699853633894884,0.17868098081407657,116.32083393777592
21.32,2.0,0.16699372650733654,0.16699372650733654,0.17865612010724036,116.31684950484043
21.33,2.0,0.16698891138668187,0.16698891138668187,0.17863129147933104,116.31287777347221
21.34,2.0,0.16698411039589942,0.16698411039589942,0.17860648047849345,116.30890123170326
21.35,2.0,0.16697930456712612,0.16697930456712612,0.17858168743778532,116.30492126889757
21.36,2.0,0.1669745144011134,0.1669745144011134,0.17855692407209886,116.30094968085122
21.37,2.0,0.16696972845316155,0.16696972845316155,0.1785321814503232,116.29696866066456
21.38,2.0,0.16696494772060644,0.16696494772060644,0.17850745786537647,116.2930000112292
21.39,2.0,0.1669601716362769,0.1669601716362769,0.1784827641918084,116.28902062701947
21.4,2.0,0.16695540062701564,0.16695540062701564,0.17845808718201994,116.28505424200156
21.41,2.0,0.16695063406519808,0.16695063406519808,0.17843343438454046,116.28108048340725
21.42,2.0,0.16694587283998508,0.16694587283998508,0.17840880578469764,116.27710774174743
21.43,2.0,0.16694112707519276,0.16694112707519276,0.17838420283311487,116.27314381258302
21.44,2.0,0.16693637480626042,0.16693637480626042,0.1783596261321559,116.2691785248065
21.45,2.0,0.16693163843048892,0.16693163843048892,0.1783350604202587,116.26521098275722
21.46,2.0,0.1669268966958757,0.1669268966958757,0.17831052511747253,116.26124019202139
21.47,2.0,0.16692216924117478,0.16692216924117478,0.17828601202776326,116.2572849609849
21.48,2.0,0.16691744700789451,0.16691744700789451,0.17826151838381096,116.2533118865357
21.49,2.0,0.16691272941926297,0.16691272941926297,0.1782370547996415,116.24935442425502
21.5,2.0,0.16690800679009923,0.16690800679009923,0.1782126053135042,116.24539691189909
21.51,2.0,0.16690330899562159,0.16690330899562159,0.17818819033076064,116.24143671864387
21.52,2.0,0.16689860591544767,0.16689860591544767,0.17816378246903822,116.23746286290046
21.53,2.0,0.1668939077595678,0.1668939077595678,0.17813941277411793,116.23351613206123
21.54,2.0,0.1668892144438247,0.1668892144438247,0.17811505332302652,116.22956204891635
21.55,2.0,0.16688452580644456,0.16688452580644456,0.17809072504537624,116.22559988061539
21.56,2.0,0.1668798510331871,0.1668798510331871,0.17806640727022485,116.22164521341732
21.57,2.0,0.16687517213586187,0.16687517213586187,0.17804212684663878,116.21770232523745
21.58,2.0,0.16687050722240748,0.16687050722240748,0.17801786039777878,116.21374715628968
21.59,2.0,0.1668658477608836,0.1668658477608836,0.17799361868356883,116.2097907633811
21.6,2.0,0.16686119233913682,0.16686119233913682,0.17796939311187338,116.20584125138656
21.61,2.0,0.16685653152162358,0.16685653152162358,0.17794519726125965,116.20188752254695
21.62,2.0,0.16685188574910306,0.16685188574910306,0.17792101716885025,116.19794342979094
21.63,2.0,0.16684724552750582,0.16684724552750582,0.17789686474300115,116.19398644825556
21.64,2.0,0.16684260856630379,0.16684260856630379,0.1778727349150384,116.19005083099077
21.65,2.0,0.16683798691104837,0.16683798691104837,0.17784862526275552,116.18610176189543
21.66,2.0,0.16683336038858398,0.16683336038858398,0.1778245350157712,116.18215319221844
21.67,2.0,0.16682873718825955,0.16682873718825955,0.17780046608502492,116.17820899139124
21.68,2.0,0.16682413055470152,0.16682413055470152,0.17777642792894396,116.17426675369381
21.69,2.0,0.16681951713888044,0.16681951713888044,0.17775240867124179,116.17033054741295
21.7,2.0,0.1668149188782278,0.1668149188782278,0.17772840849602642,116.166391270819
21.71,2.0,0.16681032505938218,0.16681032505938218,0.17770443310711245,116.16245074188434
21.72,2.0,0.1668057251818529,0.1668057251818529,0.17768047181903082,116.158509061305
21.73,2.0,0.16680114105832122,0.16680114105832122,0.1776565437283258,116.154575730178
21.74,2.0,0.1667965609001878,0.1667965609001878,0.17763262994582216,116.1506403366859
21.75,2.0,0.16679198616172214,0.16679198616172214,0.17760874035805482,116.14669744666467
21.76,2.0,0.16678741583050702,0.16678741583050702,0.1775848762307381,116.1427731290355
21.77,2.0,0.16678284833662818,0.16678284833662818,0.17756102285908248,116.13883563812044
21.78,2.0,0.1667782978792235,0.1667782978792235,0.17753721083957275,116.13490886955863
21.79,2.0,0.1667737401544101,0.1667737401544101,0.1775134071415012,116.13098074640453
21.8,2.0,0.16676918767814153,0.16676918767814153,0.17748962285548517,116.12704542048915
21.81,2.0,0.16676464976372923,0.16676464976372923,0.17746586957880484,116.12312797985028
21.82,2.0,0.16676010693000207,0.16676010693000207,0.177442131478005,116.11919607496952
21.83,2.0,0.16675557835895555,0.16675557835895555,0.17741841432776773,116.11526252744098
21.84,2.0,0.1667510542145328,0.1667510542145328,0.17739472489973077,116.11134923113592
21.85,2.0,0.16674652412773885,0.16674652412773885,0.17737105010950469,116.1074124102631
21.86,2.0,0.1667420083848535,0.1667420083848535,0.17734739866133312,116.10348915107728
21.87,2.0,0.16673749806650048,0.16673749806650048,0.177323774884137,116.09957176583558
21.88,2.0,0.166733001919072,0.166733001919072,0.17730016801050288,116.0956535150576
21.89,2.0,0.16672849970134054,0.16672849970134054,0.17727657525448504,116.09173682927735
21.9,2.0,0.16672400313415897,0.16672400313415897,0.17725301365433516,116.0878163848105
21.91,2.0,0.16671950986038117,0.16671950986038117,0.17722947463454194,116.0839015088991
21.92,2.0,0.16671502139447544,0.16671502139447544,0.17720594572780127,116.07998187052878
21.93,2.0,0.166710547523311,0.166710547523311,0.1771824459759604,116.07606705935113
21.94,2.0,0.16670606889494577,0.16670606889494577,0.17715896783887125,116.07214652035387
21.95,2.0,0.16670160344786786,0.16670160344786786,0.17713551014906692,116.06823963047049
21.96,2.0,0.16669714326108262,0.16669714326108262,0.1771120725766054,116.06432480809949
21.97,2.0,0.16669268760804593,0.16669268760804593,0.1770886645431358,116.06042313640746
21.98,2.0,0.16668822563017124,0.16668822563017124,0.17706526351869661,116.05650629408088
21.99,2.0,0.16668377848593183,0.16668377848593183,0.17704189862638733,116.05260513625916
22.0,2.0,0.16667933520061304,0.16667933520061304,0.17701854401217015,116.04869669111046
22.01,2.0,0.16667489698516974,0.16667489698516974,0.17699520719312767,116.04479187504853
22.02,2.0,0.16667047351806719,0.16667047351806719,0.17697190413124206,116.04088632544413
22.03,2.0,0.16666604312517477,0.16666604312517477,0.17694861815221546,116.03698782624042
22.04,2.0,0.16666161785195976,0.16666161785195976,0.17692534995024575,116.0330804127451
22.05,2.0,0.166657197767128,0.166657197767128,0.17690210301571987,116.0291829904561
22.06,2.0,0.16665279097906935,0.16665279097906935,0.17687887704911073,116.02528408552375
22.07,2.0,0.16664837857004997,0.16664837857004997,0.17685567692589801,116.02138043435139
22.08,2.0,0.16664398134163882,0.16664398134163882,0.1768324958842841,116.01748390672225
22.09,2.0,0.1666395870351515,0.1666395870351515,0.17680932866264792,116.01358866497068
22.1,2.0,0.16663519828572496,0.16663519828572496,0.17678619037047305,116.00969355115964
22.11,2.0,0.1666308035612394,0.1666308035612394,0.176763067864842,116.00580146695319
22.12,2.0,0.16662642310880765,0.16662642310880765,0.1767399686873962,116.00190734387607
22.13,2.0,0.16662204706408332,0.16662204706408332,0.1767168942810652,115.998016471072
22.14,2.0,0.16661767498990718,0.16661767498990718,0.17669383364171634,115.99412712299981
22.15,2.0,0.16661331825773432,0.16661331825773432,0.1766707968506076,115.99023763189888
22.16,2.0,0.1666089548528674,0.1666089548528674,0.17664778466013192,115.98635518520334
22.17,2.0,0.16660459614155848,0.16660459614155848,0.17662477979961233,115.98245972949415
22.18,2.0,0.16660024101884843,0.16660024101884843,0.17660180505213094,115.97857249144198
22.19,2.0,0.16659590111346154,0.16659590111346154,0.17657885066445683,115.97469323812733
22.2,2.0,0.1665915546349073,0.1665915546349073,0.17655592380930876,115.97081241617812
22.21,2.0,0.16658722287279068,0.16658722287279068,0.17653300449152798,115.96692601410015
22.22,2.0,0.16658289561391412,0.16658289561391412,0.17651011287689428,115.96304297171267
22.23,2.0,0.1665785722751205,0.1665785722751205,0.17648723376788952,115.95915592303851
22.24,2.0,0.16657424259027556,0.16657424259027556,0.1764643887762915,115.95528903025827
22.25,2.0,0.166569927952059,0.166569927952059,0.17644155937818257,115.9514043401813
22.26,2.0,0.16656561721237065,0.16656561721237065,0.17641874192903872,115.94751818384285
22.27,2.0,0.1665613108756842,0.1665613108756842,0.1763959523675754,115.94365227451722
22.28,2.0,0.16655701875613377,0.16655701875613377,0.17637318192135606,115.939777613583
22.29,2.0,0.16655272081461417,0.16655272081461417,0.17635043201223422,115.9359104293054
22.3,2.0,0.16654842701189856,0.16654842701189856,0.1763277010128806,115.93203399517098
22.31,2.0,0.1665441373730453,0.1665441373730453,0.17630498966087235,115.9281558886484
22.32,2.0,0.16653986204357574,0.16653986204357574,0.17628230161936945,115.92429149165325
22.33,2.0,0.16653558081940717,0.16653558081940717,0.17625963357646315,115.92042115381997
22.34,2.0,0.16653131376904065,0.16653131376904065,0.17623698353547793,115.91655816873767
22.35,2.0,0.16652704080960254,0.16652704080960254,0.1762143516566831,115.91268912692239
22.36,2.0,0.16652278240042614,0.16652278240042614,0.17619175006555307,115.90882027848893
22.37,2.0,0.1665185268432104,0.1665185268432104,0.17616915936147606,115.90496154119148
22.38,2.0,0.16651427668813187,0.16651427668813187,0.17614659521431977,115.90110079062993
22.39,2.0,0.16651003052494398,0.16651003052494398,0.17612404594823564,115.89724252799587
22.4,2.0,0.16650578846865396,0.16650578846865396,0.17610151633148535,115.89338414860147
22.41,2.0,0.16650154947252083,0.16650154947252083,0.17607900218576214,115.88951595070138
22.42,2.0,0.16649731601705442,0.16649731601705442,0.17605651864232674,115.88566793831559
22.43,2.0,0.16649308649185177,0.16649308649185177,0.17603404829348382,115.88180544787653
22.44,2.0,0.16648887028776996,0.16648887028776996,0.17601160187982953,115.87794556391955
22.45,2.0,0.16648464916838754,0.16648464916838754,0.17598917359366154,115.87409807559888
22.46,2.0,0.16648044148944996,0.16648044148944996,0.17596677269854716,115.87024960479293
22.47,2.0,0.16647622750891042,0.16647622750891042,0.17594437895993037,115.86639450418349
22.48,2.0,0.1664720289692596,0.1664720289692596,0.17592201255888631,115.86254842043965
22.49,2.0,0.16646782334910903,0.16646782334910903,0.1758996597369399,115.85869211846286
22.5,2.0,0.16646363208495346,0.16646363208495346,0.1758773319125018,115.85484360538601
22.51,2.0,0.1664594448686268,0.1664594448686268,0.17585502080409166,115.85099806485371
22.52,2.0,0.16645526052623907,0.16645526052623907,0.1758327229435402,115.84714070348846
22.53,2.0,0.1664510819915659,0.1664510819915659,0.1758104621041054,115.84331088783173
22.54,2.0,0.1664469073362687,0.1664469073362687,0.17578821321430319,115.83946683342327
22.55,2.0,0.16644273580271873,0.16644273580271873,0.17576598328616347,115.83563036594047
22.56,2.0,0.1664385691535693,0.1664385691535693,0.17574376543721656,115.83178682739816
22.57,2.0,0.1664344060337887,0.1664344060337887,0.17572157826079265,115.8279435337386
22.58,2.0,0.1664302569821459,0.1664302569821459,0.1756994079915213,115.82411211076197
22.59,2.0,0.16642610200523122,0.16642610200523122,0.1756772558850058,115.82026889386798
22.6,2.0,0.1664219613193363,0.1664219613193363,0.17565512710601308,115.81642942089665
22.61,2.0,0.16641781337965914,0.16641781337965914,0.1756330071726459,115.81259492564966
22.62,2.0,0.16641368103744,0.16641368103744,0.1756109193272848,115.80876546576232
22.63,2.0,0.16640955148510372,0.16640955148510372,0.17558884109165235,115.80493618833107
22.64,2.0,0.16640541715182997,0.16640541715182997,0.17556678519367394,115.80110639355343
22.65,2.0,0.16640129610511709,0.16640129610511709,0.17554475264191835,115.79727171525151
22.66,2.0,0.16639717815346983,0.16639717815346983,0.17552273849533953,115.79344410560641
22.67,2.0,0.16639306511214025,0.16639306511214025,0.1755007373772272,115.78961761398564
22.68,2.0,0.1663889555792704,0.1663889555792704,0.17547876653960742,115.7858022729744
22.69,2.0,0.16638485071234657,0.16638485071234657,0.17545680176979314,115.78196835629414
22.7,2.0,0.16638074930796082,0.16638074930796082,0.1754348660025831,115.77814479409297
22.71,2.0,0.1663766518942009,0.1663766518942009,0.17541294569028457,115.77433110653797
22.72,2.0,0.16637256776246515,0.16637256776246515,0.17539104872436645,115.7705042400244
22.73,2.0,0.16636847843443606,0.16636847843443606,0.17536916236913494,115.76667997110239
22.74,2.0,0.16636440232364713,0.16636440232364713,0.17534729754201353,115.76286180859425
22.75,2.0,0.16636032056545677,0.16636032056545677,0.17532545913300907,115.75904966136835
22.76,2.0,0.16635625284426095,0.16635625284426095,0.1753036370748257,115.75524169526221
22.77,2.0,0.1663521791615,0.1663521791615,0.17528183247496817,115.75142124539121
22.78,2.0,0.16634811860640863,0.16634811860640863,0.1752600455044249,115.74760087309465
22.79,2.0,0.166344062231345,0.166344062231345,0.17523828096775063,115.74378973528982
22.8,2.0,0.16634001000645623,0.16634001000645623,0.17521653661993947,115.73998069985261
22.81,2.0,0.16633596156564037,0.16633596156564037,0.17519480199541831,115.7361623924746
22.82,2.0,0.1663319166586027,0.1663319166586027,0.17517309863343922,115.73236874548206
22.83,2.0,0.16632787663679297,0.16632787663679297,0.17515140787528732,115.72856324844633
22.84,2.0,0.16632383951377439,0.16632383951377439,0.17512973023222345,115.72475240686546
22.85,2.0,0.1663198056395431,0.1663198056395431,0.1751080757448696,115.72094643914778
22.86,2.0,0.1663157869378474,0.1663157869378474,0.17508644161888617,115.71714150351268
22.87,2.0,0.16631176145814722,0.16631176145814722,0.17506483044133786,115.71334761071583
22.88,2.0,0.1663077398747667,0.1663077398747667,0.17504323232766655,115.70953748829372
22.89,2.0,0.1663037315048805,0.1663037315048805,0.17502165590689261,115.70573543902789
22.9,2.0,0.16629971719435468,0.16629971719435468,0.17500009638629652,115.7019458182721
22.91,2.0,0.1662957169268324,0.1662957169268324,0.17497855505322196,115.69814673786456
22.92,2.0,0.16629172096208913,0.16629172096208913,0.17495703849492567,115.69434960611727
22.93,2.0,0.1662808038330923,0.1662808038330923,0.1747372559897587,115.64279505921392
22.94,2.0,0.16627636708831425,0.16627636708831425,0.17470320720111068,115.63596059885758
22.95,2.0,0.16627194307626614,0.16627194307626614,0.17466919513348356,115.62913622813485
22.96,2.0,0.16626752446586796,0.16626752446586796,0.1746352106903992,115.62230627409251
22.97,2.0,0.16626310923986648,0.16626310923986648,0.1746012521164303,115.61547317766436
22.98,2.0,0.16625869861438428,0.16625869861438428,0.1745673283345307,115.60865930677932
22.99,2.0,0.1662543011247669,0.1662543011247669,0.17453342419980158,115.601829864215
23.0,2.0,0.16624989827111034,0.16624989827111034,0.1744995550461527,115.59501118030404
23.01,2.0,0.1662454996726614,0.1662454996726614,0.17446570946380183,115.58819848730452
23.02,2.0,0.16624110559285513,0.16624110559285513,0.17443189501395714,115.58137924130578
23.03,2.0,0.16623672503580816,0.16623672503580816,0.1743981113604695,115.57457013628645
23.04,2.0,0.16623233897305173,0.16623233897305173,0.17436435732557826,115.56775856504743
23.05,2.0,0.1662279663257007,0.1662279663257007,0.1743306324242384,115.56094581600632
23.06,2.0,0.16622359813549278,0.16622359813549278,0.17429693696393816,115.55415172470452
23.07,2.0,0.16621922416559753,0.16621922416559753,0.17426326470400802,115.54733594810958
23.08,2.0,0.16621486381688588,0.16621486381688588,0.17422962614566784,115.540536474756
23.09,2.0,0.1662105080284681,0.1662105080284681,0.1741960186646251,115.5337426946241
23.1,2.0,0.16620615647978482,0.16620615647978482,0.17416243583857813,115.52694370808274
23.11,2.0,0.1662018080571107,0.1662018080571107,0.17412887310983696,115.52013606635575
23.12,2.0,0.1661974646318976,0.1661974646318976,0.1740953553982517,115.51335307205447
23.13,2.0,0.1661931240045424,0.1661931240045424,0.17406184842122738,115.50655016620878
23.14,2.0,0.1661887881764242,0.1661887881764242,0.1740283794556549,115.49975974638234
23.15,2.0,0.16618445668728027,0.16618445668728027,0.17399493806666072,115.49297385225343
23.16,2.0,0.16618013879360338,0.16618013879360338,0.17396152978002197,115.48618637334963
23.17,2.0,0.16617581517589347,0.16617581517589347,0.17392814645894622,115.47940878177069
23.18,2.0,0.16617149492236657,0.16617149492236657,0.17389479017505372,115.47262360998221
23.19,2.0,0.1661671892018128,0.1661671892018128,0.1738614638447344,115.46584120792828
23.2,2.0,0.16616287781619532,0.16616287781619532,0.17382816557830194,115.45907574433498
23.21,2.0,0.16615857985628205,0.16615857985628205,0.17379489563755496,115.4522973071909
23.22,2.0,0.16615428611105298,0.16615428611105298,0.17376164846807313,115.44551433325812
23.23,2.0,0.1661499960793207,0.1661499960793207,0.17372843707022842,115.43874762574346
23.24,2.0,0.1661457003938636,0.1661457003938636,0.1736952541236555,115.43198443961643
23.25,2.0,0.1661414188296635,0.1661414188296635,0.17366209079929518,115.42521967176098
23.26,2.0,0.1661371409054166,0.1661371409054166,0.17362896254380286,115.4184507172487
23.27,2.0,0.16613286650667441,0.16613286650667441,0.17359586474821267,115.41168323186537
23.28,2.0,0.1661285963544391,0.1661285963544391,0.17356279208506725,115.40493039812553
23.29,2.0,0.16612433051905232,0.16612433051905232,0.17352974523589107,115.39817055517364
23.3,2.0,0.16612007831005438,0.16612007831005438,0.1734967312649571,115.39141474525532
23.31,2.0,0.16611581936329572,0.16611581936329572,0.17346374349972526,115.38466986769058
23.32,2.0,0.16611156564933724,0.16611156564933724,0.17343077913888327,115.37791147927767
23.33,2.0,0.16610732539017792,0.16610732539017792,0.17339784413709508,115.37115671968574
23.34,2.0,0.1661030786894228,0.1661030786894228,0.17336494118538576,115.36442294756641
23.35,2.0,0.16609884621102344,0.16609884621102344,0.17333206225830472,115.35766907264289
23.36,2.0,0.16609460732570377,0.16609460732570377,0.17329921774736237,115.35093030386022
23.37,2.0,0.1660903815349903,0.1660903815349903,0.17326639100987595,115.34419084787739
23.38,2.0,0.16608616126613632,0.16608616126613632,0.17323359739093397,115.33744862179728
23.39,2.0,0.16608194438942422,0.16608194438942422,0.1732008319591842,115.33071145242991
23.4,2.0,0.16607772108003027,0.16607772108003027,0.17316809893792515,115.32398682469851
23.41,2.0,0.16607351185317154,0.16607351185317154,0.17313538602859405,115.31725754323631
23.42,2.0,0.16606930586918742,0.16606930586918742,0.17310269708078707,115.31051337990088
23.43,2.0,0.16606510490525375,0.16606510490525375,0.17307005298382516,115.30380560021932
23.44,2.0,0.16606090658605221,0.16606090658605221,0.17303741708329637,115.29706984632047
23.45,2.0,0.1660567229242692,0.1660567229242692,0.17300481648752208,115.29035311696897
23.46,2.0,0.16605253278560425,0.16605253278560425,0.17297224714053125,115.28363582120383
23.47,2.0,0.16604834598159113,0.16604834598159113,0.17293970579174564,115.27691622291107
23.48,2.0,0.16604416431536811,0.16604416431536811,0.17290718538728636,115.27020298758916
23.49,2.0,0.16603999530330588,0.16603999530330588,0.1728746990403078,115.2634840275368
23.5,2.0,0.16603582033633688,0.16603582033633688,0.17284223291588316,115.25677234760398
23.51,2.0,0.16603165985586082,0.16603165985586082,0.172809797297866,115.25006637748098
23.52,2.0,0.16602749191319738,0.16602749191319738,0.1727773935047987,115.24336198150823
23.53,2.0,0.16602333916701045,0.16602333916701045,0.17274501321347116,115.23665280206923
23.54,2.0,0.16601919004614726,0.16601919004614726,0.1727126667108036,115.22995949023888
23.55,2.0,0.1660150438699703,0.1660150438699703,0.17268033715784403,115.22325090109021
23.56,2.0,0.16601090206867875,0.16601090206867875,0.17264803551870658,115.21655299528933
23.57,2.0,0.16600675406960286,0.16600675406960286,0.17261577330856154,115.20986443009136
23.58,2.0,0.1660026188527619,0.1660026188527619,0.17258352291629228,115.203169174761
23.59,2.0,0.16599848850218893,0.16599848850218893,0.17255131324459952,115.19647514715838
23.6,2.0,0.1659943710989073,0.1659943710989073,0.17251912014661824,115.1897937351559
23.61,2.0,0.16599024820085936,0.16599024820085936,0.17248695929786903,115.18309854105848
23.62,2.0,0.1659861285964944,0.1659861285964944,0.17245482287587635,115.17641787000166
23.63,2.0,0.1659820132578665,0.1659820132578665,0.17242271266188855,115.169740181796
23.64,2.0,0.16597791166474019,0.16597791166474019,0.17239063932254728,115.16305516072707
23.65,2.0,0.1659738030226925,0.1659738030226925,0.17235858378592092,115.15638193868703
23.66,2.0,0.16596969877367135,0.16596969877367135,0.1723265555352951,115.14970335674957
23.67,2.0,0.16596560783199352,0.16596560783199352,0.17229455427041127,115.14302782979762
23.68,2.0,0.1659615112303056,0.1659615112303056,0.17226258063190833,115.13636050718313
23.69,2.0,0.1659574273313639,0.1659574273313639,0.17223064277931055,115.12969362109564
23.7,2.0,0.16595334818261454,0.16595334818261454,0.17219871641995876,115.12302031228649
23.71,2.0,0.16594927199150603,0.16594927199150603,0.17216683370275246,115.11636558784447
23.72,2.0,0.16594519966985954,0.16594519966985954,0.17213496597527791,115.10970310647815
23.73,2.0,0.16594112183275306,0.16594112183275306,0.1721031287941847,115.10304106934811
23.74,2.0,0.16593705631645186,0.16593705631645186,0.17207131913694984,115.09638775254378
23.75,2.0,0.16593299526982555,0.16593299526982555,0.1720395391093097,115.08973304801044
23.76,2.0,0.16592893829412192,0.16592893829412192,0.17200777989736799,115.0830781227747
23.77,2.0,0.16592489444043035,0.16592489444043035,0.17197604121246882,115.07642801752264
23.78,2.0,0.1659208444117646,0.1659208444117646,0.17194434295847047,115.06977795395632
23.79,2.0,0.1659167974325024,0.1659167974325024,0.1719126649987837,115.06313145292832
23.8,2.0,0.1659127549768946,0.1659127549768946,0.17188101829598573,115.0564970100517
23.81,2.0,0.16590872571726645,0.16590872571726645,0.17184939558907555,115.04985456242856
23.82,2.0,0.16590469091479756,0.16590469091479756,0.1718178027912755,115.04321738953438
23.83,2.0,0.1659006689609333,0.1659006689609333,0.1717862240698733,115.03657622559116
23.84,2.0,0.16589664060395345,0.16589664060395345,0.1717546793435244,115.02994623975495
23.85,2.0,0.16589262556150858,0.16589262556150858,0.1717231620639735,115.02330956073601
23.86,2.0,0.16588860489028656,0.16588860489028656,0.1716916722972248,115.01668260166869
23.87,2.0,0.16588459759632537,0.16588459759632537,0.17166021180131558,115.01005279680481
23.88,2.0,0.16588059369759572,0.16588059369759572,0.17162877906619858,115.00343621341868
23.89,2.0,0.16587659372089408,0.16587659372089408,0.17159736306511536,114.99681292083783
23.9,2.0,0.16587259715680588,0.16587259715680588,0.17156597535458107,114.99018517190305
23.91,2.0,0.1658686038393845,0.1658686038393845,0.17153461375450876,114.98356646239077
23.92,2.0,0.16586461513846418,0.16586461513846418,0.17150328626300115,114.97696152019623
23.93,2.0,0.1658606295414504,0.1658606295414504,0.17147197954656612,114.97033646648462
23.94,2.0,0.1658566471891055,0.1658566471891055,0.17144069892464603,114.96372496483436
23.95,2.0,0.16585266845043217,0.16585266845043217,0.17140945243029082,114.95712987606593
23.96,2.0,0.16584869364856875,0.16584869364856875,0.17137822318949558,114.95052015033284
23.97,2.0,0.1658447322991213,0.1658447322991213,0.1713470229661091,114.94390833625224
23.98,2.0,0.16584076400601938,0.16584076400601938,0.17131584402300007,114.93731171756035
23.99,2.0,0.1658368094321201,0.1658368094321201,0.1712847017685741,114.93071242465614
24.0,2.0,0.16583284882460347,0.16583284882460347,0.17125357819298417,114.9241287986314
24.01,2.0,0.1658288916856547,0.1658288916856547,0.17122248468416187,114.91752846601639
24.02,2.0,0.16582494765042136,0.16582494765042136,0.17119141155315767,114.91092641958456
24.03,2.0,0.1658210080152262,0.1658210080152262,0.17116036903588597,114.90434366745248
24.04,2.0,0.1658170706599054,0.1658170706599054,0.1711293512811797,114.89775401943095
24.05,2.0,0.16581312735636308,0.16581312735636308,0.17109835471823528,114.89116632353
24.06,2.0,0.16580919884528358,0.16580919884528358,0.1710673969987895,114.88458027625555
24.07,2.0,0.16580527222424268,0.16580527222424268,0.1710364554471862,114.87801062721398
24.08,2.0,0.16580134979844655,0.16580134979844655,0.17100553619195188,114.87142415481172
24.09,2.0,0.16579743118152462,0.16579743118152462,0.17097465813294252,114.86485955470926
24.1,2.0,0.16579351514615048,0.16579351514615048,0.1709437873955029,114.85828095106014
24.11,2.0,0.16578960266870724,0.16578960266870724,0.17091294943902824,114.85170363730988
24.12,2.0,0.1657856947507312,0.1657856947507312,0.1708821467821889,114.84513431310222
24.13,2.0,0.1657817999338021,0.1657817999338021,0.1708513633296888,114.83857346895131
24.14,2.0,0.16577789846264318,0.16577789846264318,0.17082060840750773,114.83201296725211
24.15,2.0,0.16577399987635996,0.16577399987635996,0.17078986955933415,114.82544617611012
24.16,2.0,0.16577011591517757,0.16577011591517757,0.1707591649158647,114.81889220307804
24.17,2.0,0.16576622427766405,0.16576622427766405,0.17072848826496878,114.81233806278657
24.18,2.0,0.16576234663217732,0.16576234663217732,0.1706978302195615,114.80578047948265
24.19,2.0,0.16575846223137247,0.16575846223137247,0.17066719663110075,114.79921979098265
24.2,2.0,0.16575459098140144,0.16575459098140144,0.1706365862744455,114.79266954896474
24.21,2.0,0.16575072444866415,0.16575072444866415,0.17060601336077816,114.7861332737239
24.22,2.0,0.16574686012161724,0.16574686012161724,0.17057546460786743,114.77958917558281
24.23,2.0,0.1657429896482309,0.1657429896482309,0.17054493161145473,114.77303412120699
24.24,2.0,0.16573913281362923,0.16573913281362923,0.17051443338526687,114.76649852222141
24.25,2.0,0.16573527908552207,0.16573527908552207,0.1704839564688944,114.75996154410053
24.26,2.0,0.16573142849256983,0.16573142849256983,0.17045350293738942,114.75343046620172
24.27,2.0,0.16572758241356753,0.16572758241356753,0.17042308111785395,114.74689258154318
24.28,2.0,0.16572373861800688,0.16572373861800688,0.17039268576951877,114.74037403404367
24.29,2.0,0.16571989845071333,0.16571989845071333,0.17036229927700552,114.73383142071958
24.3,2.0,0.1657160721850717,0.1657160721850717,0.170331955172016,114.7273071163308
24.31,2.0,0.16571223899118503,0.16571223899118503,0.17030163198952863,114.72078650205589
24.32,2.0,0.16570840901732345,0.16570840901732345,0.170271334699516,114.71426705626382
24.33,2.0,0.1657045932910152,0.1657045932910152,0.17024106105825978,114.70774711832208
24.34,2.0,0.16570076987692173,0.16570076987692173,0.1702108153192072,114.7012315973705
24.35,2.0,0.16569695057918826,0.16569695057918826,0.1701805924899405,114.69471524469476
24.36,2.0,0.16569314352625378,0.16569314352625378,0.17015039337972745,114.68820190522288
24.37,2.0,0.16568933174648584,0.16568933174648584,0.17012022093746443,114.68169362029076
24.38,2.0,0.1656855322884633,0.1656855322884633,0.170090075677299,114.67517940688333
24.39,2.0,0.16568173602718428,0.16568173602718428,0.170059955732003,114.66868272124626
24.4,2.0,0.16567794281596387,0.16567794281596387,0.17002985445941682,114.66217599562012
24.41,2.0,0.16567414318175164,0.16567414318175164,0.16999978871513607,114.65567392081664
24.42,2.0,0.16567035748028117,0.16567035748028117,0.16996974018715025,114.64918334269008
24.43,2.0,0.16566657507099983,0.16566657507099983,0.1699397173093515,114.64268799715906
24.44,2.0,0.1656627948962069,0.1656627948962069,0.1699097197205715,114.63618769252565
24.45,2.0,0.16565901923842394,0.16565901923842394,0.16987975541979672,114.62970100440752
24.46,2.0,0.1656552463051663,0.1656552463051663,0.16984980299927854,114.62321171311851
24.47,2.0,0.16565147710915948,0.16565147710915948,0.16981988903197698,114.61673616216504
24.48,2.0,0.16564772084458051,0.16564772084458051,0.16978999115268897,114.61024969054982
24.49,2.0,0.1656439577392318,0.1656439577392318,0.16976011816331765,114.60376933647191
24.5,2.0,0.1656401989270159,0.1656401989270159,0.16973027090008214,114.59728735702522
24.51,2.0,0.16563645265219398,0.16563645265219398,0.16970045717015345,114.59081823353019
24.52,2.0,0.16563269919218673,0.16563269919218673,0.16967065729037556,114.58434714430162
24.53,2.0,0.16562894979269258,0.16562894979269258,0.16964087894673055,114.57786750001227
24.54,2.0,0.16562521397733934,0.16562521397733934,0.169611134248478,114.57139948200224
24.55,2.0,0.16562148050536388,0.16562148050536388,0.1695814181048384,114.56494122965708
24.56,2.0,0.1656177409285793,0.1656177409285793,0.16955171811383601,114.55847477844728
24.57,2.0,0.1656140147646486,0.1656140147646486,0.16952204811712487,114.5520104925606
24.58,2.0,0.1656102915168555,0.1656102915168555,0.169492395635984,114.54554735348697
24.59,2.0,0.16560656179240288,0.16560656179240288,0.16946277617820765,114.53909701355151
24.6,2.0,0.1656028452746741,0.1656028452746741,0.16943318085154066,114.53264083803799
24.61,2.0,0.16559913177621224,0.16559913177621224,0.16940360482498124,114.52618910566213
24.62,2.0,0.16559542147857076,0.16559542147857076,0.1693740545150037,114.51974043385519
24.63,2.0,0.16559171454234342,0.16559171454234342,0.16934453212395545,114.5132922820245
24.64,2.0,0.16558801054108413,0.16558801054108413,0.16931502665836598,114.50685059679353
24.65,2.0,0.16558431094146714,0.16558431094146714,0.16928555144265137,114.50040621581361
24.66,2.0,0.16558061372275867,0.16558061372275867,0.169256106000996,114.49397439653214
24.67,2.0,0.16557692938191704,0.16557692938191704,0.16922667656415122,114.48753099829311
24.68,2.0,0.16557323823231224,0.16557323823231224,0.16919727076706553,114.48109562822721
24.69,2.0,0.165569551667681,0.165569551667681,0.16916790052179045,114.47466105896423
24.7,2.0,0.16556587697559516,0.16556587697559516,0.16913854502092096,114.46823845394727
24.71,2.0,0.1655621955533598,0.1655621955533598,0.16910921665021075,114.46180828516206
24.72,2.0,0.16555852841314087,0.16555852841314087,0.16907991467056002,114.45538783100478
24.73,2.0,0.16555485333855535,0.16555485333855535,0.1690506352448197,114.44896172541033
24.74,2.0,0.1655511923621754,0.1655511923621754,0.1690213757777237,114.44254773804866
24.75,2.0,0.16554752395906536,0.16554752395906536,0.16899215223348174,114.43612891147518
24.76,2.0,0.1655438683429342,0.1655438683429342,0.1689629410081027,114.42971109443991
24.77,2.0,0.16554021708192007,0.16554021708192007,0.16893375885531342,114.4232979668797
24.78,2.0,0.1655365680729338,0.1655365680729338,0.16890460294060117,114.4168912918024
24.79,2.0,0.16553291306371018,0.16553291306371018,0.16887546765968958,114.41048299144435
24.8,2.0,0.16552927029391185,0.16552927029391185,0.16884635656877797,114.4040726946173
24.81,2.0,0.16552563189098055,0.16552563189098055,0.168817274937827,114.39767647565863
24.82,2.0,0.16552199545502946,0.16552199545502946,0.16878821143314143,114.39127430121283
24.83,2.0,0.16551836240869092,0.16551836240869092,0.16875917811756078,114.3848771213788
24.84,2.0,0.16551473344537862,0.16551473344537862,0.16873016617180311,114.37847883460229
24.85,2.0,0.1655111164727018,0.1655111164727018,0.168701172543676,114.37209266502603
24.86,2.0,0.16550749265572165,0.16550749265572165,0.16867220414906983,114.36569310199853
24.87,2.0,0.16550387320936347,0.16550387320936347,0.1686432642157002,114.35931265267772
24.88,2.0,0.1655002559063762,0.1655002559063762,0.168614347535438,114.35292542058554
24.89,2.0,0.16549665177114437,0.16549665177114437,0.1685854542426292,114.34653689177178
24.9,2.0,0.16549304083605032,0.16549304083605032,0.16855658632508827,114.34016699482937
24.91,2.0,0.16548944312579242,0.16548944312579242,0.16852774345457977,114.33377781754028
24.92,2.0,0.16548583847316514,0.16548583847316514,0.16849892190343307,114.32740517340501
24.93,2.0,0.1654822470246907,0.1654822470246907,0.16847012483194507,114.32102971283302
24.94,2.0,0.16547864877182542,0.16547864877182542,0.1684413542293609,114.3146693935998
24.95,2.0,0.16547506360270076,0.16547506360270076,0.16841260350871673,114.30830088311893
24.96,2.0,0.16547148179565552,0.16547148179565552,0.1683838823513085,114.30193101423416
24.97,2.0,0.1654678928967116,0.1654678928967116,0.16835517829330016,114.29557164507244
24.98,2.0,0.1654643169751974,0.1654643169751974,0.168326492284394,114.28920225744754
24.99,2.0,0.16546074388631984,0.16546074388631984,0.1682978494031994,114.28285076731335
25.0,2.0,0.16545717426199666,0.16545717426199666,0.16826921038043877,114.2764912956913
0.01,4.0,0.6749148913833531,0.6749148913833531,0.35904584209917406,197.44888378920604
0.02,4.0,0.6789180013744219,0.6789180013744219,0.3587659173796395,197.44888378920604
0.03,4.0,0.6688287428749069,0.6688287428749069,0.35947142706138446,197.44888378920604
0.04,4.0,0.658753889279353,0.658753889279353,0.3601759294541193,197.44888378920604
0.05,4.0,0.6499127051163563,0.6499127051163563,0.36079416527644304,197.44888378920604
0.06,4.0,0.642254325603457,0.642254325603457,0.3613296913404332,197.44888378920604
0.07,4.0,0.6355771839515293,0.6355771839515293,0.3617966025690481,197.44888378920604
0.08,4.0,0.6296959619418606,0.6296959619418606,0.3622078576745157,197.44888378920604
0.09,4.0,0.6244626975760917,0.6244626975760917,0.36257380316767185,197.44888378920604
0.1,4.0,0.6197638306173154,0.6197638306173154,0.36290237995384556,197.44888378920604
0.11,4.0,0.6195913997101297,0.6195913997101297,0.3629144374974662,197.44888378920604
0.12,4.0,0.619501166681512,0.619501166681512,0.3629207472054893,197.44888378920604
0.13,4.0,0.6194111143088809,0.6194111143088809,0.3629270442808148,197.44888378920604
0.14,4.0,0.6193212419500809,0.6193212419500809,0.3629333287683475,197.44888378920604
0.15,4.0,0.6192315489661191,0.6192315489661191,0.3629396007127702,197.44888378920604
0.16,4.0,0.6191420347211405,0.6191420347211405,0.3629458601585452,197.44888378920604
0.17,4.0,0.6190526985824086,0.6190526985824086,0.36295210714991766,197.44888378920604
0.18,4.0,0.6189635399202917,0.6189635399202917,0.36295834173091646,197.44888378920604
0.19,4.0,0.6188745581082404,0.6188745581082404,0.3629645639453544,197.44888378920604
0.2,4.0,0.6187857525227723,0.6187857525227723,0.3629707738368291,197.44888378920604
0.21,4.0,0.6186971225434499,0.6186971225434499,0.36297697144872587,197.44888378920604
0.22,4.0,0.6186086675528649,0.6186086675528649,0.3629831568242179,197.44888378920604
0.23,4.0,0.6185203869366258,0.6185203869366258,0.36298933000626793,197.44888378920604
0.24,4.0,0.6184322800833254,0.6184322800833254,0.3629954910376291,197.44888378920604
0.25,4.0,0.6183443463845403,0.6183443463845403,0.36300163996084794,197.44888378920604
0.26,4.0,0.6185493554690336,0.6185493554690336,0.36298730432914933,197.44888378920604
0.27,4.0,0.6187545365000454,0.6187545365000454,0.3629729566737801,197.44888378920604
0.28,4.0,0.6189598888779715,0.6189598888779715,0.3629585970366664,197.44888378920604
0.29,4.0,0.619165412006115,0.619165412006115,0.3629442254595347,197.44888378920604
0.3,4.0,0.6193711052906661,0.6193711052906661,0.3629298419839076,197.44888378920604
0.31,4.0,0.6195769450843758,0.6195769450843758,0.3629154482633625,197.44888378920604
0.32,4.0,0.6197829812644505,0.6197829812644505,0.36290104081014496,197.44888378920604
0.33,4.0,0.619989181484005,0.619989181484005,0.3628866218861693,197.44888378920604
0.34,4.0,0.6201955495132823,0.6201955495132823,0.362872191227795,197.44888378920604
0.35,4.0,0.6204020847726626,0.6204020847726626,0.3628577488755527,197.44888378920604
0.36,4.0,0.6206087866853188,0.6206087866853188,0.3628432948697776,197.44888378920604
0.37,4.0,0.6208156316208818,0.6208156316208818,0.36282883086286755,197.44888378920604
0.38,4.0,0.6210226651206717,0.6210226651206717,0.36281435367026155,197.44888378920604
0.39,4.0,0.6212298635598137,0.6212298635598137,0.3627998649439728,197.44888378920604
0.4,4.0,0.6214372263724716,0.6214372263724716,0.3627853647235676,197.44888378920604
0.41,4.0,0.6216447529955134,0.6216447529955134,0.3627708530484249,197.44888378920604
0.42,4.0,0.6218524198121842,0.6218524198121842,0.36275633156998854,197.44888378920604
0.43,4.0,0.622060272377347,0.622060272377347,0.3627417971027524,197.44888378920604
0.44,4.0,0.6222682914322472,0.6222682914322472,0.36272725099341985,197.44888378920604
0.45,4.0,0.6224764677190957,0.6224764677190957,0.36271269388935884,197.44888378920604
0.46,4.0,0.6226848050407275,0.6226848050407275,0.362698125524648,197.44888378920604
0.47,4.0,0.6228933028499225,0.6228933028499225,0.3626835459375535,197.44888378920604
0.48,4.0,0.6231019375457508,0.6231019375457508,0.36266895677841327,197.44888378920604
0.49,4.0,0.623310754698801,0.623310754698801,0.36265435486062203,197.44888378920604
0.5,4.0,0.6235197307132927,0.6235197307132927,0.362639741834156,197.44888378920604
0.51,4.0,0.6237288650523086,0.6237288650523086,0.36262511773656014,197.44888378920604
0.52,4.0,0.623938161534139,0.623938161534139,0.36261048230083487,197.44888378920604
0.53,4.0,0.6241476065689311,0.6241476065689311,0.36259583647727434,197.44888378920604
0.54,4.0,0.6243571939816924,0.6243571939816924,0.3625811806976768,197.44888378920604
0.55,4.0,0.624566951947533,0.624566951947533,0.36256651299184534,197.44888378920604
0.56,4.0,0.6247768742964278,0.6247768742964278,0.36255183379123174,197.44888378920604
0.57,4.0,0.6249869474484777,0.6249869474484777,0.3625371440454344,197.44888378920604
0.58,4.0,0.6251971521805795,0.6251971521805795,0.36252244509866316,197.44888378920604
0.59,4.0,0.6254075340883347,0.6254075340883347,0.3625077337625627,197.44888378920604
0.6,4.0,0.6256180696008383,0.6256180696008383,0.3624930116853727,197.44888378920604
0.61,4.0,0.6263585383434881,0.6263585383434881,0.36244123306685555,197.44888378920604
0.62,4.0,0.627080120428328,0.627080120428328,0.36239077513210693,197.44888378920604
0.63,4.0,0.6278018776448276,0.6278018776448276,0.36234030495096015,197.44888378920604
0.64,4.0,0.6285237633753193,0.6285237633753193,0.3622898257832394,197.44888378920604
0.65,4.0,0.6292458001734162,0.6292458001734162,0.3622393360518418,197.44888378920604
0.66,4.0,0.6299680149477432,0.6299680149477432,0.3621888338751348,197.44888378920604
0.67,4.0,0.6306903754386274,0.6306903754386274,0.3621383215089337,197.44888378920604
0.68,4.0,0.631412862446708,0.631412862446708,0.36208780029578796,197.44888378920604
0.69,4.0,0.6321355215911904,0.6321355215911904,0.36203726704569217,197.44888378920604
0.7,4.0,0.6328583062683186,0.6328583062683186,0.3619867250174991,197.44888378920604
0.71,4.0,0.6335812664545224,0.6335812664545224,0.36193617071651557,197.44888378920604
0.72,4.0,0.6343043468452495,0.6343043468452495,0.36188560801001335,197.44888378920604
0.73,4.0,0.6350275930687717,0.6350275930687717,0.36183503370735237,197.44888378920604
0.74,4.0,0.6357509672356761,0.6357509672356761,0.36178445045801866,197.44888378920604
0.75,4.0,0.6364744919223764,0.6364744919223764,0.36173385668331476,197.44888378920604
0.76,4.0,0.6371982040584766,0.6371982040584766,0.36168324980087235,197.44888378920604
0.77,4.0,0.6379220152959018,0.6379220152959018,0.36163263598859036,197.44888378920604
0.78,4.0,0.6386459943302745,0.6386459943302745,0.36158201044280336,197.44888378920604
0.79,4.0,0.6393700945778318,0.6393700945778318,0.3615313764209641,197.44888378920604
0.8,4.0,0.6400943386259019,0.6400943386259019,0.3614807323436135,197.44888378920604
0.81,4.0,0.6408187490639587,0.6408187490639587,0.3614300766311416,197.44888378920604
0.82,4.0,0.6415432793146754,0.6415432793146754,0.36137941254055195,197.44888378920604
0.83,4.0,0.6422679750280973,0.6422679750280973,0.36132873687968325,197.44888378920604
0.84,4.0,0.6429927896311208,0.6429927896311208,0.36127805290524406,197.44888378920604
0.85,4.0,0.6437177687779986,0.6437177687779986,0.36122735742477713,197.44888378920604
0.86,4.0,0.6444428658998144,0.6444428658998144,0.3611766536946991,197.44888378920604
0.87,4.0,0.6451681310076389,0.6451681310076389,0.36112593821789535,197.44888378920604
0.88,4.0,0.645893531887676,0.645893531887676,0.361075213246973,197.44888378920604
0.89,4.0,0.6466190493861723,0.6466190493861723,0.36102448012129396,197.44888378920604
0.9,4.0,0.6473447291676825,0.6473447291676825,0.36097373564768137,197.44888378920604
0.91,4.0,0.6524885832620659,0.6524885832620659,0.37403816343798485,196.69585213941693
0.92,4.0,0.6660518689829226,0.6660518689829226,0.3865138472162714,195.9428204896273
0.93,4.0,0.6829183847331457,0.6829183847331457,0.3987585466494898,195.1897888398377
0.94,4.0,0.6967735567928807,0.6967735567928807,0.41121381974665,194.43675719004807
0.95,4.0,0.7106287288526153,0.7106287288526153,0.42366909284380977,193.68372554025848
0.96,4.0,0.72448390091235,0.72448390091235,0.4361243659409702,192.93069389046886
0.97,4.0,0.7383390729720849,0.7383390729720849,0.44857963903812975,192.17766224067927
0.98,4.0,0.7521942450318206,0.7521942450318206,0.4610349121352902,191.42463059088965
0.99,4.0,0.7660494170915554,0.7660494170915554,0.47349018523244973,190.67159894110003
1.0,4.0,0.7799045891512902,0.7799045891512902,0.48594545832961034,189.91856729131126
1.01,4.0,0.7937597612110249,0.7937597612110249,0.4984007314267706,189.16553564152164
1.02,4.0,0.8076149332707598,0.8076149332707598,0.5108560045239303,188.41250399173202
1.03,4.0,0.8214701053304955,0.8214701053304955,0.5233112776210908,187.6594723419424
1.04,4.0,0.8353252773902303,0.8353252773902303,0.5357665507182503,186.90644069215278
1.05,4.0,0.849180449449965,0.849180449449965,0.5482218238154107,186.1534090423632
1.06,4.0,0.8472002437824078,0.8472002437824078,0.5494486041878792,186.33750663251456
1.07,4.0,0.8452394802711807,0.8452394802711807,0.5505936510148539,186.50749701366834
1.08,4.0,0.8432986247852904,0.8432986247852904,0.5516740382647076,186.66637101190415
1.09,4.0,0.8413778281546485,0.8413778281546485,0.5527017225939742,186.81622973219328
1.1,4.0,0.839477030495816,0.839477030495816,0.553685324376421,186.95857867611625
1.11,4.0,0.8375960509824114,0.8375960509824114,0.5546314123819074,187.0946229400539
1.12,4.0,0.8357345985921111,0.8357345985921111,0.5555450904583499,187.225121223501
1.13,4.0,0.833892379344766,0.833892379344766,0.5564303793994804,187.3508513625509
1.14,4.0,0.8320690345558112,0.8320690345558112,0.5572904870573869,187.4723890895948
1.15,4.0,0.8302641779130571,0.8302641779130571,0.5581281951164277,187.5901481558096
1.16,4.0,0.8275836508251654,0.8275836508251654,0.5590081146058855,187.70459342884766
1.17,4.0,0.82489187256542,0.82489187256542,0.5598717478151312,187.81596051834043
1.18,4.0,0.8221784881630394,0.8221784881630394,0.560107585277352,187.83014172282765
1.19,4.0,0.8193412734385084,0.8193412734385084,0.5597889819890637,187.75732691962403
1.2,4.0,0.8162487878412662,0.8162487878412662,0.55949862006512,187.68584177398998
1.21,4.0,0.8131811601966371,0.8131811601966371,0.5592160711860701,187.61554974102484
1.22,4.0,0.8101379740643109,0.8101379740643109,0.5589405358372694,187.54638266678927
1.23,4.0,0.8071314047292607,0.8071314047292607,0.558670580433138,187.47825695169783
1.24,4.0,0.8041590662151393,0.8041590662151393,0.5584057419645726,187.41104277438416
1.25,4.0,0.8012168775471084,0.8012168775471084,0.5581458970680265,187.34471262385867
1.26,4.0,0.7983030846898902,0.7983030846898902,0.5578906561745227,187.2792372529669
1.27,4.0,0.7954166660706549,0.7954166660706549,0.5576396231714096,187.21447975700195
1.28,4.0,0.7925567517008023,0.7925567517008023,0.5573925789596309,187.15046912052597
1.29,4.0,0.7897226208448372,0.7897226208448372,0.557149120529722,187.08710075950825
1.3,4.0,0.786913438195421,0.786913438195421,0.5569090598637949,187.02438469458917
1.31,4.0,0.7841289608079922,0.7841289608079922,0.5566721116780551,186.96223195922764
1.32,4.0,0.7813683349384306,0.7813683349384306,0.5564380557375205,186.90064689624958
1.33,4.0,0.7786313031622476,0.7786313031622476,0.5562067112608968,186.83960112454758
1.34,4.0,0.7759172140884492,0.7759172140884492,0.5559778438632942,186.7790459843618
1.35,4.0,0.7732258476589636,0.7732258476589636,0.5557513654427056,186.7189450942327
1.36,4.0,0.770556583566353,0.770556583566353,0.555527014132111,186.65927539176937
1.37,4.0,0.7679091553529576,0.7679091553529576,0.5553046574279774,186.60002269502723
1.38,4.0,0.7652831908292054,0.7652831908292054,0.5550842290351449,186.5412122850015
1.39,4.0,0.762678334615901,0.762678334615901,0.5548654850383316,186.4827357552981
1.4,4.0,0.7600941636417814,0.7600941636417814,0.5546483962066892,186.4246460615996
1.41,4.0,0.7575303456553102,0.7575303456553102,0.554432834637442,186.36686079142902
1.42,4.0,0.7549865595772467,0.7549865595772467,0.5542187416302182,186.30942921243187
1.43,4.0,0.752462622197453,0.752462622197453,0.5540059312141518,186.25229836262673
1.44,4.0,0.7499339629438295,0.7499339629438295,0.5534487001102507,186.1872860493101
1.45,4.0,0.7474096781308621,0.7474096781308621,0.5526811500651546,186.12302354484495
1.46,4.0,0.7449042099970186,0.7449042099970186,0.5519136246975083,186.05917129185062
1.47,4.0,0.7424172117036816,0.7424172117036816,0.5511462103037789,185.99568241073635
1.48,4.0,0.7399486061370761,0.7399486061370761,0.5503787602124917,185.93255740910456
1.49,4.0,0.7374979712260507,0.7374979712260507,0.5496113271335832,185.8697207738589
1.5,4.0,0.7350650573793843,0.7350650573793843,0.5488437864401652,185.80720472031683
1.51,4.0,0.7326497222322547,0.7326497222322547,0.548076201835599,185.745015895337
1.52,4.0,0.7302516706018884,0.7302516706018884,0.547308565955855,185.68309425029344
1.53,4.0,0.7278707415493078,0.7278707415493078,0.5465407296961823,185.62144143090845
1.54,4.0,0.7255065487448534,0.7255065487448534,0.5457727349723208,185.56002073330328
1.55,4.0,0.7231590836727303,0.7231590836727303,0.5450046549105803,185.4988282917122
1.56,4.0,0.7208279380905016,0.7208279380905016,0.5442364241280365,185.43788503607564
1.57,4.0,0.718513105906107,0.718513105906107,0.5434679267831299,185.3771561756791
1.58,4.0,0.7162142164199106,0.7162142164199106,0.542699268942343,185.31661740382384
1.59,4.0,0.7139311696752982,0.7139311696752982,0.5419303577403746,185.25624599083807
1.6,4.0,0.7116636941459922,0.7116636941459922,0.5411612035425983,185.1960618059739
1.61,4.0,0.7094117135993155,0.7094117135993155,0.5403918370683364,185.13606429452014
1.62,4.0,0.7071749403018892,0.7071749403018892,0.5396221109692471,185.0762254121906
1.63,4.0,0.7049533244762738,0.7049533244762738,0.5388522217605437,185.01649680122853
1.64,4.0,0.7027464977415698,0.7027464977415698,0.5380819541947042,184.95693725548244
1.65,4.0,0.7005545017955976,0.7005545017955976,0.5373114507442665,184.89750484057583
1.66,4.0,0.6983770823930963,0.6983770823930963,0.5365406234079123,184.8381931972458
1.67,4.0,0.6962139930372511,0.6962139930372511,0.5357694637070773,184.7790058201896
1.68,4.0,0.694065296518489,0.694065296518489,0.5349980337597684,184.7199196516355
1.69,4.0,0.6919306303190657,0.6919306303190657,0.5342261896781407,184.6609162769219
1.7,4.0,0.689809966997737,0.689809966997737,0.5334540840132521,184.6020018439997
1.71,4.0,0.6877030789270894,0.6877030789270894,0.5326815704575762,184.5432037294094
1.72,4.0,0.6856098168209827,0.6856098168209827,0.5319087301149586,184.48441693534554
1.73,4.0,0.6835301779016297,0.6835301779016297,0.5311355503219931,184.42576344018642
1.74,4.0,0.6814639191288548,0.6814639191288548,0.5303620122774697,184.36714269814718
1.75,4.0,0.6794110235691577,0.6794110235691577,0.5295879902330562,184.30857278014622
1.76,4.0,0.6773711876861861,0.6773711876861861,0.5288136989524074,184.25007780662182
1.77,4.0,0.6753443797275727,0.6753443797275727,0.5280390360609764,184.1916492041117
1.78,4.0,0.6733304909665898,0.6733304909665898,0.5272639251353898,184.1332098803151
1.79,4.0,0.671329418036221,0.671329418036221,0.5264884851886455,184.0748354017095
1.8,4.0,0.6693409648630836,0.6693409648630836,0.5257126371064471,184.01649843640058
1.81,4.0,0.6673651017943817,0.6673651017943817,0.5249363524099262,183.9581461744086
1.82,4.0,0.6654017670115507,0.6654017670115507,0.5241596949178259,183.89982937601422
1.83,4.0,0.6634507305658951,0.6634507305658951,0.5233826054822405,183.8415327390967
1.84,4.0,0.6614291660674707,0.6614291660674707,0.5226170950332834,183.78433933829783
1.85,4.0,0.6591816866306346,0.6591816866306346,0.5218776338188729,183.72885529318074
1.86,4.0,0.6569427067615564,0.6569427067615564,0.5211261792377199,183.6711727939673
1.87,4.0,0.6547121248968734,0.6547121248968734,0.5203630930500049,183.61142863085922
1.88,4.0,0.6524898099127063,0.6524898099127063,0.5195882874437232,183.54957994095136
1.89,4.0,0.6502756578243343,0.6502756578243343,0.5188024684388237,183.4857035988609
1.9,4.0,0.648069579115824,0.648069579115824,0.5180059116446303,183.41986953848456
1.91,4.0,0.6458713668210301,0.6458713668210301,0.5171986386435483,183.35200962309654
1.92,4.0,0.6436810107033222,0.6436810107033222,0.5163811471468398,183.28225546723445
1.93,4.0,0.6414983440990436,0.6414983440990436,0.5155539546030099,183.21062944594766
1.94,4.0,0.6393232739142091,0.6393232739142091,0.5147171687389628,183.13717936832535
1.95,4.0,0.6371557930070402,0.6371557930070402,0.5138710970661772,183.06193755888424
1.96,4.0,0.6349956234651213,0.6349956234651213,0.5130160195691479,182.98494224149837
1.97,4.0,0.6328429029455808,0.6328429029455808,0.5121523777573211,182.90622197164217
1.98,4.0,0.6306974338258671,0.6306974338258671,0.5112805377380212,182.82586484633254
1.99,4.0,0.6285590328078385,0.6285590328078385,0.5104004841462775,182.74384927640537
2.0,4.0,0.6264277419430775,0.6264277419430775,0.50951277509572,182.6602572332229
2.01,4.0,0.6245371674445082,0.6245371674445082,0.5086014352477951,182.57510948789403
2.02,4.0,0.62264478221749,0.62264478221749,0.5076834343167734,182.4884702004972
2.03,4.0,0.6207628721996928,0.6207628721996928,0.5067582813831306,182.40035416898596
2.04,4.0,0.6188912501583868,0.6188912501583868,0.5058264377209004,182.3108031250793
2.05,4.0,0.6170297790760708,0.6170297790760708,0.5048879052803834,182.21985293839708
2.06,4.0,0.6151783439829794,0.6151783439829794,0.5039429273605415,182.1274901878093
2.07,4.0,0.6133369790437007,0.6133369790437007,0.5029921226263777,182.03383453155854
2.08,4.0,0.6115053579858802,0.6115053579858802,0.5020355233729692,181.93891846080888
2.09,4.0,0.6096835659315838,0.6096835659315838,0.5010732494755137,181.8427169101616
2.1,4.0,0.6078713268424123,0.6078713268424123,0.5001056643269433,181.74528396595846
2.11,4.0,0.6060685383460555,0.6060685383460555,0.49913301211425626,181.64662169304756
2.12,4.0,0.60427531904192,0.60427531904192,0.4981554850952778,181.54685471555732
2.13,4.0,0.6024913800783029,0.6024913800783029,0.49717330759164224,181.44587530840607
2.14,4.0,0.6007166273458062,0.6007166273458062,0.4961868696086692,181.3438911956397
2.15,4.0,0.5989509657696324,0.5989509657696324,0.4951959520150351,181.24077013887918
2.16,4.0,0.5971944464048893,0.5971944464048893,0.49420122934057575,181.1365971232559
2.17,4.0,0.5954467580039889,0.5954467580039889,0.49320248106048636,181.0313890320393
2.18,4.0,0.5937080205138292,0.5937080205138292,0.4922000128292037,180.9251688098086
2.19,4.0,0.5919780921591237,0.5919780921591237,0.4911942557446351,180.81803670144
2.2,4.0,0.5902567756447982,0.5902567756447982,0.49018524059955526,180.70995105696932
2.21,4.0,0.5885440792265234,0.5885440792265234,0.48917289920300083,180.6008974394983
2.22,4.0,0.5868399848620945,0.5868399848620945,0.48815790922768576,180.49098331015236
2.23,4.0,0.5851442703045716,0.5851442703045716,0.48713987153949956,180.3801719832109
2.24,4.0,0.583456987522954,0.583456987522954,0.4861192665621556,180.268513104648
2.25,4.0,0.5817779872408663,0.5817779872408663,0.48509611827282034,180.15599423197375
2.26,4.0,0.5801071740072195,0.5801071740072195,0.48407063449822585,180.04268539884754
2.27,4.0,0.5784445151058141,0.5784445151058141,0.48304302984702613,179.92854580935904
2.28,4.0,0.576790026251478,0.576790026251478,0.4820133167590777,179.8136917026205
2.29,4.0,0.5751434641550719,0.5751434641550719,0.48098168572042665,179.6980685744269
2.3,4.0,0.5735048555260946,0.5735048555260946,0.47994814731427043,179.58167663781296
2.31,4.0,0.5718741598563967,0.5718741598563967,0.47891314187269046,179.46459302197488
2.32,4.0,0.5702512940708266,0.5702512940708266,0.47787637233169705,179.3468255339512
2.33,4.0,0.5686361257394399,0.5686361257394399,0.47683823908720563,179.2283399897607
2.34,4.0,0.5670285958030236,0.5670285958030236,0.47579874626903884,179.109199706685
2.35,4.0,0.5654287354978967,0.5654287354978967,0.4747580116926602,178.98939291009341
2.36,4.0,0.5638365227001918,0.5638365227001918,0.4737162603948102,178.86899718366027
2.37,4.0,0.562251660867304,0.562251660867304,0.4726732261473153,178.7479305593144
2.38,4.0,0.5606742472729782,0.5606742472729782,0.47162947784597226,178.62628881049667
2.39,4.0,0.5591043038197625,0.5591043038197625,0.4705848411666849,178.50402703039214
2.4,4.0,0.5575415851863396,0.5575415851863396,0.4695394266730274,178.38119333433895
2.41,4.0,0.5559861450664657,0.5559861450664657,0.4684933265836637,178.25776804153844
2.42,4.0,0.5544379416160837,0.5544379416160837,0.4674466766819878,178.1338089239438
2.43,4.0,0.5528968448414987,0.5528968448414987,0.4663996472750406,178.00931287529858
2.44,4.0,0.551362854471592,0.551362854471592,0.46535193896642923,177.884243827062
2.45,4.0,0.5498359754626785,0.5498359754626785,0.4643040466360832,177.75870929260253
2.46,4.0,0.548315966648072,0.548315966648072,0.46325596075162406,177.63265253136873
2.47,4.0,0.546802944679184,0.546802944679184,0.46220758429260933,177.5060606745509
2.48,4.0,0.5452968015444289,0.5452968015444289,0.461159055980445,177.37899508393943
2.49,4.0,0.543797487068937,0.543797487068937,0.46011063049191436,177.2514972865258
2.5,4.0,0.5423049395438736,0.5423049395438736,0.4590620745126472,177.12347672631205
2.51,4.0,0.5408191380333505,0.5408191380333505,0.45801345949027117,176.9949904303208
2.52,4.0,0.5393399347416203,0.5393399347416203,0.456965051667836,176.86608655586386
2.53,4.0,0.537867398353221,0.537867398353221,0.45591688380761947,176.73673640015468
2.54,4.0,0.5364014814292141,0.5364014814292141,0.45486890575298716,176.60691807606773
2.55,4.0,0.5349420548657198,0.5349420548657198,0.453821205995301,176.47671703304454
2.56,4.0,0.5334890596313782,0.5334890596313782,0.452773835026406,176.34603986039403
2.57,4.0,0.5320425876896082,0.5320425876896082,0.45172685234038945,176.21500827704043
2.58,4.0,0.5306024830297089,0.5306024830297089,0.45068036650875676,176.0835658946631
2.59,4.0,0.5291687004064698,0.5291687004064698,0.44963431951051225,175.95172866837865
2.6,4.0,0.5277411165138741,0.5277411165138741,0.4485887081982462,175.8194598993478
2.61,4.0,0.5263198963825766,0.5263198963825766,0.4475437339538404,175.6868362087158
2.62,4.0,0.5249048963831161,0.5249048963831161,0.44649937271349055,175.55385410659153
2.63,4.0,0.5234959851851522,0.5234959851851522,0.4454556272318801,175.42050816256233
2.64,4.0,0.5220932281455977,0.5220932281455977,0.44441255581253886,175.28676973722534
2.65,4.0,0.5206964898973278,0.5206964898973278,0.4433701020765186,175.15262527059883
2.66,4.0,0.5193057270004042,0.5193057270004042,0.4423284961231725,175.018201201787
2.67,4.0,0.5179210222066861,0.5179210222066861,0.4412876003963926,174.88338300575361
2.68,4.0,0.5165422395501577,0.5165422395501577,0.4402476255559937,174.74825910114464
2.69,4.0,0.5151694299407757,0.5151694299407757,0.4392084033671891,174.61275442506755
2.7,4.0,0.5138023706637856,0.5138023706637856,0.43817004883482513,174.47691687612834
2.71,4.0,0.5124411366775737,0.5124411366775737,0.4371327307919496,174.34079454199397
2.72,4.0,0.5110856757515756,0.5110856757515756,0.43609625113770145,174.2043387833496
2.73,4.0,0.5097359609744584,0.5097359609744584,0.43506061235494103,174.0675128910045
2.74,4.0,0.5083918835155345,0.5083918835155345,0.434026111468334,173.93040880828778
2.75,4.0,0.5070534815868603,0.5070534815868603,0.43299251697515834,173.79298118546043
2.76,4.0,0.505720632832459,0.505720632832459,0.43195991275601425,173.65520138330754
2.77,4.0,0.5043934119151842,0.5043934119151842,0.4309284535248279,173.51715946306
2.78,4.0,0.5030715844391328,0.5030715844391328,0.4298980563211038,173.37881251258688
2.79,4.0,0.5017553143938753,0.5017553143938753,0.428868707908636,173.2401697896293
2.8,4.0,0.5004444801615863,0.5004444801615863,0.427840486174384,173.1012003818914
2.81,4.0,0.4991390422533013,0.4991390422533013,0.4268133515745661,172.96194466115955
2.82,4.0,0.4978389813459189,0.4978389813459189,0.4257874001515527,172.8224087154782
2.83,4.0,0.49654424640705563,0.49654424640705563,0.42476256075027863,172.68254620370882
2.84,4.0,0.49525472266219844,0.49525472266219844,0.4237388573052814,172.54242528817093
2.85,4.0,0.4939704850622815,0.4939704850622815,0.4227164386825578,172.40201590477344
2.86,4.0,0.49269138979963645,0.49269138979963645,0.4216951919673879,172.2612878773275
2.87,4.0,0.49141746619141496,0.49141746619141496,0.42067519280431875,172.1203328489788
2.88,4.0,0.4901486783885972,0.4901486783885972,0.41965643490136273,171.9790721426613
2.89,4.0,0.48888495542330873,0.48888495542330873,0.41863883435769755,171.83755288465522
2.9,4.0,0.4876262736306594,0.4876262736306594,0.4176225628439307,171.69570956507232
2.91,4.0,0.4863726097362005,0.4863726097362005,0.41660750198784674,171.55362537177965
2.92,4.0,0.4851238882050743,0.4851238882050743,0.4155937994086279,171.41125204274945
2.93,4.0,0.4838800941123782,0.4838800941123782,0.4145813097538042,171.26860199700084
2.94,4.0,0.482641197058549,0.482641197058549,0.41357023562016515,171.125716129297
2.95,4.0,0.4814071317897993,0.4814071317897993,0.41256044228450284,170.9825599042476
2.96,4.0,0.48017788370315156,0.48017788370315156,0.41155191831705196,170.83913423477424
2.97,4.0,0.47895339295828754,0.47895339295828754,0.4105446103695136,170.69537480346838
2.98,4.0,0.4777336456399417,0.4777336456399417,0.4095388034083771,170.5514024704148
2.99,4.0,0.4765185916007074,0.4765185916007074,0.4085342869304968,170.40715846626054
3.0,4.0,0.4753081884481845,0.4753081884481845,0.40753108149783884,170.262611904371
3.01,4.0,0.4742344350580002,0.4742344350580002,0.40652006507976024,170.11786237645381
3.02,4.0,0.4731890792049805,0.4731890792049805,0.40550864807542714,169.97279451059862
3.03,4.0,0.47214718428769437,0.47214718428769437,0.40449880353934997,169.82749694669596
3.04,4.0,0.47110871428260087,0.47110871428260087,0.40349032464064016,169.68192428877296
3.05,4.0,0.4700736948245221,0.4700736948245221,0.4024833289854201,169.53610436054979
3.06,4.0,0.46904207635704004,0.46904207635704004,0.40147771417907413,169.38996614966644
3.07,4.0,0.46801389932246285,0.46801389932246285,0.4004736532371817,169.24364358955415
3.08,4.0,0.46698913446727186,0.46698913446727186,0.3994710558841622,169.09702311285008
3.09,4.0,0.46596777621256885,0.46596777621256885,0.39846973489673215,168.95009878349813
3.1,4.0,0.4649498238295419,0.4649498238295419,0.39747000673777105,168.80291788277944
3.11,4.0,0.4639352788113026,0.4639352788113026,0.39647179489039636,168.65553237451735
3.12,4.0,0.46292411823431606,0.46292411823431606,0.39547495327933035,168.5078293133616
3.13,4.0,0.46191635856576396,0.46191635856576396,0.394479623691377,168.35991564211304
3.14,4.0,0.460911963738753,0.460911963738753,0.3934856204341461,168.21166988429954
3.15,4.0,0.45991095576187707,0.45991095576187707,0.39249317377033127,168.06319120496684
3.16,4.0,0.45891329322077723,0.45891329322077723,0.39150217479394545,167.91441167682675
3.17,4.0,0.45791900715795963,0.45791900715795963,0.3905126783802242,167.76542556469974
3.18,4.0,0.4569280782433615,0.4569280782433615,0.38952461766614327,167.61613542921134
3.19,4.0,0.4559404919786243,0.4559404919786243,0.38853798664933675,167.46656860527202
3.2,4.0,0.4549562505805415,0.4549562505805415,0.3875528763075779,167.31679436850945
3.21,4.0,0.4539753505220691,0.4539753505220691,0.3865691534027348,167.16666526130635
3.22,4.0,0.4529977527051429,0.4529977527051429,0.38558689825601483,167.0163139758022
3.23,4.0,0.45202349702591776,0.45202349702591776,0.38460617519764273,166.86572027272624
3.24,4.0,0.45105253917581073,0.45105253917581073,0.3836268449350092,166.7148082022038
3.25,4.0,0.45008488105321026,0.45008488105321026,0.38264886434669226,166.563593337413
3.26,4.0,0.449120523762571,0.449120523762571,0.3816724593291374,166.41214794542168
3.27,4.0,0.4481594564480206,0.4481594564480206,0.380697412783028,166.26044634916101
3.28,4.0,0.44720166992151145,0.44720166992151145,0.3797238024222202,166.10839886926766
3.29,4.0,0.4462471479462565,0.4462471479462565,0.37875162587058536,165.95611537388805
3.3,4.0,0.44529591045665795,0.44529591045665795,0.3777809581688488,165.80354008873957
3.31,4.0,0.4443479267126735,0.4443479267126735,0.37681171851617246,165.65072391851783
3.32,4.0,0.4434031750531197,0.4434031750531197,0.3758438367300658,165.49757663187236
3.33,4.0,0.4424616671197586,0.4424616671197586,0.3748774094933763,165.34415323717303
3.34,4.0,0.4415234049042898,0.4415234049042898,0.37391241097865613,165.19045365185914
3.35,4.0,0.44058834368736405,0.44058834368736405,0.37294872071239626,165.03643968687467
3.36,4.0,0.4396565125350567,0.4396565125350567,0.371986554817635,164.8821765564327
3.37,4.0,0.438727888128448,0.438727888128448,0.3710258185449457,164.72759419836595
3.38,4.0,0.43780245542193047,0.43780245542193047,0.3700663841725617,164.57272456703808
3.39,4.0,0.43688021185564424,0.43688021185564424,0.3691084570658174,164.41756793233967
3.4,4.0,0.4359611445642768,0.4359611445642768,0.3681517999475348,164.26207371683853
3.41,4.0,0.43504526562591983,0.43504526562591983,0.36719668662726734,164.1063339123395
3.42,4.0,0.43413253714818145,0.43413253714818145,0.3662429616134433,163.95030586544712
3.43,4.0,0.4332229616388735,0.4332229616388735,0.36529061230883186,163.7939653023202
3.44,4.0,0.43231653431763156,0.43231653431763156,0.3643395362098018,163.63729867651384
3.45,4.0,0.4314132107481523,0.4314132107481523,0.36338977691049723,163.48027153087182
3.46,4.0,0.43051303556173953,0.43051303556173953,0.36244149244475893,163.3230078183542
3.47,4.0,0.42961599475350276,0.42961599475350276,0.36149474086420524,163.16545909876706
3.48,4.0,0.4287220285632518,0.4287220285632518,0.3605490629700976,163.00750411144307
3.49,4.0,0.4278311676823258,0.4278311676823258,0.35960485826851446,162.8492825322637
3.5,4.0,0.42694339089458355,0.42694339089458355,0.35866208173163633,162.69076560914277
3.51,4.0,0.42605869796003804,0.42605869796003804,0.357720553402278,162.53190101636633
3.52,4.0,0.4251770735793331,0.4251770735793331,0.35678045558417437,162.37274144645863
3.53,4.0,0.4242984942408932,0.4242984942408932,0.35584156640022807,162.21318894708253
3.54,4.0,0.42342297294814857,0.42342297294814857,0.3549041875172177,162.0534090371421
3.55,4.0,0.42255047867693823,0.42255047867693823,0.3539679962556449,161.89321161614654
3.56,4.0,0.4216810174124033,0.4216810174124033,0.3530331925786771,161.732717050226
3.57,4.0,0.4208145648341179,0.4208145648341179,0.35209969240615485,161.58314858293764
3.58,4.0,0.41995113459915356,0.41995113459915356,0.3511675277420619,161.4392368282678
3.59,4.0,0.4191213007269863,0.4191213007269863,0.35067448173966526,161.29256827737098
3.6,4.0,0.4183140095628972,0.4183140095628972,0.35046231121229315,161.1444667624685
3.61,4.0,0.41750968478679323,0.41750968478679323,0.35025147833035614,160.99673152184414
3.62,4.0,0.41670833314498845,0.41670833314498845,0.350041921050805,160.84930733299916
3.63,4.0,0.4159099270900401,0.4159099270900401,0.3498336529667258,160.70215934059138
3.64,4.0,0.415114478349925,0.415114478349925,0.34962668566452426,160.55537284578784
3.65,4.0,0.41432194346041756,0.41432194346041756,0.3494209627966389,160.40884796748682
3.66,4.0,0.41353232809027884,0.41353232809027884,0.34921654809349406,160.2626603523648
3.67,4.0,0.4127456391158494,0.4127456391158494,0.34901338337625176,160.1167833356409
3.68,4.0,0.41196184550105297,0.41196184550105297,0.3488114492727339,159.97121197638214
3.69,4.0,0.41118094002144223,0.41118094002144223,0.3486107725705027,159.8259570405322
3.7,4.0,0.4104029150549575,0.4104029150549575,0.348411382736633,159.68103704618895
3.71,4.0,0.4096277371773075,0.4096277371773075,0.34821322575036895,159.53642615547105
3.72,4.0,0.4088554490235398,0.4088554490235398,0.34801632436788466,159.39214557989695
3.73,4.0,0.40808596735248975,0.40808596735248975,0.347820641646866,159.24813491610223
3.74,4.0,0.4073193440723059,0.4073193440723059,0.3476261873847329,159.10444277614965
3.75,4.0,0.4065555401532761,0.4065555401532761,0.3474329790778877,158.96111644986848
3.76,4.0,0.4057945439568761,0.4057945439568761,0.34724099465775554,158.81807368656357
3.77,4.0,0.4050363458557756,0.4050363458557756,0.34705023477287894,158.67534849140614
3.78,4.0,0.40428093165289153,0.40428093165289153,0.34686063574431925,158.53294049180835
3.79,4.0,0.4035282949718196,0.4035282949718196,0.3466722604312375,158.39084806394462
3.8,4.0,0.4027784264684584,0.4027784264684584,0.3464851095116999,158.24908368692175
3.81,4.0,0.4020313096946395,0.4020313096946395,0.3462991035061305,158.10762233679657
3.82,4.0,0.4012869311284707,0.4012869311284707,0.34611432930176445,157.96650274913324
3.83,4.0,0.40054528812811196,0.40054528812811196,0.34593076243805004,157.82569816780858
3.84,4.0,0.399806363121721,0.399806363121721,0.34574829299212967,157.68515972657494
3.85,4.0,0.39907014215378084,0.39907014215378084,0.34556701773008597,157.54498493526555
3.86,4.0,0.3983366168050809,0.3983366168050809,0.34538696270325053,157.40510964797997
3.87,4.0,0.3976057717138304,0.3976057717138304,0.34520806538167653,157.26555666480914
3.88,4.0,0.3968776053129279,0.3968776053129279,0.3450303040847393,157.1263460716607
3.89,4.0,0.39615208635739596,0.39615208635739596,0.3448536787635459,156.9874185913489
3.9,4.0,0.39542922551308185,0.39542922551308185,0.3446782034641108,156.848809566561
3.91,4.0,0.39470899133901455,0.39470899133901455,0.34450387033310353,156.71051778421946
3.92,4.0,0.3939913819686232,0.3939913819686232,0.344330663022791,156.57254591786185
3.93,4.0,0.3932763873442154,0.3932763873442154,0.34415859283324646,156.43489797487808
3.94,4.0,0.3925639962462593,0.3925639962462593,0.3439876583152609,156.29757527887983
3.95,4.0,0.3918541881715218,0.3918541881715218,0.3438178636836522,156.16053878282767
3.96,4.0,0.39114695676677885,0.39114695676677885,0.3436491343841878,156.02383772781639
3.97,4.0,0.39044228511285417,0.39044228511285417,0.3434815272897882,155.88741972927005
3.98,4.0,0.3897401629925503,0.3897401629925503,0.34331505795607836,155.7513799234649
3.99,4.0,0.3890405878356192,0.3890405878356192,0.3431497016943843,155.6156293898805
4.0,4.0,0.38834353174732655,0.38834353174732655,0.34298536962814336,155.4801572650632
4.01,4.0,0.38764899235568945,0.38764899235568945,0.3428221821824751,155.34506743334214
4.02,4.0,0.3869569539222677,0.3869569539222677,0.3426600754151294,155.21025917951025
4.03,4.0,0.38626739326883397,0.38626739326883397,0.34249902965469126,155.0757579961325
4.04,4.0,0.38558031835244805,0.38558031835244805,0.34233902982534403,154.94156773516238
4.05,4.0,0.38489571337917317,0.38489571337917317,0.342180154013521,154.80771260297567
4.06,4.0,0.38421356062113465,0.38421356062113465,0.3420223180891799,154.67416763553965
4.07,4.0,0.38353384054046213,0.38353384054046213,0.34186554771494576,154.54094148532295
4.08,4.0,0.3828565397614274,0.3828565397614274,0.3417098161544437,154.40798989333098
4.09,4.0,0.3821816713472044,0.3821816713472044,0.3415551871905708,154.27540573655426
4.1,4.0,0.38150918515789994,0.38150918515789994,0.34140154446594556,154.14311715141977
4.11,4.0,0.3808391050128462,0.3808391050128462,0.341248959649237,154.01111973725259
4.12,4.0,0.3801713970292695,0.3801713970292695,0.34109740294589336,153.87947376668146
4.13,4.0,0.37950605952210753,0.37950605952210753,0.3409468761848254,153.74810087372103
4.14,4.0,0.3788430627850978,0.3788430627850978,0.34079740740391157,153.6170894670009
4.15,4.0,0.3781824193888952,0.3781824193888952,0.3406489151190443,153.48634834567378
4.16,4.0,0.3775240857549549,0.3775240857549549,0.3405015152673349,153.35594445323215
4.17,4.0,0.37686806637515946,0.37686806637515946,0.3403550201443976,153.22581412617293
4.18,4.0,0.37621436327833335,0.37621436327833335,0.34020961699864416,153.09603125756348
4.19,4.0,0.3755629357827856,0.3755629357827856,0.34006518764511035,152.96655891597155
4.2,4.0,0.37491379201111713,0.37491379201111713,0.33992173042359597,152.8373835700065
4.21,4.0,0.3742669031744148,0.3742669031744148,0.3397792924624613,152.7085348732921
4.22,4.0,0.373622263235821,0.373622263235821,0.33963781449986985,152.57998174897185
4.23,4.0,0.372979861388897,0.372979861388897,0.33949731352442625,152.45174083695443
4.24,4.0,0.37233969840566733,0.37233969840566733,0.3393578284410037,152.32378623135568
4.25,4.0,0.37170173827541264,0.37170173827541264,0.33921929932977474,152.19618144975388
4.26,4.0,0.3710659686983839,0.3710659686983839,0.3390817337274191,152.06888163562428
4.27,4.0,0.3704323911368855,0.3704323911368855,0.3389451761489203,151.9418744561984
4.28,4.0,0.36980098717980003,0.36980098717980003,0.3388095367105859,151.81518242983142
4.29,4.0,0.3691717352499533,0.3691717352499533,0.3386748246593202,151.68876870562528
4.3,4.0,0.36854465071733006,0.36854465071733006,0.3385411457831492,151.56269803521195
4.31,4.0,0.36791967998168534,0.36791967998168534,0.33840834537397196,151.4369317705915
4.32,4.0,0.3672968469814305,0.3672968469814305,0.33827649792254866,151.31145894535007
4.33,4.0,0.3666761078979698,0.3666761078979698,0.3381455944304346,151.18628330180795
4.34,4.0,0.3660574621506212,0.3660574621506212,0.3380156475949765,151.06143202739204
4.35,4.0,0.3654409159675188,0.3654409159675188,0.3378866443485838,150.9368973001512
4.36,4.0,0.3648264221605064,0.3648264221605064,0.33775851795800227,150.81266739393814
4.37,4.0,0.36421400357417616,0.36421400357417616,0.3376313290430737,150.68873002531714
4.38,4.0,0.3636036140418842,0.3636036140418842,0.3375050362592531,150.56505309061208
4.39,4.0,0.3629952645667935,0.3629952645667935,0.3373796806042023,150.4417250248391
4.4,4.0,0.3623889316332808,0.3623889316332808,0.33725525193465483,150.31871119107544
4.41,4.0,0.36178459995374107,0.36178459995374107,0.33713169900510237,150.19599211370806
4.42,4.0,0.36118224714964375,0.36118224714964375,0.3370090334076374,150.07357444338913
4.43,4.0,0.3605818935915938,0.3605818935915938,0.336887292082464,149.95143471157064
4.44,4.0,0.35998350344316987,0.35998350344316987,0.3367664238094699,149.82962187762382
4.45,4.0,0.35938705358737677,0.35938705358737677,0.33664642040103604,149.70807900333037
4.46,4.0,0.3587925470499256,0.3587925470499256,0.33652736448441556,149.5868850293012
4.47,4.0,0.3581999607237833,0.3581999607237833,0.3364090995187811,149.46593102381593
4.48,4.0,0.357609302697049,0.357609302697049,0.336291776121487,149.34534063555222
4.49,4.0,0.3570205449386592,0.3570205449386592,0.3361753214797348,149.22501051792636
4.5,4.0,0.35643366288317807,0.35643366288317807,0.3360597077029611,149.10497512693644
4.51,4.0,0.35584865750021744,0.35584865750021744,0.3359449794231171,148.98528009706973
4.52,4.0,0.3552655134021897,0.3552655134021897,0.33583110110703196,148.86584319956756
4.53,4.0,0.3546842192510151,0.3546842192510151,0.3357180858578554,148.74671120422693
4.54,4.0,0.3541047620633419,0.3541047620633419,0.3356059328477293,148.62788764798415
4.55,4.0,0.3535271248502894,0.3535271248502894,0.33549457476895217,148.5093353415298
4.56,4.0,0.35295129288250204,0.35295129288250204,0.3353841301825973,148.391108618459
4.57,4.0,0.35237726596061364,0.35237726596061364,0.3352744887461218,148.27316788551363
4.58,4.0,0.35180500070334547,0.35180500070334547,0.33516563845096065,148.15549922297333
4.59,4.0,0.35123452298048613,0.35123452298048613,0.33505770263891227,148.03816652267517
4.6,4.0,0.3506658015197041,0.3506658015197041,0.3349505546982262,147.9211120493205
4.61,4.0,0.35009881836983037,0.35009881836983037,0.3348442677798108,147.80432873513783
4.62,4.0,0.34953355452393314,0.34953355452393314,0.3347387514389055,147.68784966655406
4.63,4.0,0.34897002014492373,0.34897002014492373,0.33463404439952005,147.57166789872986
4.64,4.0,0.3484081839514894,0.3484081839514894,0.3345301646061901,147.45575410945713
4.65,4.0,0.3478480351606834,0.3478480351606834,0.33442714410769797,147.34017803859092
4.66,4.0,0.3472895762540411,0.3472895762540411,0.33432491215267085,147.22488892601555
4.67,4.0,0.3467327739969752,0.3467327739969752,0.3342234635687179,147.1098605898066
4.68,4.0,0.346177628813162,0.346177628813162,0.3341228380826482,146.99515217038905
4.69,4.0,0.3456241117650698,0.3456241117650698,0.33402295254918973,146.88069533854636
4.7,4.0,0.3450722266233549,0.3450722266233549,0.3339238991442557,146.7665336697836
4.71,4.0,0.3445219478419122,0.3445219478419122,0.33382563900646756,146.65269638032004
4.72,4.0,0.34397327029657493,0.34397327029657493,0.3337281373014072,146.53910907021336
4.73,4.0,0.34342617764152583,0.34342617764152583,0.3336314869212761,146.42582435617825
4.74,4.0,0.34288065839035115,0.34288065839035115,0.3335355579612339,146.31285844287285
4.75,4.0,0.34233669172425113,0.34233669172425113,0.3334403838129034,146.20013002131748
4.76,4.0,0.34179428218540925,0.34179428218540925,0.33334607243544057,146.0877133449109
4.77,4.0,0.3412534046865577,0.3412534046865577,0.33325243950701594,145.975563723956
4.78,4.0,0.3407140346005116,0.3407140346005116,0.3331596081787959,145.86370432003125
4.79,4.0,0.3401761858177059,0.3401761858177059,0.3330675279682391,145.75213263287304
4.8,4.0,0.33963981797362386,0.33963981797362386,0.33297623691530404,145.64085893196912
4.81,4.0,0.3391049320419468,0.3391049320419468,0.3328856439978282,145.52983916403534
4.82,4.0,0.3385715248811305,0.3385715248811305,0.33279588751299316,145.41914469069502
4.83,4.0,0.338039563286399,0.338039563286399,0.3327068199422242,145.3087068686438
4.84,4.0,0.33750903669924276,0.33750903669924276,0.33261847361570945,145.19850411736397
4.85,4.0,0.33697994535080317,0.33697994535080317,0.3325308911510017,145.08863269329194
4.86,4.0,0.3364522667645997,0.3364522667645997,0.33244407858731956,144.97905390736793
4.87,4.0,0.3359259968557898,0.3359259968557898,0.33235801690162486,144.8697582236936
4.88,4.0,0.3354011098478675,0.3354011098478675,0.33227266501489533,144.76070288316575
4.89,4.0,0.33487759183597426,0.33487759183597426,0.3321880115891412,144.6519446068114
4.9,4.0,0.33435544499640224,0.33435544499640224,0.33210411923435085,144.54348701497048
4.91,4.0,0.33383464233141374,0.33383464233141374,0.3320209335050449,144.43526035730122
4.92,4.0,0.33331518389757414,0.33331518389757414,0.3319384986927374,144.32733157847278
4.93,4.0,0.33279704408573346,0.33279704408573346,0.33185677226806476,144.21969412974028
4.94,4.0,0.3322802093634498,0.3322802093634498,0.33177574043478636,144.11231390958343
4.95,4.0,0.33176468065446024,0.33176468065446024,0.33169546383051246,144.00524860348037
4.96,4.0,0.33125042160336676,0.33125042160336676,0.33161589039985945,143.89842494127453
4.97,4.0,0.3307374535300899,0.3307374535300899,0.331536936335829,143.79184348962528
4.98,4.0,0.33022572755802115,0.33022572755802115,0.331458798897519,143.6856211750857
4.99,4.0,0.32971525849274935,0.32971525849274935,0.33138130497385565,143.5796039885257
5.0,4.0,0.3292060064051968,0.3292060064051968,0.3313044955478201,143.47386509117436
5.01,4.0,0.32872358838874977,0.32872358838874977,0.3312265851545695,143.36839992436097
5.02,4.0,0.32822366699703603,0.32822366699703603,0.33115074529556093,143.26325967108693
5.03,4.0,0.32772506666507245,0.32772506666507245,0.3310755162708187,143.1583372221271
5.04,4.0,0.32722777359316063,0.32722777359316063,0.33100103541419607,143.0537143871724
5.05,4.0,0.3267317647671743,0.3267317647671743,0.330927179134886,142.94934057504398
5.06,4.0,0.32623704937887593,0.32623704937887593,0.3308539885794128,142.8452318310342
5.07,4.0,0.32574357915506214,0.32574357915506214,0.33078153988810766,142.74142648802695
5.08,4.0,0.32525136763300716,0.32525136763300716,0.3307096553948299,142.63784776762196
5.09,4.0,0.3247603928482184,0.3247603928482184,0.3306385027804386,142.53457051394025
5.1,4.0,0.32427063748157087,0.32427063748157087,0.3305680352634769,142.43153404554275
5.11,4.0,0.3237820926101306,0.3237820926101306,0.33049817457389374,142.3287761903003
5.12,4.0,0.3232947393763125,0.3232947393763125,0.3304289920139883,142.22629598925224
5.13,4.0,0.32280855991928586,0.32280855991928586,0.33036042892562195,142.1240679888014
5.14,4.0,0.3223235639586977,0.3223235639586977,0.33029253639631434,142.02211283798687
5.15,4.0,0.3218397074640737,0.3218397074640737,0.33022531333457,141.9204242098113
5.16,4.0,0.3213569877515283,0.3213569877515283,0.3301587664062129,141.81899173782907
5.17,4.0,0.3208753963669966,0.3208753963669966,0.330092833938253,141.71784204335762
5.18,4.0,0.3203949197578711,0.3203949197578711,0.3300275180445841,141.61690730388165
5.19,4.0,0.3199155375015391,0.3199155375015391,0.3299628594363784,141.51628188608413
5.2,4.0,0.3194372327259394,0.3194372327259394,0.32989882306142976,141.41591070482318
5.21,4.0,0.31895999570716377,0.31895999570716377,0.32983545476673354,141.31578343649696
5.22,4.0,0.3184838280829967,0.3184838280829967,0.3297726921982704,141.21594127405965
5.23,4.0,0.3180087010048829,0.3180087010048829,0.3297106060391863,141.11634675845102
5.24,4.0,0.31753459588149174,0.31753459588149174,0.3296491219252896,141.01702465753988
5.25,4.0,0.31706149951013096,0.31706149951013096,0.32958824589084135,140.9179371864458
5.26,4.0,0.3165894175097363,0.3165894175097363,0.3295279682861435,140.81909615636226
5.27,4.0,0.31611831268560825,0.31611831268560825,0.32946838043242715,140.72057027955483
5.28,4.0,0.31564818425526153,0.31564818425526153,0.329409380784233,140.62225846094057
5.29,4.0,0.3151790206954382,0.3151790206954382,0.3293509953128488,140.5242056081513
5.3,4.0,0.3147107873274627,0.3147107873274627,0.32929321361025377,140.42643381933905
5.31,4.0,0.3142435053116047,0.3142435053116047,0.3292360999384912,140.32891254073456
5.32,4.0,0.3137771320667471,0.3137771320667471,0.32917952043534876,140.2316193231914
5.33,4.0,0.31331166913159375,0.31331166913159375,0.3291235566411989,140.13458089828222
5.34,4.0,0.3128471068781936,0.3128471068781936,0.3290682575189223,140.0378251973078
5.35,4.0,0.312383406566545,0.312383406566545,0.3290135503881624,139.94134792710514
5.36,4.0,0.31192057226119285,0.31192057226119285,0.3289594016099645,139.84507950570486
5.37,4.0,0.31145859639483847,0.31145859639483847,0.3289058958147164,139.74908027775294
5.38,4.0,0.31099744854786454,0.31099744854786454,0.32885293144967936,139.65331067943936
5.39,4.0,0.3105371350753709,0.3105371350753709,0.3288006511603538,139.55783235137613
5.4,4.0,0.3100776415433009,0.3100776415433009,0.32874889358216114,139.46257731477823
5.41,4.0,0.3096189303343772,0.3096189303343772,0.32869774840166627,139.3675760154592
5.42,4.0,0.3091609958721063,0.3091609958721063,0.3286471838449492,139.2727982843752
5.43,4.0,0.3087038378162701,0.3087038378162701,0.3285972396453695,139.17831051648577
5.44,4.0,0.30824744667500725,0.30824744667500725,0.3285478277463393,139.0840566076945
5.45,4.0,0.3077917968670559,0.3077917968670559,0.32849906838373727,138.9900773663117
5.46,4.0,0.30733687770927354,0.30733687770927354,0.3284508497143649,138.89633249305814
5.47,4.0,0.3068826653361476,0.3068826653361476,0.32840316891488636,138.8028066034953
5.48,4.0,0.30642915565751444,0.30642915565751444,0.32835615539160024,138.709574245074
5.49,4.0,0.30597634615711095,0.30597634615711095,0.32830967910796277,138.61654770214778
5.5,4.0,0.3055242030463,0.3055242030463,0.328263735700777,138.5237782708854
5.51,4.0,0.3050727376372767,0.3050727376372767,0.3282183862720874,138.43126196494185
5.52,4.0,0.3046219156364881,0.3046219156364881,0.3281736220511579,138.33896682840643
5.53,4.0,0.3041717220830095,0.3041717220830095,0.32812941932047873,138.24694325187255
5.54,4.0,0.30372216455218864,0.30372216455218864,0.3280857852884139,138.15516666964388
5.55,4.0,0.3032732082882757,0.3032732082882757,0.3280427040504656,138.0636033381592
5.56,4.0,0.3028248526675366,0.3028248526675366,0.328000212375357,137.9723195169451
5.57,4.0,0.30237708038588307,0.30237708038588307,0.32795825238579285,137.88123795061156
5.58,4.0,0.30192989358369804,0.30192989358369804,0.32791689701860655,137.79044702260558
5.59,4.0,0.3014832425327777,0.3014832425327777,0.32787605961437133,137.69985258480918
5.6,4.0,0.3010371464990271,0.3010371464990271,0.32783576960043215,137.60952172692936
5.61,4.0,0.300591574651656,0.300591574651656,0.3277960691615627,137.51942379406657
5.62,4.0,0.30014653013594667,0.30014653013594667,0.3277568979204957,137.42957919070295
5.63,4.0,0.29970199054306706,0.29970199054306706,0.3277182710969745,137.3399520320701
5.64,4.0,0.29925792164150655,0.29925792164150655,0.32768017572085556,137.250545112644
5.65,4.0,0.2988143546492134,0.2988143546492134,0.3276426673318275,137.16142552394876
5.66,4.0,0.29837123097415785,0.29837123097415785,0.3276056783076551,137.0725099397628
5.67,4.0,0.29792857968216824,0.29792857968216824,0.3275692301418067,136.98382600121613
5.68,4.0,0.2974863608153199,0.2974863608153199,0.32753337434452684,136.89543634224057
5.69,4.0,0.29704457342362367,0.29704457342362367,0.3274979939467007,136.80722040239425
5.7,4.0,0.2966031818900256,0.2966031818900256,0.3274632050991654,136.71926235191742
5.71,4.0,0.29616220893107537,0.29616220893107537,0.32742893794085864,136.63153401939175
5.72,4.0,0.29572162200833146,0.29572162200833146,0.327395205346322,136.54407042241516
5.73,4.0,0.2952813977145605,0.2952813977145605,0.3273620036404019,136.45681248037005
5.74,4.0,0.29489209610801664,0.29489209610801664,0.32805227407598925,136.41719715456293
5.75,4.0,0.29454027083526535,0.29454027083526535,0.32927405558658135,136.4126687419115
5.76,4.0,0.29418878304803536,0.29418878304803536,0.33049642158516224,136.4084592962745
5.77,4.0,0.29383760603925113,0.29383760603925113,0.3317193262685081,136.4045418369778
5.78,4.0,0.29348675592190404,0.29348675592190404,0.33294274843076177,136.4009082983523
5.79,4.0,0.2931362003761484,0.2931362003761484,0.33416670289003847,136.39755288855687
5.8,4.0,0.2927859125405528,0.2927859125405528,0.3353911354662221,136.39445408348143
5.81,4.0,0.29243591677966474,0.29243591677966474,0.33661614816012664,136.39165329315804
5.82,4.0,0.2920861657390418,0.2920861657390418,0.33784167874475707,136.38912624571716
5.83,4.0,0.29173665240609337,0.29173665240609337,0.33906767388333364,136.38683295521813
5.84,4.0,0.2913873904456484,0.2913873904456484,0.34029422059484776,136.38482461807294
5.85,4.0,0.29103832348999087,0.29103832348999087,0.341521279664528,136.38305823247174
5.86,4.0,0.2906894788788253,0.2906894788788253,0.342748845285086,136.38155248005958
5.87,4.0,0.2903408249926239,0.2903408249926239,0.34397694095977216,136.38030700744122
5.88,4.0,0.2899923578737024,0.2899923578737024,0.3452055506855195,136.37927725958042
5.89,4.0,0.2896440433532906,0.2896440433532906,0.3464346584367336,136.37851482671093
5.9,4.0,0.2892958985560934,0.2892958985560934,0.3476642612801941,136.37798816688073
5.91,4.0,0.28894789266426085,0.28894789266426085,0.34889439080299645,136.37771000465048
5.92,4.0,0.2886000098889772,0.2886000098889772,0.3501250052499104,136.37764939894637
5.93,4.0,0.2882522410506262,0.2882522410506262,0.3513561545509531,136.37781373200394
5.94,4.0,0.28790458945439995,0.28790458945439995,0.35258778695313275,136.37822007112626
5.95,4.0,0.28755701452223326,0.28755701452223326,0.3538199352240596,136.37885355362454
5.96,4.0,0.2872095213524114,0.2872095213524114,0.3550525649338253,136.37971061863104
5.97,4.0,0.2868621092365327,0.2868621092365327,0.35628571047780305,136.3807585812807
5.98,4.0,0.28651473332447713,0.28651473332447713,0.3575193431032517,136.38204698155846
5.99,4.0,0.2861674116301096,0.2861674116301096,0.35875346859821206,136.3835240962202
6.0,4.0,0.2858201023137014,0.2858201023137014,0.35998810887285126,136.3852352448735
6.01,4.0,0.28550404664240225,0.28550404664240225,0.36122104267137944,136.38715504555825
6.02,4.0,0.28522406554514146,0.28522406554514146,0.3624519647705755,136.38925963901409
6.03,4.0,0.2849448685157068,0.2849448685157068,0.3636833110587264,136.3915865911195
6.04,4.0,0.28466646349277425,0.28466646349277425,0.3649150943561055,136.39408409871535
6.05,4.0,0.2843888364166084,0.2843888364166084,0.3661472905074896,136.39679546850243
6.06,4.0,0.28411197779226244,0.28411197779226244,0.36737995080247293,136.3996967993301
6.07,4.0,0.2838359018190859,0.2838359018190859,0.36861302277806185,136.40279473885897
6.08,4.0,0.28356059705816655,0.28356059705816655,0.3698465295938842,136.40606803238194
6.09,4.0,0.28328606009237184,0.28328606009237184,0.3710804547135298,136.4095464655574
6.1,4.0,0.2830122975304841,0.2830122975304841,0.37231479094894315,136.41318072657288
6.11,4.0,0.2827392887877039,0.2827392887877039,0.3735495641099425,136.41700045186187
6.12,4.0,0.2824670400257492,0.2824670400257492,0.3747847602891401,136.42102690347133
6.13,4.0,0.2821955572077818,0.2821955572077818,0.3760203550233885,136.42519348060392
6.14,4.0,0.28192482002974945,0.28192482002974945,0.3772563827629953,136.42953542830824
6.15,4.0,0.28165483361690563,0.28165483361690563,0.3784928092992826,136.43407806837322
6.16,4.0,0.2813856070709498,0.2813856070709498,0.3797296546691262,136.4387609973959
6.17,4.0,0.281117116774758,0.281117116774758,0.380966910472103,136.4436158659045
6.18,4.0,0.28084938043639895,0.28084938043639895,0.3822045754699439,136.4486354952365
6.19,4.0,0.28058237622726717,0.28058237622726717,0.38344266404424276,136.4538336818602
6.2,4.0,0.2803161079097675,0.2803161079097675,0.38468111686925593,136.4591628168025
6.21,4.0,0.2800505787330102,0.2800505787330102,0.38592001856480174,136.46466714114842
6.22,4.0,0.2797857810801946,0.2797857810801946,0.387159295759679,136.4703201145366
6.23,4.0,0.27952171371747575,0.27952171371747575,0.3883989686415008,136.47614234006673
6.24,4.0,0.2792583765395121,0.2792583765395121,0.38963906612951194,136.48210031161878
6.25,4.0,0.2789957530160147,0.2789957530160147,0.39087953584957696,136.488201260889
6.26,4.0,0.27873386369739467,0.27873386369739467,0.39212041614576737,136.49445617014004
6.27,4.0,0.2784726843740103,0.2784726843740103,0.3933616837710592,136.50085869613721
6.28,4.0,0.2782122230068503,0.2782122230068503,0.39460334323047414,136.50739637261566
6.29,4.0,0.27795247619694846,0.27795247619694846,0.39584538049252516,136.5140792944182
6.3,4.0,0.27769343366478744,0.27769343366478744,0.3970878270481158,136.52090217008572
6.31,4.0,0.27743510058545007,0.27743510058545007,0.39833064950486313,136.52785943730714
6.32,4.0,0.2771774858325689,0.2771774858325689,0.399573860146776,136.53495719248872
6.33,4.0,0.2769205555047412,0.2769205555047412,0.40081744506465966,136.54218305651017
6.34,4.0,0.27666433852405686,0.27666433852405686,0.4020614148928274,136.54956415350594
6.35,4.0,0.27640881202580025,0.27640881202580025,0.4033057691948314,136.55703102471637
6.36,4.0,0.27615398278891823,0.27615398278891823,0.4045504921352569,136.56464886375093
6.37,4.0,0.2758998502911134,0.2758998502911134,0.40579561204118575,136.57239645609226
6.38,4.0,0.27564640036641425,0.27564640036641425,0.40704109910645225,136.58026920372924
6.39,4.0,0.2753936403254796,0.2753936403254796,0.4082869516536346,136.5882555870138
6.4,4.0,0.27514155925840883,0.27514155925840883,0.40953318620276724,136.59637489418841
6.41,4.0,0.27489016299413654,0.27489016299413654,0.4107797795907507,136.60460332102724
6.42,4.0,0.2746394504052155,0.2746394504052155,0.41202674621491575,136.61295689522953
6.43,4.0,0.2743894100866852,0.2743894100866852,0.413274101986385,136.62141060151086
6.44,4.0,0.27414004612114656,0.27414004612114656,0.4145217892434392,136.6299906123682
6.45,4.0,0.27389135936182607,0.27389135936182607,0.41576985713808035,136.63868133214513
6.46,4.0,0.2736433367080918,0.2736433367080918,0.41701829015746333,136.6474895800548
6.47,4.0,0.2733959763652156,0.2733959763652156,0.4182670992962946,136.65641578442472
6.48,4.0,0.27314928267984695,0.27314928267984695,0.4195162346678697,136.6654374345694
6.49,4.0,0.2729032581518866,0.2729032581518866,0.4207657594537562,136.67455898059757
6.5,4.0,0.27265788641072136,0.27265788641072136,0.4220156198300043,136.68379008845997
6.51,4.0,0.2724131676737265,0.2724131676737265,0.4232658461072795,136.69313849736938
6.52,4.0,0.272169109070263,0.272169109070263,0.42451643212867063,136.70258997762633
6.53,4.0,0.27192570646783387,0.27192570646783387,0.42576735016503187,136.71211284612016
6.54,4.0,0.2716829504717143,0.2716829504717143,0.42701863678355606,136.72176258571292
6.55,4.0,0.2714408379053891,0.2714408379053891,0.42827028208048223,136.73151122806448
6.56,4.0,0.2711993752117186,0.2711993752117186,0.42952226294843265,136.74134207774418
6.57,4.0,0.2709585497474556,0.2709585497474556,0.43077457352092285,136.75127187881006
6.58,4.0,0.2707183722443288,0.2707183722443288,0.432027253970153,136.7613114052773
6.59,4.0,0.27047882813220575,0.27047882813220575,0.4332802727800079,136.7714195367637
6.6,4.0,0.27023991573439776,0.27023991573439776,0.43453363431213243,136.78163320544851
6.61,4.0,0.27000164225973045,0.27000164225973045,0.4357873279858759,136.79192530681235
6.62,4.0,0.26976399709599624,0.26976399709599624,0.4370413763581881,136.80233066663556
6.63,4.0,0.2695269768872837,0.2695269768872837,0.4382957637056885,136.81279638264698
6.64,4.0,0.26929058934294836,0.26929058934294836,0.43955048197071217,136.8233745645568
6.65,4.0,0.26905482253327095,0.26905482253327095,0.44080554087069285,136.8340163183497
6.66,4.0,0.2688196844880874,0.2688196844880874,0.44206093458397516,136.84475874522496
6.67,4.0,0.26858515159224117,0.26858515159224117,0.4433166473898619,136.8555635107653
6.68,4.0,0.2683512444140874,0.2683512444140874,0.4445727106328065,136.86648122704224
6.69,4.0,0.268117947186176,0.268117947186176,0.44582907858659027,136.87744628612106
6.7,4.0,0.267885271104163,0.267885271104163,0.4470857902987608,136.8885161080882
6.71,4.0,0.26765320292346195,0.26765320292346195,0.4483428337662895,136.89964755616978
6.72,4.0,0.2674217400494705,0.2674217400494705,0.4496001988462741,136.91087248542394
6.73,4.0,0.26719088060525525,0.26719088060525525,0.45085788763128143,136.92215565838288
6.74,4.0,0.26696062296551204,0.26696062296551204,0.45211590775354116,136.93351612715546
6.75,4.0,0.2667309736491804,0.2667309736491804,0.4533742350081416,136.94496339682286
6.76,4.0,0.26650192391370686,0.26650192391370686,0.4546329170089983,136.9564712701491
6.77,4.0,0.266273467279764,0.266273467279764,0.4558918895621504,136.96805301117163
6.78,4.0,0.2660456042614221,0.2660456042614221,0.4571511904021074,136.97971683060854
6.79,4.0,0.2658183318103785,0.2658183318103785,0.45841080212222574,136.99144015314874
6.8,4.0,0.26559164851578204,0.26559164851578204,0.4596707326639672,137.00324588940177
6.81,4.0,0.2653655626031762,0.2653655626031762,0.4609309856200918,137.01510154367867
6.82,4.0,0.2651400607497359,0.2651400607497359,0.462191540382252,137.02702483037547
6.83,4.0,0.2649151435578045,0.2649151435578045,0.46345243333879144,137.03902217591397
6.84,4.0,0.2646908048103139,0.2646908048103139,0.46471360524047467,137.051090008322
6.85,4.0,0.26446704647067293,0.26446704647067293,0.4659751097031716,137.06320985389868
6.86,4.0,0.264243863866672,0.264243863866672,0.4672369073464844,137.07538820786948
6.87,4.0,0.26402125643740687,0.26402125643740687,0.46849901945250466,137.08763396401423
6.88,4.0,0.2637992212606144,0.2637992212606144,0.4697614294502167,137.09995396072526
6.89,4.0,0.263577767642249,0.263577767642249,0.47102415346424636,137.1123228215937
6.9,4.0,0.2633568729334125,0.2633568729334125,0.47228718466601743,137.12475175165352
6.91,4.0,0.2631365446103917,0.2631365446103917,0.4735505108190836,137.13723185901446
6.92,4.0,0.26291994887996906,0.26291994887996906,0.47485929350202094,137.242908484216
6.93,4.0,0.26270613031150847,0.26270613031150847,0.47620004208191896,137.2549297468349
6.94,4.0,0.26249282159915444,0.26249282159915444,0.47754050122471015,137.26707680725482
6.95,4.0,0.2622800444629489,0.2622800444629489,0.4788807198694971,137.27931736343717
6.96,4.0,0.2620677738508027,0.2620677738508027,0.48022065613028736,137.2916610113185
6.97,4.0,0.2618560291939482,0.2618560291939482,0.4815603240590245,137.30410273952742
6.98,4.0,0.2616447874514299,0.2616447874514299,0.48289970838681345,137.3166437429814
6.99,4.0,0.26143405913157464,0.26143405913157464,0.48423884325587124,137.3292865733625
7.0,4.0,0.26123913770945695,0.26123913770945695,0.48557662859907436,137.3420237476846
7.01,4.0,0.26107647338140494,0.26107647338140494,0.48691194339928573,137.35485214378804
7.02,4.0,0.2609145570619184,0.2609145570619184,0.48824698157197405,137.3677896541541
7.03,4.0,0.260753375747099,0.260753375747099,0.489581726797948,137.38080473260223
7.04,4.0,0.26059293966478897,0.26059293966478897,0.49091620865267777,137.39391280746653
7.05,4.0,0.26043323637035487,0.26043323637035487,0.4922504167106877,137.40711256879487
7.06,4.0,0.26027426317177216,0.26027426317177216,0.4935843377496298,137.4203953630855
7.07,4.0,0.26011602016052376,0.26011602016052376,0.4949180001171222,137.43377299908747
7.08,4.0,0.259958494605402,0.259958494605402,0.4962513889956108,137.4472274696999
7.09,4.0,0.25980169507798584,0.25980169507798584,0.49758450973065704,137.46076822682832
7.1,4.0,0.25964561997364044,0.25964561997364044,0.4989173623710095,137.47438954651346
7.11,4.0,0.25949024711553376,0.25949024711553376,0.5002499426493954,137.48808525369716
7.12,4.0,0.2593356056860969,0.2593356056860969,0.5015822622248074,137.50187041722722
7.13,4.0,0.2591816639585505,0.2591816639585505,0.5029143222623853,137.5157280408896
7.14,4.0,0.2590284406186552,0.2590284406186552,0.504246128156749,137.52965901859795
7.15,4.0,0.25887591170960506,0.25887591170960506,0.50557764794182,137.54366859763255
7.16,4.0,0.25872408861257773,0.25872408861257773,0.5069089245784073,137.5577460636315
7.17,4.0,0.2585585849258273,0.2585585849258273,0.5080341048548368,137.56342985231953
7.18,4.0,0.2583300712179784,0.2583300712179784,0.5082481994431428,137.5317403520201
7.19,4.0,0.25810227331729524,0.25810227331729524,0.5084624118557428,137.50024742127135
7.2,4.0,0.2578752099306039,0.2578752099306039,0.508676743549027,137.46893610937974
7.21,4.0,0.25764884781218256,0.25764884781218256,0.5088911750248217,137.4378002199453
7.22,4.0,0.25742319675794006,0.25742319675794006,0.5091057277735634,137.40684197272407
7.23,4.0,0.2571982639470846,0.2571982639470846,0.5093203821794003,137.37604513212747
7.24,4.0,0.25697403859623036,0.25697403859623036,0.5095351533456004,137.34543683910556
7.25,4.0,0.2567504992524529,0.2567504992524529,0.5097500441862793,137.31500771477417
7.26,4.0,0.256527675104917,0.256527675104917,0.5099650650094365,137.28474906216633
7.27,4.0,0.2563055533706965,0.2563055533706965,0.5101801984783484,137.2546668731556
7.28,4.0,0.2560841221644284,0.2560841221644284,0.5103954417763847,137.22474114263426
7.29,4.0,0.255863370680544,0.255863370680544,0.5106108091885941,137.19499416143915
7.3,4.0,0.255643327223239,0.255643327223239,0.5108262962048962,137.16541998110608
7.31,4.0,0.25542396104819354,0.25542396104819354,0.5110419163856229,137.13600707290712
7.32,4.0,0.2552052787531357,0.2552052787531357,0.5112576427453314,137.1067691768363
7.33,4.0,0.2549872809837774,0.2549872809837774,0.5114735088801718,137.07769865445306
7.34,4.0,0.25476996551181585,0.25476996551181585,0.5116895037137285,137.04880097310158
7.35,4.0,0.2545533200265715,0.2545533200265715,0.5119056176943955,137.02005505968415
7.36,4.0,0.25433735468263763,0.25433735468263763,0.5121218760541063,136.9914876631455
7.37,4.0,0.25412206519363584,0.25412206519363584,0.5123382397399849,136.9630808052631
7.38,4.0,0.25390744350967076,0.25390744350967076,0.5125547581333034,136.93482511365653
7.39,4.0,0.25369348489825766,0.25369348489825766,0.5127713873410483,136.90674167487992
7.4,4.0,0.2534802009683177,0.2534802009683177,0.5129881678920402,136.8788355363206
7.41,4.0,0.25326756775825077,0.25326756775825077,0.5132050722367075,136.85105927370387
7.42,4.0,0.25305559550584106,0.25305559550584106,0.5134221211215356,136.8234671326414
7.43,4.0,0.2528442817094333,0.2528442817094333,0.5136393004910834,136.7960162672416
7.44,4.0,0.25263361565541126,0.25263361565541126,0.5138566245051147,136.76873875372482
7.45,4.0,0.2524236158966255,0.2524236158966255,0.5140740902186697,136.7416117532563
7.46,4.0,0.25221425943226805,0.25221425943226805,0.5142916799480367,136.71464708156515
7.47,4.0,0.2520055465502966,0.2520055465502966,0.5145094174961304,136.68784242752295
7.48,4.0,0.25179747639041494,0.25179747639041494,0.5147273135057471,136.66118297751717
7.49,4.0,0.25159005474194596,0.25159005474194596,0.5149453262314666,136.63468456894398
7.5,4.0,0.25138327211609285,0.25138327211609285,0.5151634867976601,136.60832810894647
7.51,4.0,0.2511771282382348,0.2511771282382348,0.5153818106342423,136.58214386045637
7.52,4.0,0.25097161920417477,0.25097161920417477,0.5156002644917669,136.5560929017544
7.53,4.0,0.25076674667400806,0.25076674667400806,0.5158188913058218,136.53021861882178
7.54,4.0,0.25056250502049643,0.25056250502049643,0.516037633007519,136.5044670339481
7.55,4.0,0.2503588865373164,0.2503588865373164,0.5162565424829907,136.47888879151577
7.56,4.0,0.2501558868536611,0.2501558868536611,0.5164755794535989,136.45343571775746
7.57,4.0,0.24995351820845538,0.24995351820845538,0.5166947937631395,136.42815443865467
7.58,4.0,0.2497517770721919,0.2497517770721919,0.5169141553677553,136.40301074850626
7.59,4.0,0.24955065210319555,0.24955065210319555,0.5171336697103451,136.37801099418326
7.6,4.0,0.24935014225383528,0.24935014225383528,0.5173533372126036,136.3531719437788
7.61,4.0,0.2491502457316509,0.2491502457316509,0.5175731556513256,136.32847879281908
7.62,4.0,0.24895096195736816,0.24895096195736816,0.5177931368299922,136.30391545343872
7.63,4.0,0.24875229929775625,0.24875229929775625,0.5180132747493357,136.27949899196824
7.64,4.0,0.2485542258786006,0.2485542258786006,0.5182335672895645,136.25524204088293
7.65,4.0,0.248356770633877,0.248356770633877,0.5184540143086761,136.2311067256272
7.66,4.0,0.24815992234725248,0.24815992234725248,0.5186746208248613,136.2071216350999
7.67,4.0,0.24796367124545013,0.24796367124545013,0.5188954108138432,136.18329352443314
7.68,4.0,0.2477680122998262,0.2477680122998262,0.5191163288105217,136.15958478320346
7.69,4.0,0.24757295802465312,0.24757295802465312,0.5193374339904179,136.13602591495652
7.7,4.0,0.24737848567405663,0.24737848567405663,0.519558705479611,136.11261700808043
7.71,4.0,0.24718461314997447,0.24718461314997447,0.519780130552338,136.08933501507474
7.72,4.0,0.2469913293122773,0.2469913293122773,0.5200017148156578,136.06618952913135
7.73,4.0,0.2467986443565336,0.2467986443565336,0.5202234776684903,136.04319719230938
7.74,4.0,0.2466065456517276,0.2466065456517276,0.5204454032328497,136.02032809800403
7.75,4.0,0.24641502266604806,0.24641502266604806,0.5206675040081707,135.99761070116162
7.76,4.0,0.24622408290531048,0.24622408290531048,0.5208897607082549,135.9750112638615
7.77,4.0,0.24603372713177346,0.24603372713177346,0.5211122046873509,135.95255221660804
7.78,4.0,0.24584394201021614,0.24584394201021614,0.5213348065872723,135.93022660884648
7.79,4.0,0.24565473662367107,0.24565473662367107,0.521557572537596,135.90803149280356
7.8,4.0,0.24546611094554102,0.24546611094554102,0.5217805193014109,135.8859861931137
7.81,4.0,0.2452780536732728,0.2452780536732728,0.5220036494355371,135.86406593546477
7.82,4.0,0.24509055231013413,0.24509055231013413,0.5222269452861313,135.84227611598752
7.83,4.0,0.2449036359323387,0.2449036359323387,0.5224504104678361,135.82061354026095
7.84,4.0,0.24471727371894886,0.24471727371894886,0.5226740532509891,135.79909446085003
7.85,4.0,0.24453148551426204,0.24453148551426204,0.5228978891280203,135.77770104650318
7.86,4.0,0.24434624863422721,0.24434624863422721,0.5231219000405746,135.7564305569985
7.87,4.0,0.24416158150274708,0.24416158150274708,0.5233460779990666,135.73529169861368
7.88,4.0,0.24397747400099087,0.24397747400099087,0.5235704419416694,135.71428162828843
7.89,4.0,0.2437939142309586,0.2437939142309586,0.5237949822879165,135.69341344865902
7.9,4.0,0.24361091157301232,0.24361091157301232,0.524019708560685,135.67265946782075
7.91,4.0,0.24342844487135784,0.24342844487135784,0.5242446227066123,135.65203404788835
7.92,4.0,0.24324654185095526,0.24324654185095526,0.5244697083229677,135.63152875401192
7.93,4.0,0.24306519168449067,0.24306519168449067,0.524694970868024,135.61115613064985
7.94,4.0,0.24288437408448532,0.24288437408448532,0.5249204289375966,135.5909144025864
7.95,4.0,0.24270411794691013,0.24270411794691013,0.5251460767444988,135.57079717808315
7.96,4.0,0.24252438991269992,0.24252438991269992,0.525371889863694,135.550790427008
7.97,4.0,0.242345201166578,0.242345201166578,0.5255979016216572,135.5309173725595
7.98,4.0,0.2421665610775004,0.2421665610775004,0.5258241193083054,135.5111649622116
7.99,4.0,0.2419884449980086,0.2419884449980086,0.5260504929454407,135.49152772321412
8.0,4.0,0.24181087454742264,0.24181087454742264,0.5262770651939015,135.47201749783318
8.01,4.0,0.24163382867714162,0.24163382867714162,0.5265038374066991,135.45262728855397
8.02,4.0,0.24145731622345926,0.24145731622345926,0.5267308104353118,135.43336711526945
8.03,4.0,0.24128133379831743,0.24128133379831743,0.5269579514060906,135.41421757585596
8.04,4.0,0.24110587230701172,0.24110587230701172,0.5271852927150438,135.39518959778013
8.05,4.0,0.24093094057598632,0.24093094057598632,0.5274128319784941,135.3762806744663
8.06,4.0,0.2407565363608509,0.2407565363608509,0.5276405553566562,135.3574932916329
8.07,4.0,0.24058264951246933,0.24058264951246933,0.5278684770886717,135.33883606984
8.08,4.0,0.2404092787114027,0.2404092787114027,0.528096599266917,135.320278943215
8.09,4.0,0.24023642226980904,0.24023642226980904,0.5283249058302674,135.30184632679715
8.1,4.0,0.24006409021843864,0.24006409021843864,0.528553421254931,135.2835124116361
8.11,4.0,0.2398922801022403,0.2398922801022403,0.5287821240678965,135.26530692274864
8.12,4.0,0.2397209617733844,0.2397209617733844,0.5290110289046643,135.2472186721883
8.13,4.0,0.23955016395789586,0.23955016395789586,0.5292401335782637,135.22925820007424
8.14,4.0,0.23937988564157348,0.23937988564157348,0.5294694398706942,135.21140067705872
8.15,4.0,0.23921010507770413,0.23921010507770413,0.5296989411239326,135.19364269005652
8.16,4.0,0.2390408316714882,0.2390408316714882,0.5299286411478139,135.17601430144612
8.17,4.0,0.2388720546527508,0.2388720546527508,0.5301585488741639,135.15849752042504
8.18,4.0,0.23870378196411418,0.23870378196411418,0.5303886526341923,135.14108660721325
8.19,4.0,0.23853602417458547,0.23853602417458547,0.5306189671508907,135.12379773728983
8.2,4.0,0.23836874852672238,0.23836874852672238,0.5308494803697147,135.10661861491894
8.21,4.0,0.2382019750730044,0.2382019750730044,0.5310802040019553,135.0895474632671
8.22,4.0,0.23803570214168437,0.23803570214168437,0.5313111271659186,135.07258754791565
8.23,4.0,0.23786990807512104,0.23786990807512104,0.5315422467302977,135.0557357890229
8.24,4.0,0.23770462313861615,0.23770462313861615,0.5317735789875844,135.0389927463854
8.25,4.0,0.23753981610482908,0.23753981610482908,0.5320051251233755,135.0223636521066
8.26,4.0,0.23737549578366743,0.23737549578366743,0.5322368798718086,135.00584198337327
8.27,4.0,0.23721167034766966,0.23721167034766966,0.5324688369622218,134.98941620499443
8.28,4.0,0.23704831972947826,0.23704831972947826,0.5327010074972688,134.97310893863417
8.29,4.0,0.236885461747023,0.236885461747023,0.5329333762342684,134.95691216432783
8.3,4.0,0.23672308707259235,0.23672308707259235,0.5331659691178958,134.94082182359077
8.31,4.0,0.23656119225561315,0.23656119225561315,0.5333987493340459,134.9248340081014
8.32,4.0,0.23639976920229955,0.23639976920229955,0.5336317657363144,134.9089518494737
8.33,4.0,0.23623882522609943,0.23623882522609943,0.5338649885841136,134.89317870910014
8.34,4.0,0.23607834877816053,0.23607834877816053,0.5340984145065376,134.8775104513382
8.35,4.0,0.23591837016233522,0.23591837016233522,0.5343320596785935,134.86193080810975
8.36,4.0,0.235758838410551,0.235758838410551,0.5345659304288125,134.84647196279573
8.37,4.0,0.23559979157534747,0.23559979157534747,0.5348000069191233,134.83111910168466
8.38,4.0,0.2354411987855934,0.2354411987855934,0.535034297308584,134.81586382381587
8.39,4.0,0.23528308920754556,0.23528308920754556,0.5352688012687687,134.80071060870702
8.4,4.0,0.2351254420767898,0.2351254420767898,0.5355035246557193,134.78565571456284
8.41,4.0,0.23496825604818256,0.23496825604818256,0.5357384628623423,134.77070351792256
8.42,4.0,0.23481154095070286,0.23481154095070286,0.5359736269643088,134.75585803935502
8.43,4.0,0.234655275260364,0.234655275260364,0.53620900917114,134.74111731965314
8.44,4.0,0.23449947758798126,0.23449947758798126,0.5364446045971696,134.72647692125693
8.45,4.0,0.2343441269801446,0.2343441269801446,0.5366804187078249,134.71191692445652
8.46,4.0,0.23418923269839173,0.23418923269839173,0.5369164464393035,134.69747219316287
8.47,4.0,0.2340348049047019,0.2340348049047019,0.5371527111417579,134.68313212862964
8.48,4.0,0.23388082098075386,0.23388082098075386,0.5373891891043979,134.66888345771608
8.49,4.0,0.23372730022129315,0.23372730022129315,0.5376258797423886,134.65472495245928
8.5,4.0,0.23357422348584758,0.23357422348584758,0.5378628141540884,134.64067517021243
8.51,4.0,0.2334215879869343,0.2334215879869343,0.5380999665410718,134.62672897547134
8.52,4.0,0.23326940164028948,0.23326940164028948,0.5383373200558779,134.61286996232417
8.53,4.0,0.23311767628648622,0.23311767628648622,0.5385749139240629,134.5991054036293
8.54,4.0,0.23296638024348765,0.23296638024348765,0.5388127385980764,134.58544471118748
8.55,4.0,0.23281554151007378,0.23281554151007378,0.5390507787094603,134.57188198536755
8.56,4.0,0.23266512952399074,0.23266512952399074,0.539289045690909,134.55839577679367
8.57,4.0,0.23251516353027035,0.23251516353027035,0.5395275353133363,134.54501957666994
8.58,4.0,0.2323656329765753,0.2323656329765753,0.5397662544297609,134.5317322446206
8.59,4.0,0.23221654802453381,0.23221654802453381,0.5400052229762731,134.51855068213203
8.6,4.0,0.2320678839052549,0.2320678839052549,0.5402443833986633,134.50545643474143
8.61,4.0,0.2318932261034611,0.2318932261034611,0.5401055769041294,134.47563580687287
8.62,4.0,0.2317321524508884,0.2317321524508884,0.5401553775444345,134.45426724732346
8.63,4.0,0.23157151509818405,0.23157151509818405,0.5402050579556498,134.4329795854694
8.64,4.0,0.23141125122879205,0.23141125122879205,0.5402545975269465,134.41175769576077
8.65,4.0,0.2312514012179895,0.2312514012179895,0.5403040082595856,134.3905990317081
8.66,4.0,0.23109196284809086,0.23109196284809086,0.5403532766644047,134.3695100124105
8.67,4.0,0.23093291625259113,0.23093291625259113,0.5404024150103455,134.3484980153596
8.68,4.0,0.23077427030627,0.23077427030627,0.5404514217935876,134.3275393477715
8.69,4.0,0.23061601384765892,0.23061601384765892,0.5405002945628344,134.30665688498829
8.7,4.0,0.23045816611098402,0.23045816611098402,0.5405490333236187,134.28582702798235
8.71,4.0,0.2303007065416838,0.2303007065416838,0.5405976428084928,134.2650796963157
8.72,4.0,0.2301436447282247,0.2301436447282247,0.5406461339316933,134.24438972699815
8.73,4.0,0.22998697858983524,0.22998697858983524,0.5406944849603903,134.223774979479
8.74,4.0,0.22983069797064834,0.22983069797064834,0.5407427100153482,134.2032241598199
8.75,4.0,0.22967480118552697,0.22967480118552697,0.5407907978039193,134.1827248837455
8.76,4.0,0.22951929926213313,0.22951929926213313,0.5408387747286563,134.16230930280003
8.77,4.0,0.22936417951554636,0.22936417951554636,0.5408866161505151,134.1419441439205
8.78,4.0,0.22920944056918913,0.22920944056918913,0.5409343126365338,134.12164978050586
8.79,4.0,0.22905510569198612,0.22905510569198612,0.5409819262579234,134.10141492785812
8.8,4.0,0.2289011378452121,0.2289011378452121,0.541029367263301,134.08125338835004
8.81,4.0,0.22874755195405902,0.22874755195405902,0.5410767199520151,134.06115634018045
8.82,4.0,0.22859434297252718,0.22859434297252718,0.5411239246263146,134.0411100194673
8.83,4.0,0.22844153205802895,0.22844153205802895,0.5411710081526807,134.02112670174415
8.84,4.0,0.2282890784911805,0.2282890784911805,0.5412179744399769,134.00122028266057
8.85,4.0,0.22813700970480535,0.22813700970480535,0.5412648006936674,133.98136806003518
8.86,4.0,0.2279853174007818,0.2279853174007818,0.5413115198361331,133.96158133212165
8.87,4.0,0.22783399031406304,0.22783399031406304,0.5413581294233188,133.94186143269292
8.88,4.0,0.22768304557520025,0.22768304557520025,0.5414045984974122,133.92219019633228
8.89,4.0,0.2275324630565433,0.2275324630565433,0.5414509394644661,133.90257558743394
8.9,4.0,0.2273822637177605,0.2273822637177605,0.5414971760324054,133.8830428586073
8.91,4.0,0.22723241370784988,0.22723241370784988,0.5415432659838215,133.86356325760448
8.92,4.0,0.22708294592509223,0.22708294592509223,0.5415892619517417,133.84414125515352
8.93,4.0,0.22693384725696739,0.22693384725696739,0.5416351347447187,133.82478593737213
8.94,4.0,0.2267851063804396,0.2267851063804396,0.5416808737399968,133.8054787992195
8.95,4.0,0.22663672498935458,0.22663672498935458,0.541726517343894,133.78623735789893
8.96,4.0,0.22648869857541845,0.22648869857541845,0.5417720105856692,133.76705423149463
8.97,4.0,0.22634104980051406,0.22634104980051406,0.5418174058161221,133.7479281534221
8.98,4.0,0.22619376692576593,0.22619376692576593,0.5418626863264439,133.72887438791903
8.99,4.0,0.2260468281765153,0.2260468281765153,0.5419078451121324,133.709863844402
9.0,4.0,0.2259002429236252,0.2259002429236252,0.5419528791653089,133.6909277315334
9.01,4.0,0.22575403208766848,0.22575403208766848,0.541997813432361,133.67203152849518
9.02,4.0,0.22560816293834007,0.22560816293834007,0.5420426235590762,133.65320368772396
9.03,4.0,0.22546265591359166,0.22546265591359166,0.5420873229327972,133.63443762858017
9.04,4.0,0.22531749840272464,0.22531749840272464,0.5421318912700757,133.6157140514587
9.05,4.0,0.22517268219707437,0.22517268219707437,0.542176364370379,133.59706560661178
9.06,4.0,0.22502823448905224,0.22502823448905224,0.5422207080414478,133.57845890544485
9.07,4.0,0.22488412600355398,0.22488412600355398,0.5422649493891728,133.5599151750813
9.08,4.0,0.22474036476857825,0.22474036476857825,0.5423090704413619,133.5414308045848
9.09,4.0,0.22459696131595383,0.22459696131595383,0.5423530889892534,133.5229983998817
9.1,4.0,0.2244538943471876,0.2244538943471876,0.5423969997574635,133.50463257954488
9.11,4.0,0.22431117197677702,0.22431117197677702,0.5424407836508719,133.48631147105658
9.12,4.0,0.22416879355901825,0.22416879355901825,0.5424844470120697,133.46804038433532
9.13,4.0,0.22402675068852576,0.22402675068852576,0.5425280203035401,133.44984028148104
9.14,4.0,0.22388505995837735,0.22388505995837735,0.5425714659591799,133.43168349289704
9.15,4.0,0.2237437131377975,0.2237437131377975,0.5426148213128348,133.41358451748368
9.16,4.0,0.22360269793925747,0.22360269793925747,0.5426580656425041,133.39554938365632
9.17,4.0,0.2234620133298085,0.2234620133298085,0.5427011950755848,133.37756140105745
9.18,4.0,0.22332167871482528,0.22332167871482528,0.542744207668987,133.35962152030962
9.19,4.0,0.22318167375195333,0.22318167375195333,0.5427871158437768,133.34174794942047
9.2,4.0,0.223041997624433,0.223041997624433,0.5428299143063224,133.32391832411943
9.21,4.0,0.2229026702421225,0.2229026702421225,0.5428726125995208,133.3061432041312
9.22,4.0,0.22276365953959537,0.22276365953959537,0.5429151950321119,133.28842952927087
9.23,4.0,0.2226249856673618,0.2226249856673618,0.5429576723105005,133.27075885288684
9.24,4.0,0.22248664881558794,0.22248664881558794,0.5430000577685241,133.25314325794392
9.25,4.0,0.22234863585051717,0.22234863585051717,0.5430423182159986,133.23558751404687
9.26,4.0,0.22221093846068876,0.22221093846068876,0.5430844872258261,133.21807974967177
9.27,4.0,0.22207358312240036,0.22207358312240036,0.5431265260735184,133.2006144286749
9.28,4.0,0.22193655298140325,0.22193655298140325,0.543168487987794,133.18321737933758
9.29,4.0,0.22179983442875562,0.22179983442875562,0.5432103349836205,133.16586057995352
9.3,4.0,0.22166345681563898,0.22166345681563898,0.5432520650085665,133.14855684477985
9.31,4.0,0.22152739194423124,0.22152739194423124,0.5432937173234519,133.13130450097407
9.32,4.0,0.22139164595560204,0.22139164595560204,0.5433352438608188,133.11410009348592
9.33,4.0,0.22125624075648279,0.22125624075648279,0.5433766843146008,133.09696122893376
9.34,4.0,0.22112112328876068,0.22112112328876068,0.5434180061674321,133.07985739030534
9.35,4.0,0.22098634486411758,0.22098634486411758,0.5434592373576498,133.06280598842648
9.36,4.0,0.22085188388059274,0.22085188388059274,0.5435003629830178,133.04581915483547
9.37,4.0,0.2207177303879809,0.2207177303879809,0.5435413970351257,133.0288740404369
9.38,4.0,0.22058389144233267,0.22058389144233267,0.543582306432679,133.0119676898346
9.39,4.0,0.22045037982853866,0.22045037982853866,0.5436231399832784,132.99511715821015
9.4,4.0,0.22031717162479236,0.22031717162479236,0.543663851602814,132.97831760754988
9.41,4.0,0.22018427851470854,0.22018427851470854,0.5437044784683097,132.96157625105573
9.42,4.0,0.22005168781947812,0.22005168781947812,0.5437449890567193,132.94487438666397
9.43,4.0,0.21991942111878326,0.21991942111878326,0.5437854179164121,132.92821878796093
9.44,4.0,0.2197874562617416,0.2197874562617416,0.5438257420682934,132.91161088646655
9.45,4.0,0.21965580416813968,0.21965580416813968,0.5438659855104546,132.8950609461635
9.46,4.0,0.21952446093693503,0.21952446093693503,0.5439061022281706,132.87856214346573
9.47,4.0,0.21939340803169474,0.21939340803169474,0.5439461229250704,132.86209704170247
9.48,4.0,0.21926267579932948,0.21926267579932948,0.5439860632424018,132.8456867123215
9.49,4.0,0.21913224178385246,0.21913224178385246,0.5440258977550116,132.82932007265512
9.5,4.0,0.21900210598571637,0.21900210598571637,0.5440656340473675,132.8130066957942
9.51,4.0,0.2188722781670259,0.2188722781670259,0.5441052793184336,132.79673261396297
9.52,4.0,0.21874275680342295,0.21874275680342295,0.5441448213256971,132.78051885909673
9.53,4.0,0.21861353167608893,0.21861353167608893,0.5441842695485607,132.7643404089003
9.54,4.0,0.21848460245977472,0.21848460245977472,0.5442236227105826,132.74821111041354
9.55,4.0,0.21835596863270407,0.21835596863270407,0.5442628889121575,132.7321261694445
9.56,4.0,0.21822764814194828,0.21822764814194828,0.5443020440732809,132.71609068428444
9.57,4.0,0.21809960267775755,0.21809960267775755,0.5443411239280014,132.7001111947609
9.58,4.0,0.21797185889346532,0.21797185889346532,0.5443800908563274,132.68416147426163
9.59,4.0,0.2178444189877822,0.2178444189877822,0.5444189815775962,132.6682638250303
9.6,4.0,0.21771728040656713,0.21771728040656713,0.5444577708631977,132.65241369486517
9.61,4.0,0.21759041272411453,0.21759041272411453,0.5444964650191815,132.63660218169875
9.62,4.0,0.21746384583919104,0.21746384583919104,0.5445350686560854,132.62084177036309
9.63,4.0,0.21733756924876887,0.21733756924876887,0.5445735848055673,132.6051214276146
9.64,4.0,0.2172115913834218,0.2172115913834218,0.5446119991150141,132.5894468686251
9.65,4.0,0.2170858930613361,0.2170858930613361,0.5446503325068673,132.57381889918537
9.66,4.0,0.21696048182758493,0.21696048182758493,0.5446885618742668,132.55824420718383
9.67,4.0,0.21683535829488168,0.21683535829488168,0.5447267010522479,132.54270196937782
9.68,4.0,0.21671053264346046,0.21671053264346046,0.5447647625612828,132.5272085675577
9.69,4.0,0.21658597270043314,0.21658597270043314,0.5448027294224941,132.51175244737644
9.7,4.0,0.21646170819925134,0.21646170819925134,0.544840599671512,132.4963460537023
9.71,4.0,0.21633772908397356,0.21633772908397356,0.5448783824792477,132.48098294821395
9.72,4.0,0.21621402418984953,0.21621402418984953,0.5449160750421426,132.4656593143956
9.73,4.0,0.2160906140980269,0.2160906140980269,0.5449536904484952,132.45038420622117
9.74,4.0,0.2159674749258671,0.2159674749258671,0.5449911821361088,132.43514302302464
9.75,4.0,0.21584461120187465,0.21584461120187465,0.5450286275468403,132.41995328184694
9.76,4.0,0.21572203792633265,0.21572203792633265,0.5450659579332086,132.40480321263274
9.77,4.0,0.21559973757012008,0.21559973757012008,0.5451032213946183,132.38970051693852
9.78,4.0,0.2154777166315095,0.2154777166315095,0.5451403754864762,132.37464392395947
9.79,4.0,0.21535597686572777,0.21535597686572777,0.5451774539609925,132.3596118660275
9.8,4.0,0.21523450630224472,0.21523450630224472,0.5452144383077535,132.34463865196932
9.81,4.0,0.21511330518652136,0.21511330518652136,0.5452513406250633,132.32969497672335
9.82,4.0,0.214992382720454,0.214992382720454,0.5452881550889005,132.3147930932531
9.83,4.0,0.21487438075954665,0.21487438075954665,0.5453626743568604,132.18821440270017
9.84,4.0,0.2147520578336655,0.2147520578336655,0.5453714893022356,132.17452394118902
9.85,4.0,0.21462997343793905,0.21462997343793905,0.5453798160295447,132.16088172711463
9.86,4.0,0.2145081382227797,0.2145081382227797,0.5453876674077436,132.14728647065087
9.87,4.0,0.21438654018144915,0.21438654018144915,0.545395026100826,132.13374651328962
9.88,4.0,0.21426518040166873,0.21426518040166873,0.5454019160356575,132.12025481055204
9.89,4.0,0.2141440675547965,0.2141440675547965,0.5454083255026817,132.10681136201225
9.9,4.0,0.21402320233474856,0.21402320233474856,0.5454142708502238,132.09342755929137
9.91,4.0,0.21390256280494274,0.21390256280494274,0.5454197385410698,132.0800816715471
9.92,4.0,0.21378216970487235,0.21378216970487235,0.5454247415326998,132.06679284324707
9.93,4.0,0.2136620128890102,0.2136620128890102,0.545429290775598,132.05355492572767
9.94,4.0,0.21354209144944905,0.21354209144944905,0.5454333777243766,132.04035925255403
9.95,4.0,0.21342241458986616,0.21342241458986616,0.5454369999807177,132.0272157315979
9.96,4.0,0.2133029624829003,0.2133029624829003,0.5454401702459774,132.01411949702333
9.97,4.0,0.21318374429786427,0.21318374429786427,0.545442883693131,132.00106830770198
9.98,4.0,0.2130647801802221,0.2130647801802221,0.5454451483754001,131.9880684436629
9.99,4.0,0.21294602863592255,0.21294602863592255,0.5454469551721308,131.9751121227388
10.0,4.0,0.21282752121815765,0.21282752121815765,0.5454483293111761,131.96219465033874
10.01,4.0,0.21280401906000035,0.21280401906000035,0.5454426368755011,131.94934132522775
10.02,4.0,0.21277513809978663,0.21277513809978663,0.5454368873195885,131.93652731447585
10.03,4.0,0.2127463031684796,0.2127463031684796,0.5454307091590902,131.92375380479075
10.04,4.0,0.2127175060963445,0.2127175060963445,0.545424126153931,131.91103869907843
10.05,4.0,0.21268876441469775,0.21268876441469775,0.5454171029530004,131.89835878216277
10.06,4.0,0.2126600700835388,0.2126600700835388,0.5454096688477248,131.88572536589584
10.07,4.0,0.21263141262865523,0.21263141262865523,0.545401818318362,131.87314188480102
10.08,4.0,0.21260280241220886,0.21260280241220886,0.5453935557043489,131.86060055957856
10.09,4.0,0.21257423945040102,0.21257423945040102,0.5453848796325582,131.84809913916453
10.1,4.0,0.21254571429367883,0.21254571429367883,0.5453758028681278,131.8356469686052
10.11,4.0,0.21251724648951154,0.21251724648951154,0.5453663152292855,131.8232342661352
10.12,4.0,0.21248865477367807,0.21248865477367807,0.5453564159444613,131.8108643795639
10.13,4.0,0.21245825838423207,0.21245825838423207,0.5453462725668811,131.79854638302294
10.14,4.0,0.21242791990432167,0.21242791990432167,0.5453357269103046,131.78626891888794
10.15,4.0,0.21239761005212673,0.21239761005212673,0.5453247926022647,131.77402420668153
10.16,4.0,0.2123673672528675,0.2123673672528675,0.5453134431271608,131.76182270729655
10.17,4.0,0.21233717359874993,0.21233717359874993,0.5453017107106171,131.74967071544776
10.18,4.0,0.21230702871746351,0.21230702871746351,0.5452895902328987,131.73755906953033
10.19,4.0,0.2122769316774173,0.2122769316774173,0.5452770685756382,131.7254900923769
10.2,4.0,0.21224689496900806,0.21224689496900806,0.545264178730627,131.71346651575752
10.21,4.0,0.21221689622407322,0.21221689622407322,0.5452508926896541,131.70147868037787
10.22,4.0,0.21218695714531483,0.21218695714531483,0.5452372293563617,131.68953443591815
10.23,4.0,0.21215705806590104,0.21215705806590104,0.5452231975729939,131.67762183968563
10.24,4.0,0.21212720651500383,0.21212720651500383,0.545208762917357,131.66575628640297
10.25,4.0,0.21209740661267068,0.21209740661267068,0.5451939809825247,131.6539350183943
10.26,4.0,0.2120676548013947,0.2120676548013947,0.5451788028586603,131.64214889174303
10.27,4.0,0.21203796384124818,0.21203796384124818,0.5451632671655873,131.6304012258411
10.28,4.0,0.2120083124537887,0.2120083124537887,0.5451473561718022,131.61869580593202
10.29,4.0,0.21197871153713216,0.21197871153713216,0.5451310853679943,131.6070330680872
10.3,4.0,0.21194916085778712,0.21194916085778712,0.5451144498612848,131.59540628351954
10.31,4.0,0.21191965075545519,0.21191965075545519,0.545097454018861,131.5838087877335
10.32,4.0,0.21189020134254338,0.21189020134254338,0.5450800992885371,131.57225686034516
10.33,4.0,0.21186080155368725,0.21186080155368725,0.5450623734116015,131.56074967794353
10.34,4.0,0.21183143283749217,0.21183143283749217,0.5450442959344822,131.5492685467599
10.35,4.0,0.2118021261050763,0.2118021261050763,0.5450258786648399,131.53784103753904
10.36,4.0,0.21177286013282948,0.21177286013282948,0.5450071063986225,131.52644187615036
10.37,4.0,0.21174364392888773,0.21174364392888773,0.5449879640945217,131.51507133667786
10.38,4.0,0.2117144803499717,0.2117144803499717,0.5449684927983102,131.50374746506358
10.39,4.0,0.21168535770560054,0.21168535770560054,0.5449486678667059,131.49246576110383
10.4,4.0,0.2116562874854764,0.2116562874854764,0.5449285131695584,131.48121569812872
10.41,4.0,0.2116272678182986,0.2116272678182986,0.5449080004231104,131.47000102381747
10.42,4.0,0.21159829160866048,0.21159829160866048,0.5448871707046826,131.4588190270807
10.43,4.0,0.21156935520472087,0.21156935520472087,0.5448659736879405,131.4476742162054
10.44,4.0,0.21154047100037462,0.21154047100037462,0.5448444444404518,131.43657355708189
10.45,4.0,0.21151164042814416,0.21151164042814416,0.5448226002453244,131.42550249370106
10.46,4.0,0.21148285076535658,0.21148285076535658,0.5448004051022886,131.414467167155
10.47,4.0,0.21145410453977345,0.21145410453977345,0.5447778953477745,131.4034608354825
10.48,4.0,0.2114254198324523,0.2114254198324523,0.5447550416262179,131.39249721449443
10.49,4.0,0.2113967695502373,0.2113967695502373,0.5447318871666073,131.38157405895808
10.5,4.0,0.21136817099130817,0.21136817099130817,0.5447083947759082,131.37068640425537
10.51,4.0,0.2113396045784031,0.2113396045784031,0.5446845711041158,131.3598156051234
10.52,4.0,0.21131110165618847,0.21131110165618847,0.5446604307466714,131.3489884355859
10.53,4.0,0.2112826318861227,0.2112826318861227,0.5446359755370676,131.33820090115483
10.54,4.0,0.2112542259544195,0.2112542259544195,0.544611208988205,131.3274464804706
10.55,4.0,0.2112258425342563,0.2112258425342563,0.544586118178096,131.316715117477
10.56,4.0,0.21119752314181625,0.21119752314181625,0.544560720770859,131.30603119129748
10.57,4.0,0.2111692361904391,0.2111692361904391,0.5445349974089421,131.29537156906846
10.58,4.0,0.21114101399964455,0.21114101399964455,0.5445089782938973,131.28474928720476
10.59,4.0,0.21111281528016626,0.21111281528016626,0.5444826493703209,131.27415531236196
10.6,4.0,0.21108468037887101,0.21108468037887101,0.5444560115781443,131.2635991698142
10.61,4.0,0.21105657992438126,0.21105657992438126,0.5444290772376709,131.25307671152618
10.62,4.0,0.211028532744257,0.211028532744257,0.5444018260244524,131.24258783547614
10.63,4.0,0.21100052026807112,0.21100052026807112,0.5443742839382663,131.23211948275485
10.64,4.0,0.21097255230505163,0.21097255230505163,0.5443464441085577,131.22169284663448
10.65,4.0,0.21094463855373807,0.21094463855373807,0.544318302988637,131.2113013313243
10.66,4.0,0.21091676863893008,0.21091676863893008,0.544289858064575,131.2009367235293
10.67,4.0,0.2108889338690442,0.2108889338690442,0.544261126022835,131.1905944463256
10.68,4.0,0.21086114391491595,0.21086114391491595,0.5442321029094883,131.18029786277887
10.69,4.0,0.21083341950216555,0.21083341950216555,0.5442027971765852,131.17003313096222
10.7,4.0,0.21080571957660277,0.21080571957660277,0.5441731981245874,131.15979180875374
10.71,4.0,0.21077807490316833,0.21077807490316833,0.544143313716451,131.14958191719907
10.72,4.0,0.21075046442672446,0.21075046442672446,0.5441131295315701,131.1394045030218
10.73,4.0,0.21072290010782993,0.21072290010782993,0.5440826759457835,131.12926715312793
10.74,4.0,0.21069538087813391,0.21069538087813391,0.5440519362448265,131.1191398552792
10.75,4.0,0.2106678969909129,0.2106678969909129,0.5440209136763358,131.109052208794
10.76,4.0,0.21064046933281477,0.21064046933281477,0.543989620594707,131.09900770992172
10.77,4.0,0.2106130869640636,0.2106130869640636,0.5439580463732857,131.08897150301334
10.78,4.0,0.21058575015153783,0.21058575015153783,0.5439261918143479,131.0789771444432
10.79,4.0,0.21055843900465868,0.21055843900465868,0.5438940623477225,131.06901290209947
10.8,4.0,0.2105311847528712,0.2105311847528712,0.5438616725745679,131.05907248776055
10.81,4.0,0.21050397538919774,0.21050397538919774,0.5438289950132554,131.0491658717933
10.82,4.0,0.21047679295467484,0.21047679295467484,0.5437960611216275,131.0392969699474
10.83,4.0,0.21044966702372214,0.21044966702372214,0.543762861831089,131.02944017790193
10.84,4.0,0.21042259611641723,0.21042259611641723,0.5437293745753484,131.01961956027907
10.85,4.0,0.2103955530821786,0.2103955530821786,0.5436956465649148,131.00983436499408
10.86,4.0,0.21036854585454223,0.21036854585454223,0.543661645791203,131.00006569313956
10.87,4.0,0.2103415865039145,0.2103415865039145,0.5436273994169897,130.9903319872531
10.88,4.0,0.21031467171739418,0.21031467171739418,0.5435928617989292,130.98062400580454
10.89,4.0,0.21028780510582407,0.21028780510582407,0.543558086295823,130.97094330380406
10.9,4.0,0.2102609751946938,0.2102609751946938,0.5435230499214744,130.96129700370457
10.91,4.0,0.2102341923682842,0.2102341923682842,0.5434877588445426,130.95166922174232
10.92,4.0,0.21020744622074672,0.21020744622074672,0.5434522084751343,130.94207409419792
10.93,4.0,0.21018073817323632,0.21018073817323632,0.5434164193002079,130.9325186658963
10.94,4.0,0.21015407723356677,0.21015407723356677,0.5433803762435198,130.922979061674
10.95,4.0,0.21012746208309074,0.21012746208309074,0.543344060609958,130.91345706166044
10.96,4.0,0.21010088670963256,0.21010088670963256,0.5433075291043665,130.90397994413777
10.97,4.0,0.21007434776022244,0.21007434776022244,0.5432707370131941,130.89452291315928
10.98,4.0,0.21004785594856631,0.21004785594856631,0.5432336921150056,130.88508750992955
10.99,4.0,0.21002140284714793,0.21002140284714793,0.5431964165804426,130.87568842776074
11.0,4.0,0.2099949867493833,0.2099949867493833,0.5431588892222481,130.8663064495596
11.01,4.0,0.20996862941717595,0.20996862941717595,0.5431211302435738,130.85695833311524
11.02,4.0,0.2099422995225157,0.2099422995225157,0.5430831254902722,130.84762920464811
11.03,4.0,0.20991599674603023,0.20991599674603023,0.5430448705536863,130.83832570819806
11.04,4.0,0.20988976410296395,0.20988976410296395,0.5430064045109546,130.82906344832512
11.05,4.0,0.20986355955038355,0.20986355955038355,0.5429677025054922,130.81981406603418
11.06,4.0,0.2098373927400359,0.2098373927400359,0.5429287586638133,130.8105959551626
11.07,4.0,0.2098112627715802,0.2098112627715802,0.5428895602672345,130.80139474962655
11.08,4.0,0.2097851827957836,0.2097851827957836,0.5428501514797518,130.79223026114084
11.09,4.0,0.20975914134298396,0.20975914134298396,0.5428105124902981,130.78308874655798
11.1,4.0,0.20973313907821214,0.20973313907821214,0.5427706514673727,130.7739677388194
11.11,4.0,0.2097071746998788,0.2097071746998788,0.5427305529491608,130.76488008151657
11.12,4.0,0.20968125989007796,0.20968125989007796,0.5426902371033657,130.7558036313592
11.13,4.0,0.20965537400146078,0.20965537400146078,0.5426496999129616,130.74676985524385
11.14,4.0,0.20962953682101418,0.20962953682101418,0.5426089334038635,130.73775724360377
11.15,4.0,0.20960373615389893,0.20960373615389893,0.5425679376948032,130.72875906461445
11.16,4.0,0.20957797774040512,0.20957797774040512,0.542526737405498,130.71979621702957
11.17,4.0,0.2095522523359038,0.2095522523359038,0.54248530132341,130.71084460273659
11.18,4.0,0.2095265670223526,0.2095265670223526,0.5424436588484747,130.70193246028344
11.19,4.0,0.20950093411457765,0.20950093411457765,0.5424017989681168,130.69302780638765
11.2,4.0,0.20947533291595566,0.20947533291595566,0.5423597139712337,130.68416268604142
11.21,4.0,0.20944976315163055,0.20944976315163055,0.5423174288888445,130.6753082351418
11.22,4.0,0.2094242444626832,0.2094242444626832,0.5422749222318785,130.6664931046473
11.23,4.0,0.20939875710535075,0.20939875710535075,0.5422322128576964,130.65769602965173
11.24,4.0,0.20937331102857262,0.20937331102857262,0.5421892876566135,130.64891566213484
11.25,4.0,0.20934790641493195,0.20934790641493195,0.5421461608715697,130.64017071439704
11.26,4.0,0.20932254215355367,0.20932254215355367,0.542102819681348,130.63144167689637
11.27,4.0,0.20929720969922297,0.20929720969922297,0.5420592687705933,130.62274161886344
11.28,4.0,0.20927192807645512,0.20927192807645512,0.5420155225045786,130.6140494941146
11.29,4.0,0.20924667653210421,0.20924667653210421,0.5419715579541328,130.6053975735987
11.3,4.0,0.20922146776872672,0.20922146776872672,0.5419274128636924,130.59676123061283
11.31,4.0,0.20919628707829083,0.20919628707829083,0.5418830499126376,130.58815037609887
11.32,4.0,0.2091711587099246,0.2091711587099246,0.5418384846942241,130.57955669283268
11.33,4.0,0.20914606218244036,0.20914606218244036,0.5417937413838647,130.57100326578222
11.34,4.0,0.20912100390000862,0.20912100390000862,0.5417487820588028,130.56245749722405
11.35,4.0,0.20909598708896285,0.20909598708896285,0.5417036241904317,130.5539315966538
11.36,4.0,0.20907100117896302,0.20907100117896302,0.541658273793136,130.54543662960802
11.37,4.0,0.20904606565262684,0.20904606565262684,0.5416127243711665,130.53696045305063
11.38,4.0,0.20902115970511753,0.20902115970511753,0.5415669940379384,130.52851263403676
11.39,4.0,0.20899629592554259,0.20899629592554259,0.5415210742731782,130.5200762119458
11.4,4.0,0.20897146024055577,0.20897146024055577,0.541474952660873,130.51165672076496
11.41,4.0,0.20894667563939265,0.20894667563939265,0.5414286425951089,130.5032745637551
11.42,4.0,0.20892192184184172,0.20892192184184172,0.5413821538807247,130.4949077021639
11.43,4.0,0.20889719838568702,0.20889719838568702,0.5413354814671723,130.48657466998048
11.44,4.0,0.20887252292012165,0.20887252292012165,0.5412886041818931,130.47824600542336
11.45,4.0,0.2088478777188287,0.2088478777188287,0.5412415423745692,130.46994521896877
11.46,4.0,0.2088232846953972,0.2088232846953972,0.5411943214498368,130.46167673554208
11.47,4.0,0.2087448115856734,0.2087448115856734,0.5403761208127819,130.41341298663258
11.48,4.0,0.20871328696281968,0.20871328696281968,0.5402284097996486,130.3999547507504
11.49,4.0,0.20868180227717098,0.20868180227717098,0.540080681960344,130.38652050974719
11.5,4.0,0.20865037003659784,0.20865037003659784,0.5399329420412292,130.3731030516142
11.51,4.0,0.20861898810677093,0.20861898810677093,0.5397851912592309,130.35972818932302
11.52,4.0,0.20858765778500796,0.20858765778500796,0.5396374167067017,130.34635705597927
11.53,4.0,0.20855636780798562,0.20855636780798562,0.5394896330961622,130.33302334719863
11.54,4.0,0.20852512928798705,0.20852512928798705,0.5393418526440006,130.3197090572621
11.55,4.0,0.20849394185312445,0.20849394185312445,0.5391940585330608,130.30642570017446
11.56,4.0,0.20846279485006503,0.20846279485006503,0.5390462542451642,130.29315225149477
11.57,4.0,0.20843169974439413,0.20843169974439413,0.5388984468025235,130.27991636557272
11.58,4.0,0.208400653360617,0.208400653360617,0.5387506197392744,130.26668714640937
11.59,4.0,0.20836965875575128,0.20836965875575128,0.5386028025012483,130.25349375545923
11.6,4.0,0.20833870382752767,0.20833870382752767,0.5384549662084281,130.24031933726576
11.61,4.0,0.20830780122940534,0.20830780122940534,0.5383071334844843,130.22716926123246
11.62,4.0,0.2082769475318793,0.2082769475318793,0.5381592986351665,130.2140465914219
11.63,4.0,0.20824613441983536,0.20824613441983536,0.5380114581267723,130.20093576854967
11.64,4.0,0.2082153713635517,0.2082153713635517,0.5378636165110751,130.18786069506203
11.65,4.0,0.20818465876385026,0.20818465876385026,0.5377157823751095,130.1748033392212
11.66,4.0,0.20815399576512028,0.20815399576512028,0.537567927845848,130.16176536867619
11.67,4.0,0.20812337418021626,0.20812337418021626,0.5374201074874166,130.1487588181094
11.68,4.0,0.20809280177067005,0.20809280177067005,0.5372722753210046,130.13577294092542
11.69,4.0,0.20806226811201886,0.20806226811201886,0.5371244278055738,130.12279947807883
11.7,4.0,0.20803179614089298,0.20803179614089298,0.5369765878607358,130.10985212340114
11.71,4.0,0.2080013639214191,0.2080013639214191,0.5368287746001558,130.09693612791025
11.72,4.0,0.20797096976883572,0.20797096976883572,0.536680950995729,130.0840296797787
11.73,4.0,0.2079406365954514,0.2079406365954514,0.5365331252262737,130.07115402358707
11.74,4.0,0.20791034293195693,0.20791034293195693,0.5363853230695447,130.0582946230446
11.75,4.0,0.20788009829824106,0.20788009829824106,0.5362375223315751,130.04546210371646
11.76,4.0,0.20784989330025405,0.20784989330025405,0.5360897184498079,130.03265524405327
11.77,4.0,0.2078197370116071,0.2078197370116071,0.5359419391399294,130.01986240362376
11.78,4.0,0.20778963086270796,0.20778963086270796,0.5357941644302927,130.0071017152036
11.79,4.0,0.2077595730332235,0.2077595730332235,0.5356463958940383,129.99434968127196
11.8,4.0,0.20772955628704362,0.20772955628704362,0.5354986454214115,129.98162780787567
11.81,4.0,0.20769957695367244,0.20769957695367244,0.535350902543217,129.9689292901945
11.82,4.0,0.2076696580606519,0.2076696580606519,0.5352031824136573,129.95624810795533
11.83,4.0,0.20763977677661244,0.20763977677661244,0.5350554729385031,129.9435977692281
11.84,4.0,0.20760994322462614,0.20760994322462614,0.5349077631822231,129.93095266435523
11.85,4.0,0.2075801503734641,0.2075801503734641,0.5347600797374376,129.91833297928798
11.86,4.0,0.20755041679021052,0.20755041679021052,0.5346124158583622,129.90574380686968
11.87,4.0,0.2075207103767442,0.2075207103767442,0.5344647592200588,129.89316916608203
11.88,4.0,0.20749106539297382,0.20749106539297382,0.5343171389031578,129.8806264677985
11.89,4.0,0.20746145564899576,0.20746145564899576,0.53416951313142,129.8680949774196
11.9,4.0,0.20743189602558904,0.20743189602558904,0.534021919354853,129.8555845483684
11.91,4.0,0.20740237456342697,0.20740237456342697,0.5338743451381842,129.84310130735958
11.92,4.0,0.2073729017655868,0.2073729017655868,0.5337267849417006,129.83062888887673
11.93,4.0,0.2073434767426005,0.2073434767426005,0.5335792536767867,129.8181855700024
11.94,4.0,0.2073140901670432,0.2073140901670432,0.533431733321336,129.8057658367554
11.95,4.0,0.20728475247810046,0.20728475247810046,0.5332842436319806,129.79335593863667
11.96,4.0,0.20725546216668328,0.20725546216668328,0.533136776265451,129.7809848204628
11.97,4.0,0.20722620880294493,0.20722620880294493,0.5329893144173318,129.76861491963842
11.98,4.0,0.20719700638726835,0.20719700638726835,0.5328419117909062,129.75627577998966
11.99,4.0,0.2071678492695937,0.2071678492695937,0.5326945046810823,129.7439556436255
12.0,4.0,0.20713873081816914,0.20713873081816914,0.5325471398594909,129.73165931023985
12.01,4.0,0.20710965992347496,0.20710965992347496,0.5323997886829008,129.71937555349666
12.02,4.0,0.2070806268091772,0.2070806268091772,0.5322524673668982,129.70711816473622
12.03,4.0,0.2070516425095252,0.2070516425095252,0.5321051910489456,129.69488563632453
12.04,4.0,0.20702270486300134,0.20702270486300134,0.5319579289352074,129.68265949242655
12.05,4.0,0.20699380529234251,0.20699380529234251,0.5318107025389086,129.6704718010074
12.06,4.0,0.20696495306805365,0.20696495306805365,0.5316635004942408,129.65829331923197
12.07,4.0,0.206936147791698,0.206936147791698,0.5315163316252659,129.64614108645077
12.08,4.0,0.20690737951728916,0.20690737951728916,0.531369183464843,129.6340030923326
12.09,4.0,0.20687865852386253,0.20687865852386253,0.531222073474471,129.62188516877512
12.1,4.0,0.20684997498580487,0.20684997498580487,0.5310749909077385,129.609792822518
12.11,4.0,0.20682134055204698,0.20682134055204698,0.5309279571540306,129.59771661283102
12.12,4.0,0.206792750572806,0.206792750572806,0.5307809515644665,129.585657926296
12.13,4.0,0.2067641992062283,0.2067641992062283,0.5306339758867203,129.57362908299288
12.14,4.0,0.20673569419702276,0.20673569419702276,0.5304870388994432,129.56161238122277
12.15,4.0,0.2067072261060698,0.2067072261060698,0.5303401234779774,129.54960864694203
12.16,4.0,0.20667880593003687,0.20667880593003687,0.5301932692519288,129.53763578880526
12.17,4.0,0.20665043097000713,0.20665043097000713,0.5300464258259231,129.52568307314056
12.18,4.0,0.2066220931154062,0.2066220931154062,0.529899633298857,129.5137421342383
12.19,4.0,0.20659380154490073,0.20659380154490073,0.529752865827315,129.50182534310244
12.2,4.0,0.20656555901552995,0.20656555901552995,0.5296061629507146,129.48993383008735
12.21,4.0,0.20653734998207196,0.20653734998207196,0.5294594753418371,129.47804748504907
12.22,4.0,0.20650917784167,0.20650917784167,0.5293128241154919,129.46618814328727
12.23,4.0,0.20648106399960572,0.20648106399960572,0.5291662393153217,129.4543583692186
12.24,4.0,0.20645297444341743,0.20645297444341743,0.5290196680571574,129.44253207384813
12.25,4.0,0.20642494313492182,0.20642494313492182,0.5288731627299086,129.43073358510372
12.26,4.0,0.20639694667060487,0.20639694667060487,0.528726679328328,129.418957539022
12.27,4.0,0.20636898678363103,0.20636898678363103,0.528580241517964,129.407193425922
12.28,4.0,0.20634108249144276,0.20634108249144276,0.5284338476622479,129.39544597666455
12.29,4.0,0.20631320559760985,0.20631320559760985,0.5282875111878752,129.38372446264805
12.3,4.0,0.20628538284548764,0.20628538284548764,0.5281411993273294,129.3720168246595
12.31,4.0,0.20625759693985046,0.20625759693985046,0.5279949373422815,129.36033708389988
12.32,4.0,0.2062298467717812,0.2062298467717812,0.5278487226748009,129.34866570506955
12.33,4.0,0.20620214342593066,0.20620214342593066,0.5277025579168378,129.3370218667214
12.34,4.0,0.2061744852682471,0.2061744852682471,0.5275564317885474,129.32539440185425
12.35,4.0,0.20614686239175892,0.20614686239175892,0.5274103623967412,129.31378540748292
12.36,4.0,0.20611928516057176,0.20611928516057176,0.5272643263991394,129.30218987551947
12.37,4.0,0.20609174329476568,0.20609174329476568,0.5271183473476573,129.29062878571463
12.38,4.0,0.20606424754287014,0.20606424754287014,0.5269724218045693,129.27907058559805
12.39,4.0,0.20603679705672523,0.20603679705672523,0.5268265377464891,129.26753084553366
12.4,4.0,0.20600938224904422,0.20600938224904422,0.5266807022312319,129.25601776684445
12.41,4.0,0.20598201237884864,0.20598201237884864,0.5265349181230394,129.24452156247384
12.42,4.0,0.20595467875892806,0.20595467875892806,0.5263891909451079,129.23304735979175
12.43,4.0,0.2059273787067017,0.2059273787067017,0.526243511250768,129.22158362036316
12.44,4.0,0.20590013468527404,0.20590013468527404,0.5260978690509109,129.21013583516302
12.45,4.0,0.2058729253628353,0.2058729253628353,0.525952290721278,129.19872307248576
12.46,4.0,0.20584575198078828,0.20584575198078828,0.5258067785265701,129.18731879975104
12.47,4.0,0.20581862271880536,0.20581862271880536,0.5256613078624092,129.17593157255152
12.48,4.0,0.20579153827425237,0.20579153827425237,0.525515873210898,129.16455645790393
12.49,4.0,0.20576448929613672,0.20576448929613672,0.5253705126372438,129.15321376498667
12.5,4.0,0.20573747457983022,0.20573747457983022,0.5252251969740763,129.14188070717543
12.51,4.0,0.20571051444636992,0.20571051444636992,0.5250799408609894,129.1305666465299
12.52,4.0,0.20568357978871457,0.20568357978871457,0.5249347470950876,129.11928028311905
12.53,4.0,0.20565669989427557,0.20565669989427557,0.5247896036098226,129.10800304330144
12.54,4.0,0.20562984395758208,0.20562984395758208,0.5246445141964041,129.09673816271058
12.55,4.0,0.20560304222386788,0.20560304222386788,0.5244994804870243,129.08549689045927
12.56,4.0,0.20557626522295583,0.20557626522295583,0.5243545000713736,129.07426953070768
12.57,4.0,0.20554954232472228,0.20554954232472228,0.5242095873631872,129.06307870498995
12.58,4.0,0.205522853886165,0.205522853886165,0.5240647220260348,129.05188849039098
12.59,4.0,0.2054962110949656,0.2054962110949656,0.5239199344999232,129.04071765841792
12.6,4.0,0.20546960050324367,0.20546960050324367,0.5237751766276092,129.02955921965537
12.61,4.0,0.20544302468930645,0.20544302468930645,0.5236304997856152,129.01843165628455
12.62,4.0,0.20541649504542983,0.20541649504542983,0.523485892965752,129.00732010970904
12.63,4.0,0.20539000726330606,0.20539000726330606,0.5233413257804637,128.99621816539675
12.64,4.0,0.20536355243173882,0.20536355243173882,0.5231968137910585,128.98513367422348
12.65,4.0,0.20533714434902225,0.20533714434902225,0.5230523815522564,128.97407174552635
12.66,4.0,0.20531076885708985,0.20531076885708985,0.5229079984116055,128.9630302959766
12.67,4.0,0.20528443705632846,0.20528443705632846,0.5227636814521183,128.95200485223242
12.68,4.0,0.20525813914434268,0.20525813914434268,0.5226194334965832,128.9409914238351
12.69,4.0,0.20523188404663079,0.20523188404663079,0.5224752370824252,128.92999650880424
12.7,4.0,0.20520566452503916,0.20520566452503916,0.5223311195940656,128.91902932604853
12.71,4.0,0.205179487231532,0.205179487231532,0.522187047743988,128.90807243582302
12.72,4.0,0.20515334415069655,0.20515334415069655,0.5220430631840125,128.89712914803135
12.73,4.0,0.20512724378427485,0.20512724378427485,0.5218991169999366,128.8862067805504
12.74,4.0,0.2051011769677368,0.2051011769677368,0.5217552488227896,128.87529776273544
12.75,4.0,0.20507515406332066,0.20507515406332066,0.5216114496101546,128.86441539629521
12.76,4.0,0.20504916393208159,0.20504916393208159,0.5214677042196163,128.8535428747147
12.77,4.0,0.20502321833602483,0.20502321833602483,0.5213240368936378,128.84268476735286
12.78,4.0,0.2049973151664969,0.2049973151664969,0.5211804463830266,128.83185281780874
12.79,4.0,0.2049714443324276,0.2049714443324276,0.5210368893127134,128.82103204224595
12.8,4.0,0.20494560716740978,0.20494560716740978,0.5208934280650812,128.81022515522383
12.81,4.0,0.20491981299539955,0.20491981299539955,0.5207500232043686,128.79944756483897
12.82,4.0,0.2048940524625433,0.2048940524625433,0.5206066851145431,128.7886741747846
12.83,4.0,0.20486833394758436,0.20486833394758436,0.5204634184649334,128.77792243405275
12.84,4.0,0.20484265907277058,0.20484265907277058,0.520320231025416,128.7671945655072
12.85,4.0,0.20481701778302594,0.20481701778302594,0.5201771109804001,128.7564754798288
12.86,4.0,0.2047914069559737,0.2047914069559737,0.5200340414632522,128.74577241510426
12.87,4.0,0.204765840366184,0.204765840366184,0.519891059977739,128.73509226831285
12.88,4.0,0.20474030564007561,0.20474030564007561,0.5197481359465255,128.72443247128587
12.89,4.0,0.20471481473742303,0.20471481473742303,0.5196052942161569,128.71377255387048
12.9,4.0,0.2046893549182517,0.2046893549182517,0.5194625133678324,128.7031386396371
12.91,4.0,0.20466393929533383,0.20466393929533383,0.5193198203374387,128.6925358151952
12.92,4.0,0.20463856522035026,0.20463856522035026,0.519177192856619,128.68192330620283
12.93,4.0,0.20461322249817912,0.20461322249817912,0.5190346159710041,128.6713431455449
12.94,4.0,0.20458791331610135,0.20458791331610135,0.5188921332524575,128.66078022386665
12.95,4.0,0.2045626456957979,0.2045626456957979,0.5187497165522368,128.65023277931056
12.96,4.0,0.20453741148540538,0.20453741148540538,0.5186073790341977,128.63969333050824
12.97,4.0,0.2045122182111996,0.2045122182111996,0.518465113173106,128.62918148027615
12.98,4.0,0.20448705747897072,0.20448705747897072,0.5183229142609268,128.6186719682065
12.99,4.0,0.2044619386483462,0.2044619386483462,0.518180800990066,128.60819717982702
13.0,4.0,0.20443685263575045,0.20443685263575045,0.5180387587935752,128.59772989458392
13.01,4.0,0.20441180766629766,0.20441180766629766,0.5178967901390857,128.58728356204443
13.02,4.0,0.20438679565344117,0.20438679565344117,0.5177548947172991,128.57684671305984
13.03,4.0,0.20436181503566322,0.20436181503566322,0.5176130790968261,128.56642417134628
13.04,4.0,0.20433688409862338,0.20433688409862338,0.5174713167488595,128.5560227496169
13.05,4.0,0.2043119771846839,0.2043119771846839,0.517329657523674,128.54563491739557
13.06,4.0,0.20428711194688673,0.20428711194688673,0.5171880680081842,128.53526950625255
13.07,4.0,0.20426228850623274,0.20426228850623274,0.5170465633431073,128.5249173723688
13.08,4.0,0.2042374954607161,0.2042374954607161,0.5169051235399813,128.5145818973799
13.09,4.0,0.20421273498168552,0.20421273498168552,0.5167637674845181,128.50425887960122
13.1,4.0,0.20418801553396665,0.20418801553396665,0.5166224845145941,128.49395138810328
13.11,4.0,0.20416333786679491,0.20416333786679491,0.516481287577295,128.48366650928568
13.12,4.0,0.20413868085470407,0.20413868085470407,0.5163401606206504,128.47339884643873
13.13,4.0,0.20411407538518656,0.20411407538518656,0.5161991143437363,128.46314188431353
13.14,4.0,0.20408949037055246,0.20408949037055246,0.5160581374935972,128.4528984130333
13.15,4.0,0.2040649581002259,0.2040649581002259,0.5159172576116119,128.44267333971413
13.16,4.0,0.2040404464738515,0.2040404464738515,0.5157764489641155,128.4324634077695
13.17,4.0,0.20401598768633505,0.20401598768633505,0.5156357398737478,128.4222754837333
13.18,4.0,0.20399154744343162,0.20399154744343162,0.5154950865704836,128.41209747039676
13.19,4.0,0.20396714959172937,0.20396714959172937,0.5153545276411092,128.4019316415188
13.2,4.0,0.20394279238813207,0.20394279238813207,0.5152140382420233,128.39179737228514
13.21,4.0,0.20391846571009126,0.20391846571009126,0.5150736321601719,128.38166794743782
13.22,4.0,0.20389416949315417,0.20389416949315417,0.5149333085571837,128.3715507315534
13.23,4.0,0.20386991507912453,0.20386991507912453,0.5147930712490032,128.36145687950693
13.24,4.0,0.20384569054426135,0.20384569054426135,0.5146529082636266,128.35137079317946
13.25,4.0,0.20382150776786648,0.20382150776786648,0.5145128311030629,128.34130437118245
13.26,4.0,0.20379735441063548,0.20379735441063548,0.5143728352111682,128.33125203520234
13.27,4.0,0.20377324255223594,0.20377324255223594,0.514232922643881,128.3212163151573
13.28,4.0,0.20374916200802837,0.20374916200802837,0.5140931052504321,128.3112003263653
13.29,4.0,0.20372511952299588,0.20372511952299588,0.5139533488773211,128.30120347492635
13.3,4.0,0.2037011097299422,0.2037011097299422,0.5138136941822276,128.29121384767345
13.31,4.0,0.20367712942795144,0.20367712942795144,0.5136741222005256,128.2812455342877
13.32,4.0,0.20365318994807563,0.20365318994807563,0.513534624265494,128.2712856825113
13.33,4.0,0.20362928017427678,0.20362928017427678,0.5133952122836783,128.26134447887702
13.34,4.0,0.20360541076068384,0.20360541076068384,0.5132558823068766,128.25141527393617
13.35,4.0,0.20358157200340746,0.20358157200340746,0.5131166520363973,128.24150568418239
13.36,4.0,0.20355777340376843,0.20355777340376843,0.5129775000005645,128.23160927326265
13.37,4.0,0.20353400539542524,0.20353400539542524,0.5128384335310584,128.22173258995795
13.38,4.0,0.20351026616080162,0.20351026616080162,0.5126994421484762,128.2118647971066
13.39,4.0,0.20348656707332569,0.20348656707332569,0.5125605424659467,128.20202167440698
13.4,4.0,0.20346289845357346,0.20346289845357346,0.5124217412266241,128.19218069121257
13.41,4.0,0.2034392697399738,0.2034392697399738,0.5122830150228018,128.18236857944655
13.42,4.0,0.20341567079267084,0.20341567079267084,0.5121443773890922,128.17256846773012
13.43,4.0,0.20339211136648824,0.20339211136648824,0.5120058238477121,128.16278188064425
13.44,4.0,0.2033685829543171,0.2033685829543171,0.5118673624708002,128.15300611415776
13.45,4.0,0.2033450818145856,0.2033450818145856,0.5117289830466194,128.14324936982362
13.46,4.0,0.20332162233612244,0.20332162233612244,0.5115906897432788,128.13350358113564
13.47,4.0,0.20329820272637777,0.20329820272637777,0.5114524992068679,128.12377873426652
13.48,4.0,0.20327480163348802,0.20327480163348802,0.5113143819065229,128.1140695349657
13.49,4.0,0.20325144027233005,0.20325144027233005,0.5111763521771405,128.10437111319254
13.5,4.0,0.20322811927348267,0.20322811927348267,0.5110384325096713,128.09469048196766
13.51,4.0,0.20320482645144908,0.20320482645144908,0.5109005803918362,128.08502086236754
13.52,4.0,0.203181562590108,0.203181562590108,0.5107628060992475,128.07536461653132
13.53,4.0,0.20315833876267664,0.20315833876267664,0.5106251374065085,128.06573850327675
13.54,4.0,0.20313515399393364,0.20313515399393364,0.5104875624549947,128.05610867533605
13.55,4.0,0.20311198829883462,0.20311198829883462,0.5103500672206888,128.0465051659702
13.56,4.0,0.2030888623220661,0.2030888623220661,0.5102126609039703,128.0369152341823
13.57,4.0,0.20306577578554358,0.20306577578554358,0.5100753520067118,128.02733533440727
13.58,4.0,0.20304271862248247,0.20304271862248247,0.5099381417013802,128.0177748671302
13.59,4.0,0.2030196891454316,0.2030196891454316,0.5098010069275086,128.0082264076925
13.6,4.0,0.20299670018655758,0.20299670018655758,0.5096639708123227,127.99869253453333
13.61,4.0,0.2029737381672876,0.2029737381672876,0.5095270131137227,127.98917369762704
13.62,4.0,0.20295080588452044,0.20295080588452044,0.5093901594979777,127.97967743319026
13.63,4.0,0.20292791282046913,0.20292791282046913,0.5092533871788186,127.97018520749944
13.64,4.0,0.20290504871476878,0.20290504871476878,0.5091167223684882,127.96071150103512
13.65,4.0,0.20288222252116292,0.20288222252116292,0.5089801203171345,127.95124761495357
13.66,4.0,0.20285942589560235,0.20285942589560235,0.5088436346411791,127.94179982923892
13.67,4.0,0.20283666786170676,0.20283666786170676,0.508707235995337,127.93237831834999
13.68,4.0,0.2028139371403276,0.2028139371403276,0.5085709216160554,127.9229558077374
13.69,4.0,0.20279123544199462,0.20279123544199462,0.5084347016324178,127.91356032734625
13.7,4.0,0.2027685740217527,0.2027685740217527,0.5082985930150683,127.9041735697614
13.71,4.0,0.20274593846194844,0.20274593846194844,0.5081625481171512,127.89480103280054
13.72,4.0,0.20272333429505127,0.20272333429505127,0.50802661634052,127.8854422842861
13.73,4.0,0.2027007667209929,0.2027007667209929,0.5078907732359712,127.8761068453053
13.74,4.0,0.20267823714976554,0.20267823714976554,0.5077550236550801,127.86678610428586
13.75,4.0,0.2026557255520472,0.2026557255520472,0.5076193539721117,127.85746236523634
13.76,4.0,0.20263325350486655,0.20263325350486655,0.5074838010638635,127.84816242992576
13.77,4.0,0.20261081896814404,0.20261081896814404,0.5073483204472647,127.83888572254281
13.78,4.0,0.2025884131542837,0.2025884131542837,0.5072129440189586,127.82960237755124
13.79,4.0,0.2025660345818916,0.2025660345818916,0.5070776660422963,127.82035747902601
13.8,4.0,0.20254368445190973,0.20254368445190973,0.5069424759168142,127.81111689678013
13.81,4.0,0.20252138200236025,0.20252138200236025,0.5068073875943541,127.80188938798761
13.82,4.0,0.2024990974174185,0.2024990974174185,0.5066723800486163,127.79267496952693
13.83,4.0,0.2024768509991115,0.2024768509991115,0.5065374680469494,127.78347714398332
13.84,4.0,0.20245463216239074,0.20245463216239074,0.5064026597131587,127.77429322301944
13.85,4.0,0.202432453569985,0.202432453569985,0.5062679633343381,127.76512706288118
13.86,4.0,0.2024102981488225,0.2024102981488225,0.5061333230552839,127.75596599363818
13.87,4.0,0.20238817444452945,0.20238817444452945,0.505998816020233,127.74682612584793
13.88,4.0,0.20236608743283052,0.20236608743283052,0.5058643847623935,127.73769725077148
13.89,4.0,0.2023440272565112,0.2023440272565112,0.5057300468486917,127.72858434405174
13.9,4.0,0.20232199445671714,0.20232199445671714,0.505595810086777,127.71948832477777
13.91,4.0,0.20229999915039545,0.20229999915039545,0.5054616607619544,127.71039688463193
13.92,4.0,0.20227803120574422,0.20227803120574422,0.5053276125137874,127.7013232346701
13.93,4.0,0.20225610235284636,0.20225610235284636,0.5051936746961098,127.69227514122132
13.94,4.0,0.20223419867921813,0.20223419867921813,0.5050598068818247,127.68322905114366
13.95,4.0,0.20221232426655336,0.20221232426655336,0.5049260665648151,127.67420232526221
13.96,4.0,0.2021904862700882,0.2021904862700882,0.5047923995664821,127.66518587289143
13.97,4.0,0.20216867639681305,0.20216867639681305,0.5046588448749935,127.65618988899867
13.98,4.0,0.20214689271806666,0.20214689271806666,0.5045253749766324,127.64719633634527
13.99,4.0,0.20212514690711186,0.20212514690711186,0.5043920118775966,127.63822361185164
14.0,4.0,0.20210342805826623,0.20210342805826623,0.5042587456238957,127.62926881696475
14.01,4.0,0.2020817454861222,0.2020817454861222,0.5041255644894846,127.62032105571483
14.02,4.0,0.2020600911642771,0.2020600911642771,0.5039924968793246,127.61138727373705
14.03,4.0,0.2020384631805955,0.2020384631805955,0.5038595173877394,127.60247176228307
14.04,4.0,0.20201687145706979,0.20201687145706979,0.5037266364511024,127.59356555285186
14.05,4.0,0.20199530696709767,0.20199530696709767,0.5035938421617938,127.58467821325107
14.06,4.0,0.20197377012346504,0.20197377012346504,0.5034611674357704,127.57580476582501
14.07,4.0,0.2019522699156884,0.2019522699156884,0.5033285833652524,127.56693736975616
14.08,4.0,0.20193079598144878,0.20193079598144878,0.5031960868122598,127.55808864338289
14.09,4.0,0.20190935940754404,0.20190935940754404,0.503063704883114,127.54926122136591
14.1,4.0,0.20188794941152904,0.20188794941152904,0.502931414026987,127.54044104477657
14.11,4.0,0.20186656616001092,0.20186656616001092,0.5027992310972513,127.53162535169153
14.12,4.0,0.20184520851942434,0.20184520851942434,0.5026671264646977,127.52283272188222
14.13,4.0,0.20182388812995616,0.20182388812995616,0.5025351351593437,127.51406031190481
14.14,4.0,0.2018026038571779,0.2018026038571779,0.502403227540587,127.50527832001
14.15,4.0,0.20178133685634353,0.20178133685634353,0.5022714511054522,127.49653699315346
14.16,4.0,0.20176010708714628,0.20176010708714628,0.5021397600242686,127.48779709615971
14.17,4.0,0.20173890073660516,0.20173890073660516,0.5020081441001607,127.47906941093069
14.18,4.0,0.20171773325756812,0.20171773325756812,0.5018766515147339,127.4703531567419
14.19,4.0,0.20169659053735955,0.20169659053735955,0.5017452533792576,127.46165475940258
14.2,4.0,0.2016754847772904,0.2016754847772904,0.5016139513758352,127.45297007259563
14.21,4.0,0.2016543961927106,0.2016543961927106,0.5014827642428965,127.44430617992828
14.22,4.0,0.20163334186397874,0.20163334186397874,0.5013516500129455,127.43564049116686
14.23,4.0,0.20161232448944372,0.20161232448944372,0.5012206608309295,127.42700169026068
14.24,4.0,0.2015913332218071,0.2015913332218071,0.5010897568815227,127.41837247605939
14.25,4.0,0.20157036808658066,0.20157036808658066,0.5009589664980816,127.40975043214387
14.26,4.0,0.2015494284610413,0.2015494284610413,0.500828253838624,127.40114633195338
14.27,4.0,0.20152852572066185,0.20152852572066185,0.5006976654900546,127.39255889540217
14.28,4.0,0.20150764884507127,0.20150764884507127,0.500567172665316,127.38398398990425
14.29,4.0,0.20148680697395288,0.20148680697395288,0.5004367638777452,127.37541896918138
14.3,4.0,0.2014659809642298,0.2014659809642298,0.5003064661476299,127.36686266310832
14.31,4.0,0.20144520088697934,0.20144520088697934,0.5001762792021303,127.35832798269254
14.32,4.0,0.20142443748199967,0.20142443748199967,0.5000461862243847,127.34980430764239
14.33,4.0,0.20140370919782233,0.20140370919782233,0.4999161935942158,127.34129530047517
14.34,4.0,0.2013830057282238,0.2013830057282238,0.49978629625173976,127.33279756407347
14.35,4.0,0.2013623396025983,0.2013623396025983,0.4996565158706979,127.32431164734756
14.36,4.0,0.20134169647752048,0.20134169647752048,0.4995268211511891,127.3158462610168
14.37,4.0,0.20132108055033066,0.20132108055033066,0.4993972271770596,127.30738103043389
14.38,4.0,0.20130050052684093,0.20130050052684093,0.4992677441550989,127.29893303111496
14.39,4.0,0.20127993447273124,0.20127993447273124,0.4991383609896015,127.29050307220683
14.4,4.0,0.20125941460948055,0.20125941460948055,0.4990090640283678,127.28208426381867
14.41,4.0,0.2012389105200722,0.2012389105200722,0.49887989196088445,127.27368171332218
14.42,4.0,0.20121844011851087,0.20121844011851087,0.4987507993976658,127.26528774425643
14.43,4.0,0.20119799757592502,0.20119799757592502,0.49862183269275,127.25691183549255
14.44,4.0,0.20117758805744412,0.20117758805744412,0.49849295052504117,127.24854576178785
14.45,4.0,0.20115720545957794,0.20115720545957794,0.49836418091532286,127.24019492242579
14.46,4.0,0.20113684638944884,0.20113684638944884,0.4982355042137519,127.23185300620946
14.47,4.0,0.20111652305000663,0.20111652305000663,0.49810692212144786,127.22352069317894
14.48,4.0,0.2010962156055094,0.2010962156055094,0.4979784670812274,127.21520896658363
14.49,4.0,0.20107595206302192,0.20107595206302192,0.4978500948500858,127.20691091394666
14.5,4.0,0.20105570372992054,0.20105570372992054,0.49772182645546575,127.19861978037008
14.51,4.0,0.2010354905044313,0.2010354905044313,0.49759367280565225,127.19035025134738
14.52,4.0,0.20101530115789798,0.20101530115789798,0.497465603032754,127.18207843651763
14.53,4.0,0.20099514808946078,0.20099514808946078,0.49733764958322424,127.17383140511883
14.54,4.0,0.20097502032789707,0.20097502032789707,0.4972098014187843,127.16559768700478
14.55,4.0,0.2009549154809264,0.2009549154809264,0.49708203791972155,127.15737234331812
14.56,4.0,0.20093483637007803,0.20093483637007803,0.496954384220549,127.14915837174794
14.57,4.0,0.20091479277615582,0.20091479277615582,0.4968268523351366,127.14096908861045
14.58,4.0,0.2008947726933265,0.2008947726933265,0.4966994129530557,127.13278227329647
14.59,4.0,0.20087478653883897,0.20087478653883897,0.49657205837331186,127.12461003288745
14.6,4.0,0.20085481672026148,0.20085481672026148,0.49644482345471563,127.11644670772165
14.61,4.0,0.2008348798309608,0.2008348798309608,0.49631768797403253,127.10830540232163
14.62,4.0,0.2008149782690514,0.2008149782690514,0.49619065574755233,127.10016979676922
14.63,4.0,0.20079509171467091,0.20079509171467091,0.4960637252203764,127.09204503159552
14.64,4.0,0.20077524845422995,0.20077524845422995,0.49593689846195227,127.08393272077991
14.65,4.0,0.2007554192855668,0.2007554192855668,0.49581017396647226,127.07583727489491
14.66,4.0,0.20073562576968837,0.20073562576968837,0.4956835584662607,127.06775514084093
14.67,4.0,0.20071584621254474,0.20071584621254474,0.49555704515142324,127.05968522595026
14.68,4.0,0.20069611034275067,0.20069611034275067,0.4954306253367781,127.0516333021466
14.69,4.0,0.20067638845017205,0.20067638845017205,0.49530430722910646,127.04357722292151
14.7,4.0,0.20065670266402877,0.20065670266402877,0.4951781192328193,127.03555497354681
14.71,4.0,0.20063703823193624,0.20063703823193624,0.49505200889688167,127.02753219185225
14.72,4.0,0.20061740978390696,0.20061740978390696,0.494926012627222,127.01952085621474
14.73,4.0,0.2005978056071968,0.2005978056071968,0.494800121441364,127.01152497459738
14.74,4.0,0.20057822344180926,0.20057822344180926,0.4946743174804754,127.00354250819134
14.75,4.0,0.200558666582947,0.200558666582947,0.4945486335172411,126.99557221116208
14.76,4.0,0.2005391439007565,0.2005391439007565,0.4944230523984575,126.98761857703639
14.77,4.0,0.2005196444857508,0.2005196444857508,0.49429756222250826,126.9796727709286
14.78,4.0,0.20050016925631187,0.20050016925631187,0.4941721905829107,126.97174643518892
14.79,4.0,0.20048072757530422,0.20048072757530422,0.49404691296650277,126.96381928144118
14.8,4.0,0.20046130942239046,0.20046130942239046,0.49392174375325604,126.95591776914779
14.81,4.0,0.20044191634643227,0.20044191634643227,0.49379667801487204,126.948015263435
14.82,4.0,0.20042255551181473,0.20042255551181473,0.49367171658055614,126.94013526267648
14.83,4.0,0.20040321869897076,0.20040321869897076,0.4935468572041091,126.9322609313763
14.84,4.0,0.20038390570249287,0.20038390570249287,0.4934220961669086,126.9244055785404
14.85,4.0,0.20036461497701447,0.20036461497701447,0.49329744190433056,126.91655730484845
14.86,4.0,0.20034536029079922,0.20034536029079922,0.4931729024228376,126.90873149438342
14.87,4.0,0.20032612716204704,0.20032612716204704,0.4930484452102113,126.90090661224667
14.88,4.0,0.2003069279268866,0.2003069279268866,0.49292411624960336,126.89309855171808
14.89,4.0,0.20028774313280848,0.20028774313280848,0.4927998814775463,126.88530744414368
14.9,4.0,0.2002685906908053,0.2002685906908053,0.4926757538483305,126.8775157093627
14.91,4.0,0.20024947067784635,0.20024947067784635,0.4925517184525881,126.86974176041525
14.92,4.0,0.20023036615280662,0.20023036615280662,0.49242780761034394,126.8619841243856
14.93,4.0,0.20021129339996488,0.20021129339996488,0.49230398136634707,126.85423429732579
14.94,4.0,0.20019224457314197,0.20019224457314197,0.49218026997379555,126.84650101782141
14.95,4.0,0.20017322844497693,0.20017322844497693,0.4920566557080408,126.83877885891417
14.96,4.0,0.20015422570614821,0.20015422570614821,0.49193315141961036,126.83107178325541
14.97,4.0,0.20013526641171256,0.20013526641171256,0.49180975315345976,126.82336632305316
14.98,4.0,0.20011631959352394,0.20011631959352394,0.49168645108888204,126.81568018409737
14.99,4.0,0.20009739518060604,0.20009739518060604,0.4915632576177916,126.80800358716662
15.0,4.0,0.20007850409517944,0.20007850409517944,0.4914401569350893,126.8003430126901
15.01,4.0,0.20005964649986116,0.20005964649986116,0.49131717859407725,126.79268947919552
15.02,4.0,0.20004080162249824,0.20004080162249824,0.4911943001160741,126.78505508333652
15.03,4.0,0.2000219890337049,0.2000219890337049,0.49107151331108084,126.77743280267546
15.04,4.0,0.20000320175263875,0.20000320175263875,0.4909488624559902,126.7698231392956
15.05,4.0,0.19998443534407845,0.19998443534407845,0.4908262985804869,126.76221619564919
15.06,4.0,0.1999657006674919,0.1999657006674919,0.4907038185701238,126.75462125684419
15.07,4.0,0.19994699022116477,0.19994699022116477,0.49058145925261026,126.74704374061953
15.08,4.0,0.19992830178545556,0.19992830178545556,0.49045920334148096,126.73948099910473
15.09,4.0,0.19990963752350158,0.19990963752350158,0.4903370674154325,126.73192713845032
15.1,4.0,0.19989100393029643,0.19989100393029643,0.49021501395000183,126.72438658024498
15.11,4.0,0.19987239470769874,0.19987239470769874,0.49009308419163344,126.71686065826361
15.12,4.0,0.19985381640695463,0.19985381640695463,0.48997124141897824,126.7093415379732
15.13,4.0,0.19983525159462126,0.19983525159462126,0.4898495100797461,126.70183308616808
15.14,4.0,0.1998167188710054,0.1998167188710054,0.48972788171042436,126.69433708574606
15.15,4.0,0.19979820748684915,0.19979820748684915,0.489606348300144,126.68685145671546
15.16,4.0,0.19977972971990324,0.19977972971990324,0.4894849262127665,126.67938437078783
15.17,4.0,0.1997612645570775,0.1997612645570775,0.489363616716976,126.67192579831558
15.18,4.0,0.19974283151899083,0.19974283151899083,0.48924241250404343,126.66447180848083
15.19,4.0,0.19972442868755574,0.19972442868755574,0.4891212853932144,126.65703603902922
15.2,4.0,0.19970604147276216,0.19970604147276216,0.48900029969891795,126.64961802847914
15.21,4.0,0.19968768483670638,0.19968768483670638,0.48887939732145025,126.64220444073551
15.22,4.0,0.1996693508122255,0.1996693508122255,0.4887586068406459,126.6348007107684
15.23,4.0,0.19965104689917773,0.19965104689917773,0.48863790749420266,126.62741850640766
15.24,4.0,0.19963275756769958,0.19963275756769958,0.4885173349596809,126.62004569231281
15.25,4.0,0.19961450064850095,0.19961450064850095,0.4883968569557534,126.6126716583093
15.26,4.0,0.19959626250587734,0.19959626250587734,0.48827646659369967,126.60532014433463
15.27,4.0,0.19957805860459896,0.19957805860459896,0.48815619622467415,126.59797898463641
15.28,4.0,0.19955987701740818,0.19955987701740818,0.4880360345812583,126.59064840374805
15.29,4.0,0.19954171671669774,0.19954171671669774,0.4879159678015581,126.58332980234604
15.3,4.0,0.19952357861034697,0.19952357861034697,0.4877960217489175,126.57602982949092
15.31,4.0,0.19950546194731753,0.19950546194731753,0.4876761577059525,126.56872869206872
15.32,4.0,0.19948737713335574,0.19948737713335574,0.48755640928348354,126.56144718748558
15.33,4.0,0.19946931474260657,0.19946931474260657,0.4874367713836922,126.55417267536899
15.34,4.0,0.19945128332177564,0.19945128332177564,0.4873172230011345,126.54691683691048
15.35,4.0,0.19943326383453278,0.19943326383453278,0.4871977929070606,126.5396762504928
15.36,4.0,0.1994152738938364,0.1994152738938364,0.4870784456933717,126.53242690593595
15.37,4.0,0.19939731839072763,0.19939731839072763,0.4869592225404257,126.52520234043327
15.38,4.0,0.19937937429920527,0.19937937429920527,0.48684009672690026,126.51798522069618
15.39,4.0,0.19936146036986374,0.19936146036986374,0.4867210771428078,126.51078969485867
15.4,4.0,0.19934356861979363,0.19934356861979363,0.48660215051322286,126.50359496365854
15.41,4.0,0.19932569745167253,0.19932569745167253,0.4864833372585153,126.49641750752001
15.42,4.0,0.19930784780698246,0.19930784780698246,0.48636462207713294,126.4892431097442
15.43,4.0,0.19929003146941482,0.19929003146941482,0.4862460287009534,126.4820874324565
15.44,4.0,0.19927223612025416,0.19927223612025416,0.4861275410169457,126.47494637841035
15.45,4.0,0.19925447113156586,0.19925447113156586,0.4860091338621808,126.46781063616967
15.46,4.0,0.19923671771713833,0.19923671771713833,0.4858908411462462,126.46069331732674
15.47,4.0,0.19921899490676617,0.19921899490676617,0.4857726469395751,126.45358159127817
15.48,4.0,0.1992012939096065,0.1992012939096065,0.4856545688626191,126.44647133839115
15.49,4.0,0.19918361405579124,0.19918361405579124,0.485536584509787,126.43938568281521
15.5,4.0,0.19916596455436664,0.19916596455436664,0.4854186952027099,126.43230755228028
15.51,4.0,0.19914833815151928,0.19914833815151928,0.4853009405450364,126.42524261214807
15.52,4.0,0.19913073158386452,0.19913073158386452,0.48518326103584125,126.41818870886915
15.53,4.0,0.19911314551331555,0.19911314551331555,0.48506569423225476,126.41114162750982
15.54,4.0,0.19909559276026378,0.19909559276026378,0.4849482498899609,126.40411734434394
15.55,4.0,0.19907805778896875,0.19907805778896875,0.4848308802728074,126.39709465242335
15.56,4.0,0.19906054561756695,0.19906054561756695,0.4847136268558455,126.39008642864438
15.57,4.0,0.19904305347111906,0.19904305347111906,0.48459646592417327,126.38308281432859
15.58,4.0,0.19902559291815905,0.19902559291815905,0.4844794317918322,126.37609721530585
15.59,4.0,0.1990081532737313,0.1990081532737313,0.4843624877051328,126.3691205686631
15.6,4.0,0.19899073306693849,0.19899073306693849,0.4842456422395092,126.36215561956233
15.61,4.0,0.19897333538752643,0.19897333538752643,0.4841289093019261,126.35520358640134
15.62,4.0,0.19895596682544697,0.19895596682544697,0.48401226868721586,126.34825062506005
15.63,4.0,0.1989386208672094,0.1989386208672094,0.483895743289193,126.34132605609345
15.64,4.0,0.19892129430852593,0.19892129430852593,0.4837793146342251,126.33440483038792
15.65,4.0,0.19890399844265763,0.19890399844265763,0.48366300096295245,126.32749707750494
15.66,4.0,0.1988867127930121,0.1988867127930121,0.4835467695411701,126.32059584509962
15.67,4.0,0.1988694577408494,0.1988694577408494,0.48343065107602223,126.31370420819312
15.68,4.0,0.1988522241195178,0.1988522241195178,0.48331464492258863,126.30682997508899
15.69,4.0,0.19883502067448008,0.19883502067448008,0.4831987321328458,126.29996960666759
15.7,4.0,0.19881782739137363,0.19881782739137363,0.4830829290502928,126.29311327639054
15.71,4.0,0.1988006651148725,0.1988006651148725,0.48296723129094177,126.2862730859352
15.72,4.0,0.1987835222463763,0.1987835222463763,0.4828516170865108,126.27943242726172
15.73,4.0,0.19876641000854509,0.19876641000854509,0.4827361317255459,126.27261704213149
15.74,4.0,0.19874930826659767,0.19874930826659767,0.4826207322062228,126.26580474340555
15.75,4.0,0.19873223686105054,0.19873223686105054,0.4825054430011109,126.25900856756142
15.76,4.0,0.1987151861160506,0.1987151861160506,0.4823902554323836,126.25221250557348
15.77,4.0,0.198698165974893,0.198698165974893,0.4822751820866725,126.24544030223717
15.78,4.0,0.19868115416825533,0.19868115416825533,0.4821601926534594,126.2386798593767
15.79,4.0,0.1986641736467097,0.1986641736467097,0.48204531286367,126.23192333153342
15.8,4.0,0.19864721280376083,0.19864721280376083,0.4819305352409686,126.22517616483091
15.81,4.0,0.1986302725905457,0.1986302725905457,0.48181585902315754,126.21843855680105
15.82,4.0,0.1986133612181636,0.1986133612181636,0.4817012856964946,126.21171445947805
15.83,4.0,0.19859647133985353,0.19859647133985353,0.48158681254755487,126.20500518398484
15.84,4.0,0.1985796009644522,0.1985796009644522,0.4814724536247902,126.19830494393379
15.85,4.0,0.19856274901690096,0.19856274901690096,0.48135817918967194,126.1916035055971
15.86,4.0,0.19854592893104722,0.19854592893104722,0.48124402220345325,126.18492632795339
15.87,4.0,0.19852911765954867,0.19852911765954867,0.48112995709567685,126.17825805632057
15.88,4.0,0.1985123467947282,0.1985123467947282,0.4810160020682702,126.17160307403144
15.89,4.0,0.1984955850848667,0.1984955850848667,0.4809021438700331,126.1649522380927
15.9,4.0,0.19847884485010647,0.19847884485010647,0.48078839953595465,126.15831435140485
15.91,4.0,0.19846213319209655,0.19846213319209655,0.4806747546937759,126.15169310588854
15.92,4.0,0.19844544071551914,0.19844544071551914,0.48056120612817377,126.14507464446032
15.93,4.0,0.19842876848590102,0.19842876848590102,0.48044775326108036,126.13847150601397
15.94,4.0,0.198412125143741,0.198412125143741,0.48033440590086324,126.13187546484023
15.95,4.0,0.19839549273486767,0.19839549273486767,0.4802211795922692,126.12528931321006
15.96,4.0,0.1983788897312205,0.1983788897312205,0.48010803746204567,126.11872372803141
15.97,4.0,0.19836230524538298,0.19836230524538298,0.47999499527789335,126.11216006493629
15.98,4.0,0.1983457500540963,0.1983457500540963,0.47988204945381174,126.10560511196938
15.99,4.0,0.19832920494246803,0.19832920494246803,0.4797692140759027,126.09906076367396
16.0,4.0,0.19831268846649278,0.19831268846649278,0.47965647940117856,126.09253062396806
16.01,4.0,0.19829619334784926,0.19829619334784926,0.47954385734917976,126.08601553261943
16.02,4.0,0.19827972771310443,0.19827972771310443,0.4794313345235651,126.07950277561581
16.03,4.0,0.198263269282082,0.198263269282082,0.4793188955765312,126.07299883449848
16.04,4.0,0.19824684188370278,0.19824684188370278,0.47920657665297567,126.06651288090785
16.05,4.0,0.19823043162045073,0.19823043162045073,0.47909434108144566,126.06003663722075
16.06,4.0,0.19821404101081494,0.19821404101081494,0.4789822069426125,126.05357261322496
16.07,4.0,0.19819767154085882,0.19819767154085882,0.47887019695506605,126.04710936523318
16.08,4.0,0.19818132956365883,0.19818132956365883,0.4787582723597441,126.04066631191742
16.09,4.0,0.19816500709747917,0.19816500709747917,0.4786464487024582,126.03423177767547
16.1,4.0,0.19814870410457908,0.19814870410457908,0.4785347254822183,126.0278014914032
16.11,4.0,0.19813242050306762,0.19813242050306762,0.47842311597221154,126.02138505129827
16.12,4.0,0.19811616502320972,0.19811616502320972,0.47831158659702594,126.01497496634177
16.13,4.0,0.19809992904376403,0.19809992904376403,0.47820017256810055,126.00858262459258
16.14,4.0,0.19808371144826792,0.19808371144826792,0.47808885795758743,126.00220013017146
16.15,4.0,0.19806751237000766,0.19806751237000766,0.4779776303041372,125.9958195627555
16.16,4.0,0.19805134449452774,0.19805134449452774,0.47786652700073257,125.98946118043284
16.17,4.0,0.19803518409126414,0.19803518409126414,0.47775551124194593,125.98311555826375
16.18,4.0,0.1980190520563839,0.1980190520563839,0.4776445937811307,125.9767746682459
16.19,4.0,0.19800293921599094,0.19800293921599094,0.4775337731144369,125.97043405001435
16.2,4.0,0.19798685661938953,0.19798685661938953,0.477423076241193,125.9641151579337
16.21,4.0,0.1979707813040244,0.1979707813040244,0.4773124657340485,125.95780107076435
16.22,4.0,0.1979547340394928,0.1979547340394928,0.4772019491345069,125.95150312364414
16.23,4.0,0.1979387055741296,0.1979387055741296,0.4770915238262249,125.94520624650042
16.24,4.0,0.19792269662376166,0.19792269662376166,0.4769812144890718,125.93892162708212
16.25,4.0,0.19790671529442777,0.19790671529442777,0.4768709930252529,125.9326547289341
16.26,4.0,0.19789075233575032,0.19789075233575032,0.47676087124224437,125.92638380176764
16.27,4.0,0.1978748007807157,0.1978748007807157,0.4766508778077212,125.92013523321775
16.28,4.0,0.19785888634230356,0.19785888634230356,0.4765409654835896,125.91389973561722
16.29,4.0,0.19784297940867668,0.19784297940867668,0.47643114161893624,125.90767183736172
16.3,4.0,0.19782710013402424,0.19782710013402424,0.4763214207609527,125.90144585200265
16.31,4.0,0.19781123055549393,0.19781123055549393,0.4762118053678941,125.89522948827889
16.32,4.0,0.19779539086244224,0.19779539086244224,0.47610230911058504,125.88903852145248
16.33,4.0,0.19777956723857873,0.19777956723857873,0.475992881260168,125.88284847453272
16.34,4.0,0.19776377300861236,0.19776377300861236,0.4758835669676624,125.8766635738288
16.35,4.0,0.1977479854017488,0.1977479854017488,0.4757743287456394,125.87049042859948
16.36,4.0,0.19773222902167992,0.19773222902167992,0.4756652289935075,125.86433433391613
16.37,4.0,0.1977164983399588,0.1977164983399588,0.4755562058390793,125.85818915476978
16.38,4.0,0.19770077626491653,0.19770077626491653,0.4754472728244791,125.85203835363274
16.39,4.0,0.1976850747409014,0.1976850747409014,0.4753384697793947,125.8459147181607
16.4,4.0,0.1976693987262985,0.1976693987262985,0.4752297407331275,125.83979857389566
16.41,4.0,0.19765374128237828,0.19765374128237828,0.4751211147752409,125.83367873720798
16.42,4.0,0.19763810241279448,0.19763810241279448,0.47501259063141377,125.82758389869667
16.43,4.0,0.19762248102779256,0.19762248102779256,0.4749041554793971,125.82148900967026
16.44,4.0,0.1976068884731522,0.1976068884731522,0.4747958392328732,125.81540303203788
16.45,4.0,0.19759131356901197,0.19759131356901197,0.4746876000129507,125.80933844067903
16.46,4.0,0.1975757562459459,0.1975757562459459,0.4745794643129166,125.80327850632126
16.47,4.0,0.19756021711754804,0.19756021711754804,0.47447143958894705,125.7972305325726
16.48,4.0,0.1975446959314161,0.1975446959314161,0.4743634961649797,125.7911872614409
16.49,4.0,0.19752920238510666,0.19752920238510666,0.47425565480588583,125.78515395374825
16.5,4.0,0.1975137270674828,0.1975137270674828,0.4741479277211029,125.77913485421622
16.51,4.0,0.19749826897981482,0.19749826897981482,0.4740402835576331,125.77312793072723
16.52,4.0,0.19748282878800716,0.19748282878800716,0.47393273456974083,125.76711662026459
16.53,4.0,0.19746740698118875,0.19746740698118875,0.4738252850938814,125.76112164011353
16.54,4.0,0.19745201107787355,0.19745201107787355,0.47371793012903396,125.75514290515237
16.55,4.0,0.19743663563366662,0.19743663563366662,0.4736106900044135,125.7491729638715
16.56,4.0,0.19742127543595742,0.19742127543595742,0.4735035217055984,125.74321027987631
16.57,4.0,0.1974059343917484,0.1974059343917484,0.47339647845959815,125.73726121884008
16.58,4.0,0.197390620567216,0.197390620567216,0.47328951986690004,125.7313199712362
16.59,4.0,0.19737531362619562,0.19737531362619562,0.4731826549868105,125.72538055570331
16.6,4.0,0.1973600341606702,0.1973600341606702,0.47307587848367183,125.71945371862505
16.61,4.0,0.19734477181146154,0.19734477181146154,0.4729692124494615,125.71354756517084
16.62,4.0,0.19732953920959934,0.19732953920959934,0.4728626516108556,125.70763426898426
16.63,4.0,0.19731431057774562,0.19731431057774562,0.4727561600274942,125.70174076626454
16.64,4.0,0.19729911239781192,0.19729911239781192,0.47264979685956277,125.69585847111134
16.65,4.0,0.19728393014028517,0.19728393014028517,0.47254350107038184,125.68997666469984
16.66,4.0,0.19726876564692788,0.19726876564692788,0.47243732519230486,125.68411955773743
16.67,4.0,0.19725361868059668,0.19725361868059668,0.4723312383826472,125.67826382914434
16.68,4.0,0.1972384979421295,0.1972384979421295,0.47222523677161093,125.67241565678756
16.69,4.0,0.1972233855672399,0.1972233855672399,0.4721193503935513,125.66657111021694
16.7,4.0,0.19720830036065026,0.19720830036065026,0.4720135470041249,125.66075143155014
16.71,4.0,0.1971932312520087,0.1971932312520087,0.47190784250673257,125.65493618607336
16.72,4.0,0.19717818021280045,0.19717818021280045,0.4718022336846703,125.64911955613961
16.73,4.0,0.197163155673299,0.197163155673299,0.47169671279530434,125.64332169052315
16.74,4.0,0.1971481492058453,0.1971481492058453,0.47159130340740896,125.63752418807977
16.75,4.0,0.19713315838205175,0.19713315838205175,0.47148597213537735,125.63174916196469
16.76,4.0,0.19711818564631553,0.19711818564631553,0.4713807513491298,125.62598109432876
16.77,4.0,0.19710323016719855,0.19710323016719855,0.4712756305019153,125.62022234513128
16.78,4.0,0.19708830068550004,0.19708830068550004,0.47117059056888017,125.61446470725438
16.79,4.0,0.1970733773308184,0.1970733773308184,0.47106563683913805,125.60871875674997
16.8,4.0,0.19705848295296519,0.19705848295296519,0.4709608053921059,125.60298805520128
16.81,4.0,0.19704360613522198,0.19704360613522198,0.47085606394907664,125.59726503725616
16.82,4.0,0.19702874403801435,0.19702874403801435,0.4707514007460559,125.59154956527615
16.83,4.0,0.19701390940420743,0.19701390940420743,0.4706468395843145,125.5858455012592
16.84,4.0,0.19699909073583735,0.19699909073583735,0.47054237453013814,125.58015175979227
16.85,4.0,0.19698428936199214,0.19698428936199214,0.470437997104606,125.5744619932092
16.86,4.0,0.19696949565669739,0.19696949565669739,0.470333725556147,125.56878879004609
16.87,4.0,0.19695473777729694,0.19695473777729694,0.4702295461157252,125.5631223460598
16.88,4.0,0.19693998651128683,0.19693998651128683,0.47012545882185647,125.55745757205713
16.89,4.0,0.19692526286897014,0.19692526286897014,0.4700214760540959,125.5518138347782
16.9,4.0,0.1969105447885017,0.1969105447885017,0.46991757045887,125.5461681293882
16.91,4.0,0.1968958645334544,0.1968958645334544,0.46981377128796364,125.54053597155594
16.92,4.0,0.19688118978074426,0.19688118978074426,0.46971006290763806,125.53492235955468
16.93,4.0,0.19686653102427815,0.19686653102427815,0.4696064369568089,125.52930593208674
16.94,4.0,0.19685190030421912,0.19685190030421912,0.4695029215925023,125.52369981254478
16.95,4.0,0.19683727488517436,0.19683727488517436,0.4693994942342572,125.51810631134676
16.96,4.0,0.1968226760219896,0.1968226760219896,0.4692961563525344,125.51252431409371
16.97,4.0,0.19680810374430163,0.19680810374430163,0.4691929084024364,125.50694342944753
16.98,4.0,0.1967935381430344,0.1967935381430344,0.46908976822149917,125.501383853443
16.99,4.0,0.196778988439749,0.196778988439749,0.4689867092528079,125.49582563329545
17.0,4.0,0.19676446406516815,0.19676446406516815,0.4688837367418887,125.49027206732679
17.01,4.0,0.196749957804158,0.196749957804158,0.4687808771896528,125.48473684304108
17.02,4.0,0.19673546687054136,0.19673546687054136,0.46867809078284023,125.47920726223641
17.03,4.0,0.19672099206019886,0.19672099206019886,0.46857540333962017,125.47368133214844
17.04,4.0,0.19670654339699198,0.19670654339699198,0.4684728141817967,125.46816668990724
17.05,4.0,0.1966921118868365,0.1966921118868365,0.46837030996413587,125.46266900227599
17.06,4.0,0.19667768546815018,0.19667768546815018,0.4682679055025205,125.45716741632233
17.07,4.0,0.19666328514391454,0.19666328514391454,0.46816558425906396,125.45168392092091
17.08,4.0,0.196648911378053,0.196648911378053,0.4680633673043475,125.4462120185771
17.09,4.0,0.1966345441446383,0.1966345441446383,0.46796124199265526,125.4407431551429
17.1,4.0,0.19662020101053954,0.19662020101053954,0.46785918586428765,125.43528668635086
17.11,4.0,0.1966058672835089,0.1966058672835089,0.4677572612942687,125.42983975398171
17.12,4.0,0.19659155756939392,0.19659155756939392,0.4676554059881628,125.42439051634206
17.13,4.0,0.19657726292365021,0.19657726292365021,0.46755363486426565,125.41895967730788
17.14,4.0,0.19656299591222848,0.19656299591222848,0.46745196919153525,125.41354236015349
17.15,4.0,0.1965487332026529,0.1965487332026529,0.4673503778493712,125.40812738733693
17.16,4.0,0.19653449655825941,0.19653449655825941,0.4672488839842188,125.4027243907162
17.17,4.0,0.1965202771955032,0.1965202771955032,0.46714750482670686,125.3973232194198
17.18,4.0,0.19650607240908202,0.19650607240908202,0.4670461898057208,125.39193627888943
17.19,4.0,0.19649188391627032,0.19649188391627032,0.4669449766678506,125.38655906150474
17.2,4.0,0.1964777099808973,0.1964777099808973,0.46684384061435236,125.38119074080777
17.21,4.0,0.1964635626937271,0.1964635626937271,0.4667428105238933,125.3758281687632
17.22,4.0,0.19644943128642914,0.19644943128642914,0.4666418752502448,125.37047567359198
17.23,4.0,0.19643531544020953,0.19643531544020953,0.466541018336125,125.36513310825988
17.24,4.0,0.1964212139647143,0.1964212139647143,0.46644025035969905,125.35979562231974
17.25,4.0,0.1964071298797827,0.1964071298797827,0.46633958449063845,125.35447205236716
17.26,4.0,0.19639307060615907,0.19639307060615907,0.46623899969788246,125.34915933905279
17.27,4.0,0.19637901719419976,0.19637901719419976,0.4661385118963549,125.34385084826148
17.28,4.0,0.19636498770896432,0.19636498770896432,0.46603809134383267,125.33854516161269
17.29,4.0,0.19635097648275338,0.19635097648275338,0.4659377998460791,125.33325323292411
17.3,4.0,0.19633697839970302,0.19633697839970302,0.46583756672957227,125.32796972503485
17.31,4.0,0.19632299586069804,0.19632299586069804,0.4657374251278276,125.32270178029903
17.32,4.0,0.19630904047611392,0.19630904047611392,0.4656373958249337,125.31743246299413
17.33,4.0,0.19629509953517127,0.19629509953517127,0.46553744358316484,125.31218259220961
17.34,4.0,0.1962811736464587,0.1962811736464587,0.46543757468791486,125.30693299352299
17.35,4.0,0.19626726281450008,0.19626726281450008,0.4653377916761221,125.30168590558074
17.36,4.0,0.19625336783348968,0.19625336783348968,0.4652381047112978,125.29645907400293
17.37,4.0,0.1962394979978324,0.1962394979978324,0.46513851587003857,125.29123761844036
17.38,4.0,0.1962256328541275,0.1962256328541275,0.4650389944209491,125.28601972173131
17.39,4.0,0.19621179525306806,0.19621179525306806,0.4649395910321189,125.28081793745645
17.4,4.0,0.19619796995074737,0.19619796995074737,0.464840248625896,125.27561769944296
17.41,4.0,0.1961841602610478,0.1961841602610478,0.46474099900000093,125.27043165648936
17.42,4.0,0.19617036661379256,0.19617036661379256,0.46464184711947276,125.26525050382206
17.43,4.0,0.19615659800069213,0.19615659800069213,0.4645427799640998,125.26008591515763
17.44,4.0,0.19614283414740827,0.19614283414740827,0.46444380772635513,125.25491944047545
17.45,4.0,0.1961290945216242,0.1961290945216242,0.46434490873122125,125.2497669768454
17.46,4.0,0.19611537250253191,0.19611537250253191,0.4642461155628919,125.24461787113009
17.47,4.0,0.19610166258391798,0.19610166258391798,0.46414739513382447,125.23949125551853
17.48,4.0,0.19608797885134763,0.19608797885134763,0.4640487592234582,125.23435267720377
17.49,4.0,0.19607429979169672,0.19607429979169672,0.4639502195370943,125.22922985268508
17.5,4.0,0.1960606458368844,0.1960606458368844,0.4638517633712102,125.22411733878135
17.51,4.0,0.19604699600406633,0.19604699600406633,0.4637533956030946,125.21901244263339
17.52,4.0,0.19603338141610896,0.19603338141610896,0.46365511236545415,125.21391561331815
17.53,4.0,0.1960197732412879,0.1960197732412879,0.4635569347421889,125.20883058923341
17.54,4.0,0.196006177745428,0.196006177745428,0.4634588239082756,125.20375362978082
17.55,4.0,0.1959925976746249,0.1959925976746249,0.46336080236827965,125.19867956400326
17.56,4.0,0.19597904288518855,0.19597904288518855,0.46326286942967076,125.19362246877341
17.57,4.0,0.1959655029468468,0.1959655029468468,0.46316503203971976,125.1885697379093
17.58,4.0,0.19595197752682061,0.19595197752682061,0.4630672722528334,125.18352358531541
17.59,4.0,0.1959384650844054,0.1959384650844054,0.4629695836551511,125.17848612493461
17.6,4.0,0.1959249686838894,0.1959249686838894,0.4628720077206031,125.17345112090749
17.61,4.0,0.1959114955189871,0.1959114955189871,0.4627744912601478,125.16843202721093
17.62,4.0,0.19589803911860268,0.19589803911860268,0.46267708344751335,125.16341414903937
17.63,4.0,0.195884595995104,0.195884595995104,0.46257975002485685,125.15840976038756
17.64,4.0,0.19587115688576048,0.19587115688576048,0.4624825037923219,125.15341916794259
17.65,4.0,0.19585775307902792,0.19585775307902792,0.4623853432851706,125.1484230920592
17.66,4.0,0.1958443547499667,0.1958443547499667,0.4622882753651362,125.14344987768479
17.67,4.0,0.19583097842204827,0.19583097842204827,0.4621912782289068,125.13848049359677
17.68,4.0,0.19581760865908726,0.19581760865908726,0.4620943736989126,125.1335091248774
17.69,4.0,0.19580426238545617,0.19580426238545617,0.46199756011185317,125.12855359204094
17.7,4.0,0.1957909310430036,0.1957909310430036,0.46190083035230106,125.12359838552214
17.71,4.0,0.19577761197779517,0.19577761197779517,0.46180416206963243,125.11866554557051
17.72,4.0,0.19576431902707328,0.19576431902707328,0.46170760677275885,125.1137308378544
17.73,4.0,0.19575103091873666,0.19575103091873666,0.46161113516245095,125.10881156907433
17.74,4.0,0.19573776527463074,0.19573776527463074,0.4615147255609062,125.10388698117357
17.75,4.0,0.19572450451274703,0.19572450451274703,0.46141841583858945,125.09897838895013
17.76,4.0,0.19571126852236578,0.19571126852236578,0.46132218560041555,125.09408006997606
17.77,4.0,0.1956980457565905,0.1956980457565905,0.4612260437787253,125.08919147213004
17.78,4.0,0.19568484898041164,0.19568484898041164,0.4611299856732872,125.08430130406248
17.79,4.0,0.1956716547258085,0.1956716547258085,0.4610340070323601,125.07942855554643
17.8,4.0,0.19565848524075588,0.19565848524075588,0.46093811027611137,125.07456127374505
17.81,4.0,0.19564532848788893,0.19564532848788893,0.46084229383754727,125.06969928533508
17.82,4.0,0.19563218713102976,0.19563218713102976,0.4607465681852965,125.06484778909268
17.83,4.0,0.19561905846617036,0.19561905846617036,0.46065092348715847,125.05999820911782
17.84,4.0,0.19560594467169512,0.19560594467169512,0.46055536210961656,125.05516754298455
17.85,4.0,0.19559284439031427,0.19559284439031427,0.4604598790736799,125.05033490777947
17.86,4.0,0.19557976915393166,0.19557976915393166,0.4603644808560936,125.04551324937778
17.87,4.0,0.19556670710445376,0.19556670710445376,0.46026917192130823,125.04070625287768
17.88,4.0,0.1955536577439944,0.1955536577439944,0.4601739284684629,125.03589098588789
17.89,4.0,0.19554062435082506,0.19554062435082506,0.460078784149363,125.03109698280107
17.9,4.0,0.19552760386533813,0.19552760386533813,0.45998372404613563,125.02630905803456
17.91,4.0,0.19551459563227783,0.19551459563227783,0.4598887244075641,125.02151894219357
17.92,4.0,0.19550161385068995,0.19550161385068995,0.4597938298520076,125.01675221881831
17.93,4.0,0.1954886352266692,0.1954886352266692,0.4596990098054446,125.01198000544733
17.94,4.0,0.1954756790577677,0.1954756790577677,0.45960426655266684,125.00721961179407
17.95,4.0,0.19546273711719803,0.19546273711719803,0.4595096121211571,125.00247165477252
17.96,4.0,0.19544980993839584,0.19544980993839584,0.4594150397585365,124.99773072203782
17.97,4.0,0.1954369050098629,0.1954369050098629,0.4593205413346284,124.99299563776134
17.98,4.0,0.1954240036554013,0.1954240036554013,0.45922612350010894,124.98825711416536
17.99,4.0,0.1954111260559095,0.1954111260559095,0.4591317867661923,124.98354143929818
18.0,4.0,0.1953982624380888,0.1953982624380888,0.4590375354496275,124.97883214187847
18.01,4.0,0.1953854023222074,0.1953854023222074,0.45894336376468564,124.97412197335568
18.02,4.0,0.19537256450655482,0.19537256450655482,0.4588492668558757,124.96942942446076
18.03,4.0,0.19535975258752242,0.19535975258752242,0.4587552673670199,124.96474139256226
18.04,4.0,0.19534694177513667,0.19534694177513667,0.458661327734467,124.9600483307436
18.05,4.0,0.195334156001876,0.195334156001876,0.4585674733077719,124.9553751198196
18.06,4.0,0.19532137186508974,0.19532137186508974,0.45847370076853194,124.9507016795036
18.07,4.0,0.19530861230746702,0.19530861230746702,0.45838000690587144,124.94605014732514
18.08,4.0,0.19529586678637487,0.19529586678637487,0.4582863994398107,124.94140033946567
18.09,4.0,0.19528313319786111,0.19528313319786111,0.458192862712221,124.93675161341389
18.1,4.0,0.19527042256122906,0.19527042256122906,0.45809939586796306,124.93210582078228
18.11,4.0,0.19525771695279834,0.19525771695279834,0.45800603072415685,124.92747774678661
18.12,4.0,0.19524503464319504,0.19524503464319504,0.45791275376092067,124.92286060651605
18.13,4.0,0.1952323532144416,0.1952323532144416,0.45781952035521095,124.91823314184379
18.14,4.0,0.19521969644276554,0.19521969644276554,0.45772638131386495,124.913631009806
18.15,4.0,0.19520705265590282,0.19520705265590282,0.45763332820204766,124.90903080346591
18.16,4.0,0.19519442268439707,0.19519442268439707,0.45754034410940864,124.90443363931081
18.17,4.0,0.195181814946537,0.195181814946537,0.45744743420127126,124.89985049222213
18.18,4.0,0.19516921016785505,0.19516921016785505,0.45735461097721447,124.89526556340516
18.19,4.0,0.19515662951534243,0.19515662951534243,0.45726187353416003,124.89070476940772
18.2,4.0,0.19514406207138837,0.19514406207138837,0.4571692120432095,124.88614496802853
18.21,4.0,0.1951315061612999,0.1951315061612999,0.45707661587371984,124.88157635132441
18.22,4.0,0.19511896319018726,0.19511896319018726,0.45698410514310417,124.87703445064507
18.23,4.0,0.19510643375120548,0.19510643375120548,0.4568916595458047,124.87248369247256
18.24,4.0,0.19509391847998522,0.19509391847998522,0.4567993159032138,124.86794941190803
18.25,4.0,0.19508142408299317,0.19508142408299317,0.45670702829636456,124.86342048039587
18.26,4.0,0.19506894325787547,0.19506894325787547,0.45661482086658267,124.85890103860517
18.27,4.0,0.19505646571571394,0.19505646571571394,0.45652270496117003,124.85439068858427
18.28,4.0,0.19504401191822948,0.19504401191822948,0.45643066960165646,124.8498865656345
18.29,4.0,0.1950315797269241,0.1950315797269241,0.4563386864271023,124.84538648911922
18.3,4.0,0.1950191507870137,0.1950191507870137,0.45624679439464483,124.84088784368207
18.31,4.0,0.19500673257212958,0.19500673257212958,0.4561549563482557,124.83640809367924
18.32,4.0,0.19499433924629792,0.19499433924629792,0.4560632297153967,124.8319322998968
18.33,4.0,0.1949819593073806,0.1949819593073806,0.45597156746443007,124.8274631510086
18.34,4.0,0.19496957918953164,0.19496957918953164,0.4558799617966921,124.82299583709877
18.35,4.0,0.19495722376762328,0.19495722376762328,0.455788450447027,124.8185363356271
18.36,4.0,0.19494488084410536,0.19494488084410536,0.45569701964874143,124.81409509551781
18.37,4.0,0.19493256042861798,0.19493256042861798,0.455605653015238,124.8096447030079
18.38,4.0,0.19492024259423718,0.19492024259423718,0.4555143670337365,124.80521095397455
18.39,4.0,0.19490794668784836,0.19490794668784836,0.45542315246049053,124.80078635730646
18.4,4.0,0.19489565276044776,0.19489565276044776,0.4553319966542687,124.79635820717198
18.41,4.0,0.1948833832284875,0.1948833832284875,0.455240945416791,124.79194077716882
18.42,4.0,0.19487112619802552,0.19487112619802552,0.4551499604972429,124.78753893573389
18.43,4.0,0.19485888958771516,0.19485888958771516,0.4550590388304377,124.78313985794307
18.44,4.0,0.19484665693355863,0.19484665693355863,0.45496820321543135,124.77874641725603
18.45,4.0,0.19483443592070765,0.19483443592070765,0.45487743608595915,124.7743595559999
18.46,4.0,0.19482223923824565,0.19482223923824565,0.4547867583064648,124.76998653006252
18.47,4.0,0.19481004220839857,0.19481004220839857,0.4546961360706959,124.76560482601927
18.48,4.0,0.1947978683815539,0.1947978683815539,0.45460558818371255,124.76124463044424
18.49,4.0,0.1947857075294942,0.1947857075294942,0.4545151257862161,124.75688220746213
18.5,4.0,0.19477356717897623,0.19477356717897623,0.4544247146291569,124.7525297748025
18.51,4.0,0.19476143214577687,0.19476143214577687,0.45433440915207446,124.74818479541094
18.52,4.0,0.1947493065251436,0.1947493065251436,0.4542441548396813,124.74384840230188
18.53,4.0,0.1947372043932913,0.1947372043932913,0.45415397800359714,124.73950537475474
18.54,4.0,0.194725104910875,0.194725104910875,0.4540638853073422,124.73519116680649
18.55,4.0,0.19471302684602712,0.19471302684602712,0.45397385491917497,124.73087476133792
18.56,4.0,0.19470096087139985,0.19470096087139985,0.45388389966458437,124.72656055066578
18.57,4.0,0.19468890695484375,0.19468890695484375,0.45379401697347815,124.72225849932303
18.58,4.0,0.19467687517275792,0.19467687517275792,0.4537041946337669,124.7179551037329
18.59,4.0,0.19466484560385658,0.19466484560385658,0.45361446257705007,124.71366551207794
18.6,4.0,0.1946528286404436,0.1946528286404436,0.4535247986984775,124.70938341350774
18.61,4.0,0.19464083288013376,0.19464083288013376,0.45343520860290115,124.7051076423632
18.62,4.0,0.19462884807779243,0.19462884807779243,0.4533456631653901,124.70083122278646
18.63,4.0,0.19461687715636858,0.19461687715636858,0.45325623090055894,124.69657193469918
18.64,4.0,0.19460491748744047,0.19460491748744047,0.4531668475460698,124.69231805676127
18.65,4.0,0.1945929700844148,0.1945929700844148,0.45307753990760746,124.6880552422185
18.66,4.0,0.19458104358683334,0.19458104358683334,0.4529883040177785,124.68382054663668
18.67,4.0,0.19456911991662323,0.19456911991662323,0.45289913856245545,124.67957484361678
18.68,4.0,0.1945572167234151,0.1945572167234151,0.4528100377170233,124.67534672000743
18.69,4.0,0.19454531636766,0.19454531636766,0.4527210095981195,124.67112092734571
18.7,4.0,0.19453343959367492,0.19453343959367492,0.4526320750740121,124.66690405197814
18.71,4.0,0.1945215712188582,0.1945215712188582,0.4525431776069127,124.66269646531165
18.72,4.0,0.19450972536261313,0.19450972536261313,0.4524543585742997,124.6584810740382
18.73,4.0,0.1944978829646641,0.1944978829646641,0.45236562017984683,124.65428338115524
18.74,4.0,0.19448605117103052,0.19448605117103052,0.45227695043672195,124.65009215624804
18.75,4.0,0.19447424137923766,0.19447424137923766,0.45218835180430716,124.64591254252443
18.76,4.0,0.19446244200013407,0.19446244200013407,0.45209981807938243,124.64172303354417
18.77,4.0,0.19445065562498665,0.19445065562498665,0.4520113585696832,124.6375613231509
18.78,4.0,0.19443887037189952,0.19443887037189952,0.4519229597550279,124.63338475557136
18.79,4.0,0.19442711743772803,0.19442711743772803,0.451834651069714,124.62923307865424
18.8,4.0,0.19441536377606009,0.19441536377606009,0.45174637875170687,124.62507121964681
18.81,4.0,0.19440362304157768,0.19440362304157768,0.4516581919580197,124.62092149154574
18.82,4.0,0.19439190438275125,0.19439190438275125,0.45157007852087255,124.61678738889486
18.83,4.0,0.19438018626792833,0.19438018626792833,0.45148201969240226,124.6126512262702
18.84,4.0,0.19436849100609677,0.19436849100609677,0.4513940587473149,124.60852304458638
18.85,4.0,0.19435680689345683,0.19435680689345683,0.4513061446152829,124.60440159935732
18.86,4.0,0.19434513404103693,0.19434513404103693,0.4512183077158034,124.6002872430013
18.87,4.0,0.19433347075894522,0.19433347075894522,0.45113052493310957,124.5961737554838
18.88,4.0,0.19432182096288905,0.19432182096288905,0.45104282141092755,124.59207190278454
18.89,4.0,0.19431019187591214,0.19431019187591214,0.45095518625000064,124.58797736231828
18.9,4.0,0.1942985737306644,0.1942985737306644,0.4508676094419384,124.58388716695256
18.91,4.0,0.19428695608164823,0.19428695608164823,0.45078010111801753,124.57980880493788
18.92,4.0,0.19427536018664904,0.19427536018664904,0.45069266072578046,124.57572200933132
18.93,4.0,0.1942637769551789,0.1942637769551789,0.45060530336937227,124.5716490907061
18.94,4.0,0.19425220471785512,0.19425220471785512,0.45051800519538887,124.56758892520264
18.95,4.0,0.19424064198686672,0.19424064198686672,0.4504307593527393,124.5635270092206
18.96,4.0,0.19422910095405216,0.19422910095405216,0.45034358277092296,124.55946997313633
18.97,4.0,0.19421756149826477,0.19421756149826477,0.45025648820065567,124.55542666834315
18.98,4.0,0.1942060428157564,0.1942060428157564,0.4501694486833502,124.55137507572277
18.99,4.0,0.19419452574018278,0.19419452574018278,0.4500824782609394,124.54734684601254
19.0,4.0,0.1941830299641011,0.1941830299641011,0.4499955848617539,124.54331792445507
19.01,4.0,0.19417154386756966,0.19417154386756966,0.44990873299909545,124.53929562566441
19.02,4.0,0.1941600696921726,0.1941600696921726,0.4498219671224843,124.53527683117873
19.03,4.0,0.1941486162555386,0.1941486162555386,0.4497352559033356,124.53126269100153
19.04,4.0,0.19413716480910914,0.19413716480910914,0.44964861935800415,124.527262533309
19.05,4.0,0.19412572331727074,0.19412572331727074,0.4495620417507998,124.5232621055576
19.06,4.0,0.19411430277612401,0.19411430277612401,0.4494755362958445,124.5192636384044
19.07,4.0,0.1941028933373485,0.1941028933373485,0.44938909182612424,124.51528338063738
19.08,4.0,0.19409149539661588,0.19409149539661588,0.4493027140193334,124.51130145462848
19.09,4.0,0.19408010690242086,0.19408010690242086,0.4492163879625584,124.50732286955943
19.1,4.0,0.19406872898600783,0.19406872898600783,0.4491301308584354,124.50335555182987
19.11,4.0,0.19405736355325748,0.19405736355325748,0.4490439535630785,124.49939104880599
19.12,4.0,0.19404600763649957,0.19404600763649957,0.4489578146628913,124.49542714799608
19.13,4.0,0.19403467377419936,0.19403467377419936,0.44887176383424937,124.49147735450593
19.14,4.0,0.1940233499738206,0.1940233499738206,0.44878577365180516,124.48753593672166
19.15,4.0,0.19401202615098742,0.19401202615098742,0.4486998295724648,124.48359348537909
19.16,4.0,0.1940007235698976,0.1940007235698976,0.4486139619994001,124.47965697714832
19.17,4.0,0.1939894322702191,0.1939894322702191,0.4485281581633526,124.47572924207397
19.18,4.0,0.19397815159228146,0.19397815159228146,0.4484424230551846,124.47180927698615
19.19,4.0,0.19396688104440235,0.19396688104440235,0.4483567496623985,124.46789556369815
19.2,4.0,0.19395562971407773,0.19395562971407773,0.4482711239041954,124.46397644083213
19.21,4.0,0.1939443811362692,0.1939443811362692,0.44818558404637193,124.4600732512372
19.22,4.0,0.19393315276470466,0.19393315276470466,0.44810009159388153,124.45617882702457
19.23,4.0,0.19392193376335493,0.19392193376335493,0.4480146500655931,124.45227422369845
19.24,4.0,0.19391072658087022,0.19391072658087022,0.4479292944974454,124.44839435296261
19.25,4.0,0.19389952850306325,0.19389952850306325,0.4478439860934172,124.44450820242305
19.26,4.0,0.19388834241878475,0.19388834241878475,0.4477587517788713,124.44062844205945
19.27,4.0,0.19387716655812703,0.19387716655812703,0.44767358066718793,124.43676368848402
19.28,4.0,0.19386599963087545,0.19386599963087545,0.44758845432596356,124.43289467682335
19.29,4.0,0.19385485311665993,0.19385485311665993,0.44750339288315927,124.42903901396257
19.3,4.0,0.19384370806294454,0.19384370806294454,0.4474183990313083,124.4251753243291
19.31,4.0,0.19383258315729798,0.19383258315729798,0.44733346632549903,124.42133489676252
19.32,4.0,0.19382146980397283,0.19382146980397283,0.4472486015102824,124.41749161934968
19.33,4.0,0.19381036500995583,0.19381036500995583,0.44716378963131703,124.41365050791313
19.34,4.0,0.19379927123355078,0.19379927123355078,0.4470790390158406,124.40981597355437
19.35,4.0,0.19378818750410984,0.19378818750410984,0.4469943492238754,124.4059960492378
19.36,4.0,0.19377711371456846,0.19377711371456846,0.44690971874250573,124.40216888756466
19.37,4.0,0.19376605965449709,0.19376605965449709,0.4468251435304111,124.39835460727352
19.38,4.0,0.19375501798655487,0.19375501798655487,0.44674064832800686,124.39454520641634
19.39,4.0,0.19374397334420515,0.19374397334420515,0.4466561862698796,124.39073907514702
19.4,4.0,0.19373294990477694,0.19373294990477694,0.4465717862008881,124.38693308824409
19.41,4.0,0.19372193875074528,0.19372193875074528,0.44648747810116446,124.38314779484523
19.42,4.0,0.1937109351286161,0.1937109351286161,0.4464031959592763,124.37935189418722
19.43,4.0,0.19369994281662165,0.19369994281662165,0.4463189928495165,124.37557214093125
19.44,4.0,0.19368896999395674,0.19368896999395674,0.4462348272951639,124.37179092018665
19.45,4.0,0.19367799756995913,0.19367799756995913,0.4461507432299354,124.36802907741823
19.46,4.0,0.19366704462323145,0.19366704462323145,0.44606669658325776,124.36424870505004
19.47,4.0,0.19365609352392393,0.19365609352392393,0.44598273680586126,124.36049440031852
19.48,4.0,0.19364516001428805,0.19364516001428805,0.445898817268893,124.35673479814633
19.49,4.0,0.1936342365327387,0.1936342365327387,0.4458149441309104,124.35298458402666
19.5,4.0,0.1936233239823822,0.1936233239823822,0.445731144730296,124.34923945926198
19.51,4.0,0.19361242113934532,0.19361242113934532,0.4456474015824589,124.34550009749658
19.52,4.0,0.1936015288066141,0.1936015288066141,0.44556372522530324,124.34176617796338
19.53,4.0,0.19359065501420253,0.19359065501420253,0.44548008838086045,124.33803028495589
19.54,4.0,0.19357978172774926,0.19357978172774926,0.4453965203130976,124.33430920913082
19.55,4.0,0.1935689276004707,0.1935689276004707,0.44531299967914406,124.33058895131165
19.56,4.0,0.19355807453355023,0.19355807453355023,0.4452295548260691,124.32686867473801
19.57,4.0,0.193548508076074,0.193548508076074,0.44516428378489337,124.32090179913583
19.58,4.0,0.19353789755249928,0.19353789755249928,0.4450839994567909,124.31681249411226
19.59,4.0,0.19352729787037956,0.19352729787037956,0.4450038021456514,124.3127330859314
19.6,4.0,0.19351671203672777,0.19351671203672777,0.44492370510455254,124.3086528117425
19.61,4.0,0.19350613673104358,0.19350613673104358,0.44484367718219403,124.30456046319209
19.62,4.0,0.1934955840500395,0.1934955840500395,0.4447637463739288,124.30047945597734
19.63,4.0,0.1934850315014129,0.1934850315014129,0.4446838791557189,124.29639849494757
19.64,4.0,0.19347450306842431,0.19347450306842431,0.4446041438621427,124.29232194671927
19.65,4.0,0.19346398544845383,0.19346398544845383,0.4445244674227153,124.28824411146462
19.66,4.0,0.1934534775060698,0.1934534775060698,0.4444448614763376,124.28416662548547
19.67,4.0,0.19344297410883002,0.19344297410883002,0.44436538134557657,124.28008722911963
19.68,4.0,0.19343250104519355,0.19343250104519355,0.44428595116080577,124.27600789895342
19.69,4.0,0.1934220293903642,0.1934220293903642,0.4442066173278434,124.27193259183271
19.7,4.0,0.19341157021158284,0.19341157021158284,0.4441273931303399,124.26785873562528
19.71,4.0,0.19340112094705916,0.19340112094705916,0.444048215030107,124.26378570476406
19.72,4.0,0.19339069521854324,0.19339069521854324,0.4439691463032235,124.25971615285879
19.73,4.0,0.19338027854649384,0.19338027854649384,0.44389014024977896,124.25564705370091
19.74,4.0,0.1933698651898745,0.1933698651898745,0.4438112434926401,124.25157920201744
19.75,4.0,0.19335947348814406,0.19335947348814406,0.4437324148551144,124.24750293815197
19.76,4.0,0.19334909205808157,0.19334909205808157,0.4436536807222382,124.24344081857869
19.77,4.0,0.1933387224230837,0.1933387224230837,0.4435750187376724,124.23937303615817
19.78,4.0,0.19332837575390208,0.19332837575390208,0.4434964580783967,124.23530925051212
19.79,4.0,0.19331802794283767,0.19331802794283767,0.4434179584006011,124.2312437831564
19.8,4.0,0.19330769314537397,0.19330769314537397,0.4433395618166876,124.22718284101053
19.81,4.0,0.1932973773843844,0.1932973773843844,0.4432612266956864,124.22311612266067
19.82,4.0,0.1932870753617073,0.1932870753617073,0.4431829906616599,124.21906223586548
19.83,4.0,0.19327677188919873,0.19327677188919873,0.443104811267476,124.21499419518966
19.84,4.0,0.19326649093279646,0.19326649093279646,0.44302672780421026,124.21093186665921
19.85,4.0,0.19325622210830073,0.19325622210830073,0.4429487349130409,124.2068786126029
19.86,4.0,0.19324596312507888,0.19324596312507888,0.4428708161215323,124.20281531534579
19.87,4.0,0.19323571558450214,0.19323571558450214,0.44279297807978424,124.19876250544895
19.88,4.0,0.19322548931611785,0.19322548931611785,0.4427152191756457,124.1947018784138
19.89,4.0,0.19321526508224585,0.19321526508224585,0.44263755056995574,124.19065010994883
19.9,4.0,0.1932050596128768,0.1932050596128768,0.4425599396765378,124.18660223958054
19.91,4.0,0.19319485565710887,0.19319485565710887,0.44248242607214655,124.18254358646672
19.92,4.0,0.19318467464209194,0.19318467464209194,0.4424050011222454,124.1784933226385
19.93,4.0,0.19317450260789854,0.19317450260789854,0.4423276362249138,124.17444011674168
19.94,4.0,0.1931643420570275,0.1931643420570275,0.442250354626082,124.17038875333888
19.95,4.0,0.19315419176183485,0.19315419176183485,0.44217315134507124,124.16633921065832
19.96,4.0,0.19314405202556262,0.19314405202556262,0.4420960181732225,124.16228360450567
19.97,4.0,0.19313393493354725,0.19313393493354725,0.4420189820554353,124.1582374197227
19.98,4.0,0.19312381678303542,0.19312381678303542,0.44194200840262243,124.15418960802812
19.99,4.0,0.1931137210929609,0.1931137210929609,0.4418651292088455,124.15014708482865
20.0,4.0,0.1931036242978815,0.1931036242978815,0.4417883118448825,124.14609544755321
20.01,4.0,0.19309354996789438,0.19309354996789438,0.4417115746343995,124.14205354148555
20.02,4.0,0.19308348522526775,0.19308348522526775,0.44163492162505846,124.13800416348388
20.03,4.0,0.19307343072027183,0.19307343072027183,0.4415583342349348,124.13396584743171
20.04,4.0,0.1930633886660978,0.1930633886660978,0.44148184230019694,124.12992272851635
20.05,4.0,0.1930533545682412,0.1930533545682412,0.44140539779569754,124.12588113108926
20.06,4.0,0.19304333404524068,0.19304333404524068,0.44132906485425644,124.12184306046157
20.07,4.0,0.19303333083702415,0.19303333083702415,0.44125276914802747,124.11780051713603
20.08,4.0,0.193023330410082,0.193023330410082,0.4411765747393933,124.11375917910863
20.09,4.0,0.19301334930401967,0.19301334930401967,0.44110044537494164,124.10972463051826
20.1,4.0,0.1930033695257206,0.1930033695257206,0.4410243983726981,124.10568884797982
20.11,4.0,0.19299340915811505,0.19299340915811505,0.44094841682119285,124.10165335589558
20.12,4.0,0.1929834602783633,0.1929834602783633,0.44087251799410143,124.09761479171046
20.13,4.0,0.19297351974103782,0.19297351974103782,0.4407966722361786,124.09357738801899
20.14,4.0,0.19296359202969773,0.19296359202969773,0.4407209274634963,124.08953685553121
20.15,4.0,0.19295367337583882,0.19295367337583882,0.4406452460147682,124.08549984796242
20.16,4.0,0.19294377514227765,0.19294377514227765,0.44056964453641856,124.08147797376517
20.17,4.0,0.19293387682576732,0.19293387682576732,0.4404941044461163,124.07743809742595
20.18,4.0,0.19292399921578446,0.19292399921578446,0.440418635849622,124.07341046205087
20.19,4.0,0.19291412275679887,0.19291412275679887,0.4403432598219581,124.06937269184705
20.2,4.0,0.1929042640723496,0.1929042640723496,0.44026792689406763,124.06534040578009
20.21,4.0,0.1928944168522172,0.1928944168522172,0.4401926773900887,124.06131294983045
20.22,4.0,0.1928845804346779,0.1928845804346779,0.4401175144706352,124.05728517901044
20.23,4.0,0.19287475336326979,0.19287475336326979,0.44004241822149864,124.0532529701228
20.24,4.0,0.19286493744833774,0.19286493744833774,0.4399674001412183,124.04923392464845
20.25,4.0,0.1928551292573056,0.1928551292573056,0.4398924264570354,124.0452044703937
20.26,4.0,0.19284534251222557,0.19284534251222557,0.43981753316589134,124.04117654231355
20.27,4.0,0.19283555659653437,0.19283555659653437,0.43974272886705834,124.03714975551871
20.28,4.0,0.1928257887791845,0.1928257887791845,0.43966797331128965,124.03312689136911
20.29,4.0,0.19281602282767557,0.19281602282767557,0.43959330630123056,124.02910179221058
20.3,4.0,0.1928062756715676,0.1928062756715676,0.43951869714058456,124.02507444272912
20.31,4.0,0.1927965377582383,0.1927965377582383,0.4394441532922321,124.02104777748768
20.32,4.0,0.19278680901752335,0.19278680901752335,0.4393696746560545,124.01701969838606
20.33,4.0,0.19277709219289993,0.19277709219289993,0.43929528429705483,124.01300452612836
20.34,4.0,0.19276738424306494,0.19276738424306494,0.4392209540323158,124.00898421950569
20.35,4.0,0.19275769732979,0.19275769732979,0.4391466993355201,124.0049611701741
20.36,4.0,0.1927480094949118,0.1927480094949118,0.43907250872443715,124.00093790104074
20.37,4.0,0.19273832979216957,0.19273832979216957,0.43899836851545737,123.9969136174924
20.38,4.0,0.19272867112040948,0.19272867112040948,0.43892431735957255,123.99289875703195
20.39,4.0,0.19271902143277336,0.19271902143277336,0.4388503279350644,123.98887886049656
20.4,4.0,0.1927093829282352,0.1927093829282352,0.4387764172976833,123.9848630905799
20.41,4.0,0.19269974279519114,0.19269974279519114,0.4387025607100481,123.98084757481962
20.42,4.0,0.19269012232169483,0.19269012232169483,0.4386287609804033,123.97682386767701
20.43,4.0,0.1926805113760084,0.1926805113760084,0.4385550443406488,123.9728079996143
20.44,4.0,0.1926709203814309,0.1926709203814309,0.43848138787773266,123.96879105319546
20.45,4.0,0.1926613280830529,0.1926613280830529,0.4384078045718198,123.96477208481672
20.46,4.0,0.192651746589653,0.192651746589653,0.4383342803270132,123.9607613878615
20.47,4.0,0.19264218323242716,0.19264218323242716,0.4382608191589924,123.95673917832885
20.48,4.0,0.19263261973275295,0.19263261973275295,0.43818743426815554,123.95272793500273
20.49,4.0,0.19262307510605275,0.19262307510605275,0.438114093332747,123.94871026811973
20.5,4.0,0.19261354101362196,0.19261354101362196,0.43804083645601055,123.94469750740222
20.51,4.0,0.19260401641841415,0.19260401641841415,0.43796764882174866,123.94068460453234
20.52,4.0,0.19259450046377213,0.19259450046377213,0.4378945181934991,123.93667519293831
20.53,4.0,0.19258499249668543,0.19258499249668543,0.43782143524696915,123.93265459726885
20.54,4.0,0.19257549511307848,0.19257549511307848,0.43774843711983813,123.92864277905585
20.55,4.0,0.19256600733617235,0.19256600733617235,0.43767549545200957,123.92462785973291
20.56,4.0,0.19255653788382882,0.19255653788382882,0.4376026061453976,123.92061712435192
20.57,4.0,0.19254706852541606,0.19254706852541606,0.4375297948813547,123.91660754882736
20.58,4.0,0.19253761667466324,0.19253761667466324,0.43745703786246304,123.91259494188206
20.59,4.0,0.1925281765032669,0.1925281765032669,0.43738436699963257,123.90859255505423
20.6,4.0,0.1925187337180088,0.1925187337180088,0.43731173636688164,123.90457773762516
20.61,4.0,0.19250931006740338,0.19250931006740338,0.4372391688827681,123.9005693261292
20.62,4.0,0.19249989601124323,0.19249989601124323,0.4371666577810966,123.89654847364835
20.63,4.0,0.19249049093572726,0.19249049093572726,0.4370942231094508,123.89254681722745
20.64,4.0,0.19248109524278648,0.19248109524278648,0.4370218562239137,123.88853837353973
20.65,4.0,0.19247171817686842,0.19247171817686842,0.4369495308776019,123.88452732593292
20.66,4.0,0.19246234018409047,0.19246234018409047,0.43687728437590384,123.88052151484766
20.67,4.0,0.19245297107911702,0.19245297107911702,0.43680508422066405,123.8765146277268
20.68,4.0,0.19244361976490948,0.19244361976490948,0.43673294249852,123.87250140305513
20.69,4.0,0.19243427943463548,0.19243427943463548,0.4366608771264449,123.86849334155441
20.7,4.0,0.1924249351058134,0.1924249351058134,0.4365888467269833,123.86448717040055
20.71,4.0,0.19241561224895792,0.19241561224895792,0.4365168986340642,123.86047623665644
20.72,4.0,0.19240629720551827,0.19240629720551827,0.43644501040327943,123.85647173788303
20.73,4.0,0.19239699112605163,0.19239699112605163,0.43637316969062995,123.85246449280653
20.74,4.0,0.19238769258280253,0.19238769258280253,0.4363013849032667,123.84845846132067
20.75,4.0,0.1923784143855539,0.1923784143855539,0.4362296663750336,123.84445075150681
20.76,4.0,0.1923691338482901,0.1923691338482901,0.4361580066194311,123.84045144289308
20.77,4.0,0.19235986245137257,0.19235986245137257,0.4360864113642805,123.83643855897465
20.78,4.0,0.19235061039029946,0.19235061039029946,0.43601486796301314,123.83243698522936
20.79,4.0,0.19234135528537127,0.19234135528537127,0.43594337330959015,123.8284271158558
20.8,4.0,0.1923321197467779,0.1923321197467779,0.4358719338331676,123.82441748375878
20.81,4.0,0.1923228940073566,0.1923228940073566,0.43580058273851685,123.8204215881444
20.82,4.0,0.19231367555168705,0.19231367555168705,0.43572926966115894,123.81641367671736
20.83,4.0,0.1923044656931721,0.1923044656931721,0.43565801339703797,123.81241406478676
20.84,4.0,0.19229526340367448,0.19229526340367448,0.43558679925645977,123.8083979435566
20.85,4.0,0.19228607130213882,0.19228607130213882,0.43551566470541153,123.80439840528878
20.86,4.0,0.19227688568224383,0.19227688568224383,0.4354445711600421,123.80038837321685
20.87,4.0,0.19226771946132445,0.19226771946132445,0.43537353049190347,123.79638419969966
20.88,4.0,0.19225855357724558,0.19225855357724558,0.43530257179112725,123.79238418863301
20.89,4.0,0.19224940344141234,0.19224940344141234,0.4352316434396713,123.78837732045972
20.9,4.0,0.19224025202415976,0.19224025202415976,0.43516077478107884,123.78437103124597
20.91,4.0,0.19223111951240385,0.19223111951240385,0.4350899664012162,123.7803690840268
20.92,4.0,0.1922219953842279,0.1922219953842279,0.4350192118996411,123.7763577413984
20.93,4.0,0.19221287988295857,0.19221287988295857,0.43494851476922897,123.77235990197178
20.94,4.0,0.19220377256129711,0.19220377256129711,0.4348778686263846,123.76836047119008
20.95,4.0,0.19219467209541852,0.19219467209541852,0.43480726895832694,123.76434669840272
20.96,4.0,0.19218558132332494,0.19218558132332494,0.43473674112283894,123.7603438409334
20.97,4.0,0.19217649858964309,0.19217649858964309,0.43466624872484605,123.75633581762878
20.98,4.0,0.1921674338502022,0.1921674338502022,0.43459581807119496,123.75233615702406
20.99,4.0,0.19215836604415865,0.19215836604415865,0.4345254361044874,123.74832671793828
21.0,4.0,0.19214931762401746,0.19214931762401746,0.4344551069983371,123.74432152275374
21.01,4.0,0.19214026636784165,0.19214026636784165,0.43438482990224453,123.74031858512195
21.02,4.0,0.19213123436584217,0.19213123436584217,0.4343146182144602,123.73631843943116
21.03,4.0,0.19212220879430522,0.19212220879430522,0.43424443178773847,123.73230640409392
21.04,4.0,0.19211319375248187,0.19211319375248187,0.43417433091630375,123.72830430623094
21.05,4.0,0.1921041840554343,0.1921041840554343,0.4341042550405391,123.72429993997372
21.06,4.0,0.1920951843863601,0.1920951843863601,0.4340342423346789,123.72029611991866
21.07,4.0,0.1920861906482222,0.1920861906482222,0.43396427743821975,123.71629011233476
21.08,4.0,0.1920772055844261,0.1920772055844261,0.4338943555539764,123.71228370888613
21.09,4.0,0.19206824044650733,0.19206824044650733,0.433824509599452,123.70827223408968
21.1,4.0,0.19205926915570481,0.19205926915570481,0.433754682742639,123.70426933808918
21.11,4.0,0.19205031792893124,0.19205031792893124,0.4336849185847215,123.70026392695257
21.12,4.0,0.19204136591023915,0.19204136591023915,0.43361522058155927,123.69625479658306
21.13,4.0,0.19203243000223139,0.19203243000223139,0.4335455584014732,123.69224990303006
21.14,4.0,0.19202350285997277,0.19202350285997277,0.4334759558477354,123.68824972146233
21.15,4.0,0.19201458199440397,0.19201458199440397,0.433406377337716,123.68423529386112
21.16,4.0,0.19200566941063812,0.19200566941063812,0.43333686514493686,123.68022566529882
21.17,4.0,0.19199676475649854,0.19199676475649854,0.43326740147890885,123.67622288000608
21.18,4.0,0.19198786751386804,0.19198786751386804,0.43319797812277716,123.67221777972222
21.19,4.0,0.19197897728475097,0.19197897728475097,0.43312860380310503,123.66821148027937
21.2,4.0,0.19197010623538735,0.19197010623538735,0.4330592932391122,123.6641987042523
21.21,4.0,0.1919612323796595,0.1919612323796595,0.43299002177357465,123.66018661180469
21.22,4.0,0.1919523649574747,0.1919523649574747,0.4329207910877554,123.65618603259277
21.23,4.0,0.19194351539451293,0.19194351539451293,0.432851606126344,123.65217232298343
21.24,4.0,0.1919346754751972,0.1919346754751972,0.4327824926573279,123.64816728557652
21.25,4.0,0.19192584051590947,0.19192584051590947,0.43271339974651457,123.6441564749272
21.26,4.0,0.19191700348196725,0.19191700348196725,0.4326443556429898,123.64014191356556
21.27,4.0,0.1919081939725735,0.1919081939725735,0.4325753650718727,123.63613117364363
21.28,4.0,0.19189937228446946,0.19189937228446946,0.4325064237060882,123.63212370220612
21.29,4.0,0.1918905787122269,0.1918905787122269,0.43243753075825453,123.62811687398961
21.3,4.0,0.19188178142580004,0.19188178142580004,0.432368676817612,123.6241005424086
21.31,4.0,0.191872991484498,0.191872991484498,0.4322998632067338,123.62009212119774
21.32,4.0,0.19186421944103163,0.19186421944103163,0.4322310959825947,123.6160763072015
21.33,4.0,0.19185544533691343,0.19185544533691343,0.4321623914509665,123.61206952397987
21.34,4.0,0.19184668717558306,0.19184668717558306,0.4320937205843504,123.60805766446407
21.35,4.0,0.19183792590816034,0.19183792590816034,0.43202508388429217,123.6040419210956
21.36,4.0,0.19182918335990376,0.19182918335990376,0.4319565045610767,123.60003161107748
21.37,4.0,0.1918204470783477,0.1918204470783477,0.4318879646190976,123.59601228420927
21.38,4.0,0.1918117178760525,0.1918117178760525,0.4318194604802485,123.59200203567553
21.39,4.0,0.19180299630709863,0.19180299630709863,0.43175101368436913,123.58798136587046
21.4,4.0,0.19179428140460691,0.19179428140460691,0.43168259761456024,123.58397036384345
21.41,4.0,0.19178557331435325,0.19178557331435325,0.43161422717076714,123.57995186943506
21.42,4.0,0.1917768729169598,0.1917768729169598,0.43154590215356803,123.57593283448952
21.43,4.0,0.19176819053141878,0.19176819053141878,0.43147762528565176,123.5719196265234
21.44,4.0,0.19175950412386678,0.19175950412386678,0.43140939760720404,123.56790384010897
21.45,4.0,0.191750834607844,0.191750834607844,0.43134118847325703,123.56388516730026
21.46,4.0,0.19174216263214006,0.19174216263214006,0.4312730364905635,123.55986216528152
21.47,4.0,0.19173350707487682,0.19173350707487682,0.43120492512039726,123.55585064615035
21.48,4.0,0.19172485852690554,0.19172485852690554,0.43113684867146906,123.55182302023242
21.49,4.0,0.19171621750543272,0.19171621750543272,0.4310688281635196,123.54780666600668
21.5,4.0,0.19170757259254956,0.19170757259254956,0.4310008315646877,123.54378909833245
21.51,4.0,0.19169895594738645,0.19169895594738645,0.4309328994313372,123.53976744027973
21.52,4.0,0.19169033441155645,0.19169033441155645,0.4308649769389376,123.53573347970683
21.53,4.0,0.19168172148297108,0.19168172148297108,0.4307971258926198,123.53172001488007
21.54,4.0,0.19167311414757743,0.19167311414757743,0.43072929037838514,123.52769935836652
21.55,4.0,0.19166451441769067,0.19166451441769067,0.4306615120094239,123.52367017491387
21.56,4.0,0.19165592935771275,0.19165592935771275,0.43059374934622213,123.51964607518907
21.57,4.0,0.19164734367434744,0.19164734367434744,0.43052605582537523,123.51562971671996
21.58,4.0,0.19163877312034325,0.19163877312034325,0.4304583846023959,123.5116018759857
21.59,4.0,0.19163021022938787,0.19163021022938787,0.4303907569910061,123.50757136991079
21.6,4.0,0.19162165267195713,0.19162165267195713,0.43032315566889456,123.50354518598596
21.61,4.0,0.19161309236769491,0.19161309236769491,0.43025560757710873,123.4995136836423
21.62,4.0,0.1916045483985761,0.1916045483985761,0.4301880846639821,123.49548875004214
21.63,4.0,0.19159601245088262,0.19159601245088262,0.43012061053624606,123.49145132249859
21.64,4.0,0.19158748168005615,0.19158748168005615,0.4300531749059728,123.48742995443926
21.65,4.0,0.1915789679326939,0.1915789679326939,0.4299857727636464,123.48339584446475
21.66,4.0,0.19157045083272306,0.19157045083272306,0.4299184024083619,123.47936057826234
21.67,4.0,0.19156193880216052,0.19156193880216052,0.4298510674824138,123.47532727610341
21.68,4.0,0.19155344613461084,0.19155344613461084,0.42978378669385836,123.47129361890589
21.69,4.0,0.19154494810031056,0.19154494810031056,0.4297165361715267,123.4672633527177
21.7,4.0,0.19153646676427089,0.19153646676427089,0.4296493161056629,123.46322892397683
21.71,4.0,0.19152799193851486,0.19152799193851486,0.429582137716934,123.45919162430403
21.72,4.0,0.19151951193665231,0.19151951193665231,0.4295149795070942,123.45515188472058
21.73,4.0,0.1915110506743411,0.1915110506743411,0.4294478794223883,123.45111693306801
21.74,4.0,0.19150259431285327,0.19150259431285327,0.42938079958748604,123.44707873508264
21.75,4.0,0.19149414533555506,0.19149414533555506,0.42931375956911055,123.44303244985099
21.76,4.0,0.1914857028448565,0.1914857028448565,0.4292467617245968,123.43899964762812
21.77,4.0,0.1914772637139207,0.1914772637139207,0.4291797765286585,123.43495447822136
21.78,4.0,0.19146884540472406,0.19146884540472406,0.42911286488811284,123.43091570496534
21.79,4.0,0.1914604200170776,0.1914604200170776,0.42904596070035544,123.42687441283765
21.8,4.0,0.19145200128246198,0.19145200128246198,0.428979085932122,123.4228253796741
21.81,4.0,0.19144359976510072,0.19144359976510072,0.42891226356271245,123.41878897350631
21.82,4.0,0.19143519421081964,0.19143519421081964,0.4288454618197242,123.4147389067788
21.83,4.0,0.1914268044982281,0.1914268044982281,0.4287786920551186,123.4106855943447
21.84,4.0,0.19141842143303203,0.19141842143303203,0.42871196762102054,123.40664696892424
21.85,4.0,0.1914100332104071,0.1914100332104071,0.4286452622300349,123.40258713566143
21.86,4.0,0.19140166112539433,0.19140166112539433,0.42857859308219853,123.39853654086025
21.87,4.0,0.19139329665017848,0.19139329665017848,0.42851196865278784,123.39448865650678
21.88,4.0,0.19138494744216028,0.19138494744216028,0.4284453672734109,123.39043823418261
21.89,4.0,0.1913765928462255,0.1913765928462255,0.42837878321939055,123.38638737035416
21.9,4.0,0.19136824641583805,0.19136824641583805,0.428312250331333,123.38233107399745
21.91,4.0,0.19135990487303944,0.19135990487303944,0.4282457513204349,123.3782773310349
21.92,4.0,0.19135156842606385,0.19135156842606385,0.4281792611271808,123.3742180021494
21.93,4.0,0.1913432488931418,0.1913432488931418,0.42811281759271813,123.37016036194494
21.94,4.0,0.19133492601656904,0.19133492601656904,0.4280464055009901,123.36609591283361
21.95,4.0,0.19132661769927578,0.19132661769927578,0.4279800223453854,123.36204075449119
21.96,4.0,0.1913183159305103,0.1913183159305103,0.42791366730009117,123.35797695249805
21.97,4.0,0.1913100209523042,0.1913100209523042,0.4278473590044967,123.35392169177142
21.98,4.0,0.1913017194806251,0.1913017194806251,0.42778105231464597,123.34985221943474
21.99,4.0,0.19129343582097197,0.19129343582097197,0.4277148051935889,123.34579312746155
22.0,4.0,0.1912851562252337,0.1912851562252337,0.4276485658613697,123.341726214681
22.01,4.0,0.19127688268455179,0.19127688268455179,0.42758234915452026,123.33766026376088
22.02,4.0,0.19126862658635665,0.19126862658635665,0.4275161867657259,123.33359110618443
22.03,4.0,0.19126036438364058,0.19126036438364058,0.42745004524470026,123.3295257655348
22.04,4.0,0.19125210824853808,0.19125210824853808,0.42738392580338735,123.32545093305853
22.05,4.0,0.1912438586029513,0.1912438586029513,0.4273178352399881,123.32138218956953
22.06,4.0,0.19123562355653415,0.19123562355653415,0.42725177278395005,123.31730997152981
22.07,4.0,0.19122738458542612,0.19122738458542612,0.42718574800509307,123.31323141919515
22.08,4.0,0.1912191618868004,0.1912191618868004,0.42711974722754553,123.30915658731438
22.09,4.0,0.19121094257315555,0.19121094257315555,0.42705375978158583,123.30508078702351
22.1,4.0,0.19120273086091938,0.19120273086091938,0.42698781566040334,123.30100254118926
22.11,4.0,0.19119451376965468,0.19119451376965468,0.4269218884601573,123.29692469423986
22.12,4.0,0.19118631243354545,0.19118631243354545,0.4268559930599242,123.29284275012203
22.13,4.0,0.1911781170730792,0.1911781170730792,0.4267901321738431,123.2887610583399
22.14,4.0,0.1911699260870516,0.1911699260870516,0.42672428366406645,123.28467851572742
22.15,4.0,0.1911617519507054,0.1911617519507054,0.42665846748267855,123.28059339562233
22.16,4.0,0.1911535725954401,0.1911535725954401,0.4265926849693962,123.27651163368162
22.17,4.0,0.1911453976333812,0.1911453976333812,0.42652690147209826,123.27241713025273
22.18,4.0,0.1911372283221464,0.1911372283221464,0.4264611623044835,123.26832674498395
22.19,4.0,0.19112907532323564,0.19112907532323564,0.426395447821842,123.26424056913936
22.2,4.0,0.19112091746432178,0.19112091746432178,0.42632977218107254,123.26015045444291
22.21,4.0,0.19111277405058494,0.19111277405058494,0.4262640952876381,123.25605367791928
22.22,4.0,0.19110463690802657,0.19110463690802657,0.42619845723326977,123.25195700633591
22.23,4.0,0.191096503850492,0.191096503850492,0.4261328275086837,123.24785482050089
22.24,4.0,0.19108836680183733,0.19108836680183733,0.42606724909235383,123.2437664268954
22.25,4.0,0.19108024532461318,0.19108024532461318,0.42600168482683426,123.23966091573905
22.26,4.0,0.1910721278169492,0.1910721278169492,0.42593612727032576,123.23555195916926
22.27,4.0,0.19106401643957827,0.19106401643957827,0.4258706080721838,123.23145703168846
22.28,4.0,0.19105592013194714,0.19105592013194714,0.4258051095463325,123.22735234222367
22.29,4.0,0.19104781888182545,0.19104781888182545,0.42573963436829726,123.22325130284585
22.3,4.0,0.1910397225226587,0.1910397225226587,0.4256741791161347,123.21914007128042
22.31,4.0,0.1910316311448363,0.1910316311448363,0.42560874509247043,123.21502487353598
22.32,4.0,0.19102355532035123,0.19102355532035123,0.42554333943699946,123.21091835121344
22.33,4.0,0.19101547437647776,0.19101547437647776,0.42547795537502786,123.2068043001431
22.34,4.0,0.19100740827119372,0.19100740827119372,0.42541258874381804,123.20269378987436
22.35,4.0,0.19099933681643957,0.19099933681643957,0.42534723970033894,123.19857569371982
22.36,4.0,0.19099128183873273,0.19099128183873273,0.4252819322745647,123.19445474174438
22.37,4.0,0.19098322953670047,0.19098322953670047,0.4252166275701178,123.19033982999828
22.38,4.0,0.19097518409989864,0.19097518409989864,0.42515135669894716,123.18622034530591
22.39,4.0,0.1909671428785153,0.1909671428785153,0.42508609618254956,123.18210039508034
22.4,4.0,0.19095910647452888,0.19095910647452888,0.4250208553702139,123.1779776487323
22.41,4.0,0.19095107338701467,0.19095107338701467,0.4249556257510775,123.1738441627036
22.42,4.0,0.19094304767919879,0.19094304767919879,0.4248904373618583,123.16972435107583
22.43,4.0,0.1909350259011241,0.1909350259011241,0.4248252552813199,123.165589972952
22.44,4.0,0.19092701860547232,0.19092701860547232,0.4247601007784912,123.16145483615158
22.45,4.0,0.19091900683718888,0.19091900683718888,0.4246949620955163,123.15732728397313
22.46,4.0,0.19091101000864574,0.19091101000864574,0.42462985754969707,123.15319585920044
22.47,4.0,0.19090300614350872,0.19090300614350872,0.42456474658254995,123.14905652459312
22.48,4.0,0.19089501920017773,0.19089501920017773,0.42449966930546074,123.14492160089621
22.49,4.0,0.19088702508440913,0.19088702508440913,0.42443459808945605,123.14077554061328
22.5,4.0,0.19087904653135357,0.19087904653135357,0.4243695555526237,123.13663290751107
22.51,4.0,0.1908710722991848,0.1908710722991848,0.4243045249958642,123.13248997562877
22.52,4.0,0.1908631008333287,0.1908631008333287,0.4242394993260513,123.12833452541277
22.53,4.0,0.19085513755573236,0.19085513755573236,0.42417452583224846,123.12419849069646
22.54,4.0,0.19084717789600045,0.19084717789600045,0.42410955429367814,123.12004795478076
22.55,4.0,0.19083922181313115,0.19083922181313115,0.42404459853927484,123.11590081755404
22.56,4.0,0.19083127034844574,0.19083127034844574,0.4239796446587604,123.11174509584957
22.57,4.0,0.19082332407034885,0.19082332407034885,0.42391472960167653,123.10758623006133
22.58,4.0,0.1908153921252003,0.1908153921252003,0.42384982571402396,123.10343432587986
22.59,4.0,0.19080745452934478,0.19080745452934478,0.42378493533941963,123.09926968215552
22.6,4.0,0.19079953213762801,0.19079953213762801,0.4237200686118672,123.09510498988094
22.61,4.0,0.19079160176215457,0.19079160176215457,0.4236551964578528,123.0909417865095
22.62,4.0,0.19078368879601326,0.19078368879601326,0.4235903650998385,123.08677927968058
22.63,4.0,0.19077577800090662,0.19077577800090662,0.42352552949771033,123.08261420971228
22.64,4.0,0.19076786308253743,0.19076786308253743,0.42346071489369774,123.0784455339225
22.65,4.0,0.19075996230092243,0.19075996230092243,0.4233959231252819,123.07426955820048
22.66,4.0,0.19075206488057106,0.19075206488057106,0.4233311441620186,123.07009639186468
22.67,4.0,0.1907441720730165,0.1907441720730165,0.42326636709963744,123.06592127104193
22.68,4.0,0.19073628425943712,0.19073628425943712,0.4232016262099783,123.0617518910792
22.69,4.0,0.19072840006190253,0.19072840006190253,0.4231368729856736,123.05756436986422
22.7,4.0,0.19072052065489736,0.19072052065489736,0.42307215304333595,123.0533819555822
22.71,4.0,0.19071264514198583,0.19071264514198583,0.4230074391669374,123.04920471261283
22.72,4.0,0.1907047836781543,0.1907047836781543,0.4229427469376727,123.04501315312304
22.73,4.0,0.1906969163412486,0.1906969163412486,0.42287805076702545,123.04082084006987
22.74,4.0,0.19068906277455053,0.19068906277455053,0.42281337227396737,123.03663029225979
22.75,4.0,0.19068120450909998,0.19068120450909998,0.4227487210572916,123.03244127712183
22.76,4.0,0.19067336027339873,0.19067336027339873,0.4226840768425609,123.02825255044073
22.77,4.0,0.19066551006314,0.19066551006314,0.4226194416777338,123.02405025538049
22.78,4.0,0.1906576730781535,0.1906576730781535,0.4225548157278383,123.01984475205481
22.79,4.0,0.19064984081190056,0.19064984081190056,0.4224902084176966,123.01564352041912
22.8,4.0,0.19064201298791658,0.19064201298791658,0.4224256150956642,123.01144068728068
22.81,4.0,0.1906341881327157,0.1906341881327157,0.4223610146990243,123.00722710249686
22.82,4.0,0.19062636823330031,0.19062636823330031,0.4222964500580604,123.00303028404402
22.83,4.0,0.1906185526870813,0.1906185526870813,0.422231883753041,122.99882044021494
22.84,4.0,0.19061073953827912,0.19061073953827912,0.42216731663548107,122.99460297089071
22.85,4.0,0.19060293017603575,0.19060293017603575,0.42210276858008755,122.99038602468241
22.86,4.0,0.1905951362855976,0.1905951362855976,0.42203823383448247,122.986166456526
22.87,4.0,0.1905873360545712,0.1905873360545712,0.421973717401014,122.98195251461685
22.88,4.0,0.19057953917110493,0.19057953917110493,0.4219091993731238,122.97772183587543
22.89,4.0,0.19057175589316683,0.19057175589316683,0.4218446968044124,122.97349429371958
22.9,4.0,0.19056396644901122,0.19056396644901122,0.421780199963599,122.96927371496925
22.91,4.0,0.19055619105442487,0.19055619105442487,0.42171571124405316,122.9650417639812
22.92,4.0,0.19054842059220795,0.19054842059220795,0.42165124362977197,122.96080772975672
22.93,4.0,0.19054065202630013,0.19054065202630013,0.42158676811770124,122.95656870680466
22.94,4.0,0.19057054053300373,0.19057054053300373,0.4220608940713235,122.99728678905583
22.95,4.0,0.19056429049418247,0.19056429049418247,0.4220180500967648,122.99486467783966
22.96,4.0,0.190558047320879,0.190558047320879,0.4219752405026879,122.99243692945119
22.97,4.0,0.19055180880211128,0.19055180880211128,0.4219324617959672,122.99000562586839
22.98,4.0,0.19054557709373363,0.19054557709373363,0.4218897318002296,122.98758901412056
22.99,4.0,0.1905393591961832,0.1905393591961832,0.4218470202886023,122.98515873314352
23.0,4.0,0.19053313811109615,0.19053313811109615,0.4218043578899789,122.98273613152008
23.01,4.0,0.19052692231901944,0.19052692231901944,0.4217617218337414,122.98031762118184
23.02,4.0,0.19052071287561126,0.19052071287561126,0.4217191272253077,122.97789253101001
23.03,4.0,0.1905145187999553,0.1905145187999553,0.42167657340118575,122.97547471339969
23.04,4.0,0.19050832083699124,0.19050832083699124,0.42163405802727505,122.97305378938687
23.05,4.0,0.19050213796158558,0.19050213796158558,0.42159158013945264,122.970630785629
23.06,4.0,0.19049596119925813,0.19049596119925813,0.4215491403652751,122.9682221614281
23.07,4.0,0.1904897796057609,0.1904897796057609,0.42150672626027175,122.96579469996486
23.08,4.0,0.19048361378625825,0.19048361378625825,0.42146435879266164,122.96337950893898
23.09,4.0,0.1904774543567477,0.1904774543567477,0.4214220327371495,122.9609678900407
23.1,4.0,0.19047130032461926,0.19047130032461926,0.42137973528329475,122.9585510220859
23.11,4.0,0.19046515009457357,0.19046515009457357,0.4213374573433465,122.95612619564818
23.12,4.0,0.1904590081528362,0.1904590081528362,0.42129524867621204,122.95372017858367
23.13,4.0,0.1904528687064462,0.1904528687064462,0.4212530408530201,122.95129719201022
23.14,4.0,0.19044673661854522,0.19044673661854522,0.42121088833811915,122.94888315757733
23.15,4.0,0.19044061033679568,0.19044061033679568,0.4211687703105914,122.94647184540551
23.16,4.0,0.1904344997465265,0.1904344997465265,0.4211266978093506,122.94405796286357
23.17,4.0,0.19042838457293132,0.19042838457293132,0.42108465460768524,122.941651332231
23.18,4.0,0.19042227417122937,0.19042227417122937,0.4210426448488396,122.93923739786068
23.19,4.0,0.19041618007687966,0.19041618007687966,0.42100067436180993,122.93682462768002
23.2,4.0,0.190410081784461,0.190410081784461,0.4209587393916348,122.93442482251963
23.21,4.0,0.19040399851745782,0.19040399851745782,0.4209168404651003,122.93201318144068
23.22,4.0,0.19039792043475828,0.19039792043475828,0.4208749665073899,122.92959690654794
23.23,4.0,0.19039184839152984,0.19039184839152984,0.42083314348269474,122.92719275538045
23.24,4.0,0.19038577220508737,0.19038577220508737,0.4207913567907934,122.92479045936366
23.25,4.0,0.19037971083701188,0.19037971083701188,0.42074958880964997,122.92238604249746
23.26,4.0,0.19037365536326206,0.19037365536326206,0.4207078703905091,122.91997685204616
23.27,4.0,0.19036760518793927,0.19036760518793927,0.4206661923429181,122.9175677087535
23.28,4.0,0.1903615604800937,0.1903615604800937,0.4206245440417738,122.91516972220144
23.29,4.0,0.19035552138240772,0.19035552138240772,0.4205829268582641,122.9127649264019
23.3,4.0,0.1903494979942992,0.1903494979942992,0.4205413549026738,122.9103622143992
23.31,4.0,0.19034346914358163,0.19034346914358163,0.4204998148718136,122.90796753608703
23.32,4.0,0.19033744657445967,0.19033744657445967,0.4204583011798401,122.90556073959576
23.33,4.0,0.19033143917691323,0.19033143917691323,0.42041682572222755,122.90315581496043
23.34,4.0,0.19032542722743406,0.19032542722743406,0.42037539388864165,122.90076702502927
23.35,4.0,0.19031943066541065,0.19031943066541065,0.4203339896610362,122.89836066210864
23.36,4.0,0.19031342983502664,0.19031342983502664,0.42029263380223736,122.89596547090727
23.37,4.0,0.19030744260649862,0.19030744260649862,0.4202512930915303,122.89356896800626
23.38,4.0,0.19030146296966913,0.19030146296966913,0.4202099981764,122.89116890855352
23.39,4.0,0.19029548826863907,0.19029548826863907,0.42016873922348374,122.88877191356613
23.4,4.0,0.19028950906676262,0.19028950906676262,0.42012752467798214,122.88638406001135
23.41,4.0,0.1902835447074005,0.1902835447074005,0.4200863299912424,122.88399151682715
23.42,4.0,0.19027758469446104,0.19027758469446104,0.42004516286277216,122.88158570198333
23.43,4.0,0.19027163299824396,0.19027163299824396,0.4200040650051297,122.87920828655726
23.44,4.0,0.19026568340128963,0.19026568340128963,0.4199629632545159,122.87680733017113
23.45,4.0,0.19025975081529653,0.19025975081529653,0.41992191173534643,122.87442071213867
23.46,4.0,0.19025381356710053,0.19025381356710053,0.419880902368305,122.87203242425542
23.47,4.0,0.19024788118310723,0.19024788118310723,0.41983992867138287,122.86964111807178
23.48,4.0,0.19024195474004985,0.19024195474004985,0.41979897657255827,122.86725420854205
23.49,4.0,0.19023604316637277,0.19023604316637277,0.41975807225844736,122.86486122660435
23.5,4.0,0.19023012630622102,0.19023012630622102,0.41971718812659004,122.86247342829361
23.51,4.0,0.19022422578827478,0.19022422578827478,0.41967634471090465,122.86008912924923
23.52,4.0,0.19021831968208813,0.19021831968208813,0.41963554466179565,122.85770489211076
23.53,4.0,0.1902124299015814,0.1902124299015814,0.4195947713660999,122.85531572335222
23.54,4.0,0.19020654588777522,0.19020654588777522,0.41955404537476043,122.85293833583472
23.55,4.0,0.19020066519761158,0.19020066519761158,0.41951333308211003,122.85054758867008
23.56,4.0,0.190194790415469,0.190194790415469,0.4194726563865881,122.84816454710288
23.57,4.0,0.19018891211465616,0.19018891211465616,0.4194320382908173,122.8457876880051
23.58,4.0,0.19018304649497508,0.19018304649497508,0.4193914236773599,122.84340474438878
23.59,4.0,0.19017718861774716,0.19017718861774716,0.4193508702596458,122.84102122725872
23.6,4.0,0.19017134408601952,0.19017134408601952,0.4193103298398251,122.83864738842041
23.61,4.0,0.190165495995287,0.190165495995287,0.4192698337287437,122.83626089781389
23.62,4.0,0.19015965236556473,0.19015965236556473,0.41922936631761093,122.83388539898776
23.63,4.0,0.19015381436109355,0.19015381436109355,0.4191889311727494,122.83151126820505
23.64,4.0,0.19014799262884377,0.19014799262884377,0.41914854959598963,122.82912961572116
23.65,4.0,0.19014216426843916,0.19014216426843916,0.4191081835306955,122.82675693466975
23.66,4.0,0.19013634177614097,0.19013634177614097,0.419067851915628,122.82437871926528
23.67,4.0,0.19013053408448866,0.19013053408448866,0.4190275541589796,122.82200189786965
23.68,4.0,0.19012472218987075,0.19012472218987075,0.4189872915567967,122.81963072496966
23.69,4.0,0.19011892540896944,0.19011892540896944,0.4189470804027884,122.81725846312108
23.7,4.0,0.19011313320815776,0.19011313320815776,0.41890687221351225,122.8148803460757
23.71,4.0,0.19010734714490848,0.19010734714490848,0.41886673118087636,122.8125158529111
23.72,4.0,0.19010156514301424,0.19010156514301424,0.4188266001147958,122.81014426619653
23.73,4.0,0.19009577939231717,0.19009577939231717,0.418786510085725,122.80777181183122
23.74,4.0,0.19009000751175642,0.19009000751175642,0.4187464550642033,122.80540540233112
23.75,4.0,0.19008424182794662,0.19008424182794662,0.41870643926735296,122.80303662118796
23.76,4.0,0.19007848101976427,0.19007848101976427,0.4186664451102798,122.80066675595941
23.77,4.0,0.1900727341584813,0.1900727341584813,0.41862647202428577,122.79829996160291
23.78,4.0,0.19006698392178384,0.19006698392178384,0.41858655976178116,122.79593159654361
23.79,4.0,0.19006123748135145,0.19006123748135145,0.41854666813046526,122.79356527916791
23.8,4.0,0.19005549746569528,0.19005549746569528,0.4185068190256936,122.79120762027772
23.81,4.0,0.19004977183673585,0.19004977183673585,0.418466997959614,122.7888423250541
23.82,4.0,0.1900440423715573,0.1900440423715573,0.41842721675415007,122.78648014808934
23.83,4.0,0.19003832590884015,0.19003832590884015,0.41838744380595605,122.78411399185319
23.84,4.0,0.19003260517332687,0.19003260517332687,0.4183477188969641,122.78175567313906
23.85,4.0,0.19002689930726374,0.19002689930726374,0.4183080289584557,122.77939067147743
23.86,4.0,0.19002118927117442,0.19002118927117442,0.4182683741392957,122.77703253095896
23.87,4.0,0.1900154943596789,0.1900154943596789,0.4182287579533257,122.77467079945619
23.88,4.0,0.19000980437901507,0.19000980437901507,0.41818917740000194,122.77231878612652
23.89,4.0,0.19000411870747164,0.19000411870747164,0.41814961047645516,122.76996047740829
23.9,4.0,0.18999843804107872,0.18999843804107872,0.4181100802644204,122.76759730327025
23.91,4.0,0.18999276198593462,0.18999276198593462,0.4180705824223763,122.76524045642479
23.92,4.0,0.18998709275581482,0.18998709275581482,0.4180311329275613,122.7628935270055
23.93,4.0,0.18998142743741891,0.18998142743741891,0.4179917051727404,122.7605291128774
23.94,4.0,0.18997576672883074,0.18997576672883074,0.41795230978800973,122.75817473094077
23.95,4.0,0.1899701118411612,0.1899701118411612,0.41791296282072193,122.75583244812695
23.96,4.0,0.18996446133696765,0.18996446133696765,0.4178736305948888,122.75347730838313
23.97,4.0,0.1899588260139031,0.1899588260139031,0.41783433660274905,122.75111921655228
23.98,4.0,0.18995318455644844,0.18995318455644844,0.41779506541582623,122.74877267670072
23.99,4.0,0.1899475593514004,0.1899475593514004,0.4177558477983913,122.74642240249086
24.0,4.0,0.18994192865666223,0.18994192865666223,0.4177166478137528,122.74408418207446
24.01,4.0,0.1899363032171149,0.1899363032171149,0.417677488203688,122.74173092771568
24.02,4.0,0.18993069170909077,0.18993069170909077,0.417638349632965,122.73937532679382
24.03,4.0,0.18992508645147138,0.18992508645147138,0.41759925254972924,122.73703430590683
24.04,4.0,0.18991948470185324,0.18991948470185324,0.4175601852843327,122.73468651658182
24.05,4.0,0.18991387781469604,0.18991387781469604,0.4175211407216314,122.73233937231844
24.06,4.0,0.1899082884894459,0.1899082884894459,0.4174821541043591,122.72999197253962
24.07,4.0,0.1899027013844318,0.1899027013844318,0.4174431801788708,122.7276572789748
24.08,4.0,0.18989711945858184,0.18989711945858184,0.41740423118975173,122.72530775193127
24.09,4.0,0.189891544298918,0.189891544298918,0.4173653448786197,122.72297449532199
24.1,4.0,0.1898859711327141,0.1898859711327141,0.417326453630668,122.72062926596625
24.11,4.0,0.18988040360259145,0.18988040360259145,0.4172876082822271,122.71828371637487
24.12,4.0,0.18987484297948531,0.18987484297948531,0.41724881387176715,122.71594323839508
24.13,4.0,0.18986929617079845,0.18986929617079845,0.41721003827508213,122.7136088045133
24.14,4.0,0.18986374428817232,0.18986374428817232,0.41717130012752174,122.71127343181692
24.15,4.0,0.18985819562222278,0.18985819562222278,0.41713257456925307,122.70893210212873
24.16,4.0,0.18985266387265567,0.18985266387265567,0.41709389780224754,122.70659983110636
24.17,4.0,0.1898471259674938,0.1898471259674938,0.417055257443127,122.70426621509118
24.18,4.0,0.18984160271376302,0.18984160271376302,0.4170166347551899,122.70192886792609
24.19,4.0,0.189836073862563,0.189836073862563,0.41697804143774475,122.69958787207206
24.2,4.0,0.1898305593018655,0.1898305593018655,0.4169394750488392,122.69725439485904
24.21,4.0,0.18982505203746816,0.18982505203746816,0.4169009639725723,122.69493080748673
24.22,4.0,0.18981954815700167,0.18981954815700167,0.4168624817043855,122.69259969928156
24.23,4.0,0.1898140383852838,0.1898140383852838,0.4168240114798732,122.69025880806421
24.24,4.0,0.1898085446032752,0.1898085446032752,0.4167855912611148,122.6879324074672
24.25,4.0,0.1898030548152874,0.1898030548152874,0.41674719419057454,122.68560385334095
24.26,4.0,0.18979756926769825,0.18979756926769825,0.4167088244214306,122.68327909671781
24.27,4.0,0.18979209021766602,0.18979209021766602,0.41667049858771993,122.68094735139103
24.28,4.0,0.18978661487561743,0.18978661487561743,0.4166322062384105,122.67863029226584
24.29,4.0,0.1897811427539358,0.1897811427539358,0.41659391221711844,122.6762929469302
24.3,4.0,0.18977568768663478,0.18977568768663478,0.4165556834722116,122.67396883372135
24.31,4.0,0.18977022648762368,0.18977022648762368,0.4165174771696032,122.67164676483176
24.32,4.0,0.18976476988082264,0.18976476988082264,0.41647930323831633,122.66932447737162
24.33,4.0,0.18975932872049742,0.18975932872049742,0.4164411572059849,122.66700068081215
24.34,4.0,0.18975388139627336,0.18975388139627336,0.4164030475821198,122.66467927349272
24.35,4.0,0.18974843925609172,0.18974843925609172,0.4163649644067033,122.66235610902268
24.36,4.0,0.18974301055823262,0.18974301055823262,0.4163269093032,122.66003431349195
24.37,4.0,0.18973757854692527,0.18973757854692527,0.416288888175085,122.65771544921836
24.38,4.0,0.1897321604186386,0.1897321604186386,0.4162509020536177,122.65539048461439
24.39,4.0,0.18972674680401203,0.18972674680401203,0.4162129472249026,122.65307872511046
24.4,4.0,0.18972133686228884,0.18972133686228884,0.4161750104395187,122.65075782342116
24.41,4.0,0.18971592283042385,0.18971592283042385,0.4161371253611116,122.64843918700743
24.42,4.0,0.18971052326309734,0.18971052326309734,0.41609925543610043,122.64612910546978
24.43,4.0,0.18970512834341116,0.18970512834341116,0.4160614175158037,122.64381394302752
24.44,4.0,0.1896997369708793,0.1896997369708793,0.4160236108902164,122.64149353313599
24.45,4.0,0.1896943522770548,0.1896943522770548,0.4159858515380254,122.63918281785702
24.46,4.0,0.18968897022356893,0.18968897022356893,0.41594809673299865,122.6368692824254
24.47,4.0,0.18968359460594064,0.18968359460594064,0.41591039953453407,122.63456534402376
24.48,4.0,0.18967823233262504,0.18967823233262504,0.4158727153012306,122.63225161659865
24.49,4.0,0.18967286444349532,0.18967286444349532,0.4158350616222073,122.62994174864428
24.5,4.0,0.1896675022215817,0.1896675022215817,0.4157974401737062,122.62762934863291
24.51,4.0,0.18966215477281154,0.18966215477281154,0.4157598665494603,122.62532598172044
24.52,4.0,0.1896568002106551,0.1896568002106551,0.4157223014722452,122.62302026539459
24.53,4.0,0.1896514506462596,0.1896514506462596,0.41568476029283474,122.62070650304376
24.54,4.0,0.18964611692143418,0.18964611692143418,0.41564726719302447,122.61840073333609
24.55,4.0,0.18964078720264427,0.18964078720264427,0.41560981202428215,122.61610166488028
24.56,4.0,0.18963545170032306,0.18963545170032306,0.41557237004137343,122.61379504107092
24.57,4.0,0.18963013148608898,0.18963013148608898,0.41553496888116226,122.61148880937198
24.58,4.0,0.18962481470260018,0.18962481470260018,0.41549758364590544,122.60918263014253
24.59,4.0,0.18961949352667598,0.18961949352667598,0.4154602453085238,122.60688544382286
24.6,4.0,0.1896141868211949,0.1896141868211949,0.4154229361208548,122.60458232402776
24.61,4.0,0.18960888383884456,0.18960888383884456,0.41538564645261256,122.60228187423557
24.62,4.0,0.18960358543335107,0.18960358543335107,0.4153483891239525,122.59998269777485
24.63,4.0,0.18959829199704284,0.18959829199704284,0.41531116854213135,122.59768265947577
24.64,4.0,0.1895930019532244,0.1895930019532244,0.41527396277106393,122.59538703946541
24.65,4.0,0.1895877181695605,0.1895877181695605,0.4152367984211741,122.59308780877257
24.66,4.0,0.18958243856527393,0.18958243856527393,0.41519967455390117,122.59079748965691
24.67,4.0,0.18957717225689916,0.18957717225689916,0.4151625636879888,122.58849683000669
24.68,4.0,0.1895719002484117,0.1895719002484117,0.415125481082868,122.58620159915549
24.69,4.0,0.1895666352413705,0.1895666352413705,0.415088450526,122.58390541855844
24.7,4.0,0.1895613823899508,0.1895613823899508,0.4150514304865609,122.58161822610164
24.71,4.0,0.18955612428439425,0.18955612428439425,0.4150144457079053,122.57932356366071
24.72,4.0,0.1895508819755304,0.1895508819755304,0.41497749471801854,122.57703558521754
24.73,4.0,0.18954563272504987,0.18954563272504987,0.4149405698747981,122.57474187943018
24.74,4.0,0.18954039841583714,0.18954039841583714,0.41490366600031003,122.5724570628872
24.75,4.0,0.18953515907378077,0.18953515907378077,0.41486681498278183,122.57016666809123
24.76,4.0,0.18952993255781936,0.18952993255781936,0.4148299697039997,122.5678763813919
24.77,4.0,0.18952471214115948,0.18952471214115948,0.4147931636238902,122.56558855715654
24.78,4.0,0.18951949541376173,0.18951949541376173,0.41475639109511797,122.56330474867022
24.79,4.0,0.1895142734933187,0.1895142734933187,0.41471964094300895,122.56101858016562
24.8,4.0,0.18950906509176144,0.18950906509176144,0.41468292027143666,122.55872957582451
24.81,4.0,0.1895038628447708,0.1895038628447708,0.41464623961444885,122.55645070058631
24.82,4.0,0.1894986631558421,0.1894986631558421,0.41460957635741713,122.55416599796334
24.83,4.0,0.18949346871654538,0.18949346871654538,0.41457295459222626,122.551883966821
24.84,4.0,0.18948827930334752,0.18948827930334752,0.41453635672285893,122.5495999475965
24.85,4.0,0.18948310254902695,0.18948310254902695,0.4144997766640073,122.54732485367776
24.86,4.0,0.18947792023878393,0.18947792023878393,0.41446322823931137,122.54503761056675
24.87,4.0,0.1894727439869969,0.1894727439869969,0.4144267178992648,122.54276460843774
24.88,4.0,0.18946757101078093,0.18946757101078093,0.4143902352579989,122.54048491084515
24.89,4.0,0.1894624124097113,0.1894624124097113,0.4143537805906035,122.53820298448498
24.9,4.0,0.18945724831519656,0.18945724831519656,0.41431735788291046,122.53593502976027
24.91,4.0,0.18945209882811356,0.18945209882811356,0.4142809664834757,122.53365009690236
24.92,4.0,0.18944694328199982,0.18944694328199982,0.41424459896805077,122.53137758612593
24.93,4.0,0.18944180226472757,0.18944180226472757,0.4142082616495036,122.5291015530493
24.94,4.0,0.18943665586670283,0.18943665586670283,0.41417195851653266,122.52683660010162
24.95,4.0,0.18943152339754166,0.18943152339754166,0.4141356764230894,122.52456391324192
24.96,4.0,0.1894263960946115,0.1894263960946115,0.414099434710441,122.52228870603257
24.97,4.0,0.18942126214509716,0.18942126214509716,0.41406320851054484,122.52002114491611
24.98,4.0,0.18941614182828082,0.18941614182828082,0.41402699972315316,122.51774443807408
24.99,4.0,0.18941102756488012,0.18941102756488012,0.4139908584282014,122.5154803810811
